2026-05-25 14:09:08,116 - mmdet - INFO - initialize ResNet with init_cfg {'type': 'Pretrained', 'checkpoint': '/workspace/end2end_AD_DriveTransformer/DriveTransformer/ckpts/resnet50-19c8e357.pth'}
2026-05-25 14:09:08,560 - mmdet - INFO - initialize FPN with init_cfg {'type': 'Xavier', 'layer': 'Conv2d', 'distribution': 'uniform'}
Name of parameter - Initialization information

pts_bbox_head.code_weights - torch.Size([10]): 
The value is the same before and after calling `init_weights` of DriveTransformer  

pts_bbox_head.map_code_weights - torch.Size([4]): 
The value is the same before and after calling `init_weights` of DriveTransformer  

pts_bbox_head.position_range - torch.Size([6]): 
The value is the same before and after calling `init_weights` of DriveTransformer  

pts_bbox_head.pc_range - torch.Size([6]): 
The value is the same before and after calling `init_weights` of DriveTransformer  

pts_bbox_head.agent_query.weight - torch.Size([900, 640]): 
Initialized by user-defined `init_weights` in DriveTransformerlHead  

pts_bbox_head.agent_reference_points.weight - torch.Size([900, 3]): 
Initialized by user-defined `init_weights` in DriveTransformerlHead  

pts_bbox_head.agent_cls_embedding.0.weight - torch.Size([640, 9]): 
Initialized by user-defined `init_weights` in DriveTransformerlHead  

pts_bbox_head.agent_cls_embedding.0.bias - torch.Size([640]): 
Initialized by user-defined `init_weights` in DriveTransformerlHead  

pts_bbox_head.agent_cls_embedding.2.weight - torch.Size([640, 640]): 
Initialized by user-defined `init_weights` in DriveTransformerlHead  

pts_bbox_head.agent_cls_embedding.2.bias - torch.Size([640]): 
Initialized by user-defined `init_weights` in DriveTransformerlHead  

pts_bbox_head.agent_cls_embedding.4.weight - torch.Size([640, 640]): 
Initialized by user-defined `init_weights` in DriveTransformerlHead  

pts_bbox_head.agent_cls_embedding.4.bias - torch.Size([640]): 
Initialized by user-defined `init_weights` in DriveTransformerlHead  

pts_bbox_head.agent_ref_embedding.0.weight - torch.Size([640, 960]): 
Initialized by user-defined `init_weights` in DriveTransformerlHead  

pts_bbox_head.agent_ref_embedding.0.bias - torch.Size([640]): 
Initialized by user-defined `init_weights` in DriveTransformerlHead  

pts_bbox_head.agent_ref_embedding.2.weight - torch.Size([640, 640]): 
Initialized by user-defined `init_weights` in DriveTransformerlHead  

pts_bbox_head.agent_ref_embedding.2.bias - torch.Size([640]): 
Initialized by user-defined `init_weights` in DriveTransformerlHead  

pts_bbox_head.agent_ref_embedding.4.weight - torch.Size([640, 640]): 
Initialized by user-defined `init_weights` in DriveTransformerlHead  

pts_bbox_head.agent_ref_embedding.4.bias - torch.Size([640]): 
Initialized by user-defined `init_weights` in DriveTransformerlHead  

pts_bbox_head.mode_embedding.weight - torch.Size([6, 640]): 
The value is the same before and after calling `init_weights` of DriveTransformer  

pts_bbox_head.map_query.weight - torch.Size([100, 640]): 
Initialized by user-defined `init_weights` in DriveTransformerlHead  

pts_bbox_head.map_reference_points.weight - torch.Size([100, 2]): 
Initialized by user-defined `init_weights` in DriveTransformerlHead  

pts_bbox_head.map_cls_embedding.0.weight - torch.Size([640, 6]): 
Initialized by user-defined `init_weights` in DriveTransformerlHead  

pts_bbox_head.map_cls_embedding.0.bias - torch.Size([640]): 
Initialized by user-defined `init_weights` in DriveTransformerlHead  

pts_bbox_head.map_cls_embedding.2.weight - torch.Size([640, 640]): 
Initialized by user-defined `init_weights` in DriveTransformerlHead  

pts_bbox_head.map_cls_embedding.2.bias - torch.Size([640]): 
Initialized by user-defined `init_weights` in DriveTransformerlHead  

pts_bbox_head.map_cls_embedding.4.weight - torch.Size([640, 640]): 
Initialized by user-defined `init_weights` in DriveTransformerlHead  

pts_bbox_head.map_cls_embedding.4.bias - torch.Size([640]): 
Initialized by user-defined `init_weights` in DriveTransformerlHead  

pts_bbox_head.map_ref_embedding.0.weight - torch.Size([640, 640]): 
Initialized by user-defined `init_weights` in DriveTransformerlHead  

pts_bbox_head.map_ref_embedding.0.bias - torch.Size([640]): 
Initialized by user-defined `init_weights` in DriveTransformerlHead  

pts_bbox_head.map_ref_embedding.2.weight - torch.Size([640, 640]): 
Initialized by user-defined `init_weights` in DriveTransformerlHead  

pts_bbox_head.map_ref_embedding.2.bias - torch.Size([640]): 
Initialized by user-defined `init_weights` in DriveTransformerlHead  

pts_bbox_head.map_ref_embedding.4.weight - torch.Size([640, 640]): 
Initialized by user-defined `init_weights` in DriveTransformerlHead  

pts_bbox_head.map_ref_embedding.4.bias - torch.Size([640]): 
Initialized by user-defined `init_weights` in DriveTransformerlHead  

pts_bbox_head.ego_lcf_encoder.0.weight - torch.Size([640, 153]): 
Initialized by user-defined `init_weights` in DriveTransformerlHead  

pts_bbox_head.ego_lcf_encoder.0.bias - torch.Size([640]): 
Initialized by user-defined `init_weights` in DriveTransformerlHead  

pts_bbox_head.ego_lcf_encoder.2.weight - torch.Size([640, 640]): 
Initialized by user-defined `init_weights` in DriveTransformerlHead  

pts_bbox_head.ego_lcf_encoder.2.bias - torch.Size([640]): 
Initialized by user-defined `init_weights` in DriveTransformerlHead  

pts_bbox_head.ego_lcf_encoder.4.weight - torch.Size([640, 640]): 
Initialized by user-defined `init_weights` in DriveTransformerlHead  

pts_bbox_head.ego_lcf_encoder.4.bias - torch.Size([640]): 
Initialized by user-defined `init_weights` in DriveTransformerlHead  

pts_bbox_head.ego_traj_ref_fix_time_embedding.0.weight - torch.Size([640, 1920]): 
The value is the same before and after calling `init_weights` of DriveTransformer  

pts_bbox_head.ego_traj_ref_fix_time_embedding.0.bias - torch.Size([640]): 
The value is the same before and after calling `init_weights` of DriveTransformer  

pts_bbox_head.ego_traj_ref_fix_time_embedding.2.weight - torch.Size([640, 640]): 
The value is the same before and after calling `init_weights` of DriveTransformer  

pts_bbox_head.ego_traj_ref_fix_time_embedding.2.bias - torch.Size([640]): 
The value is the same before and after calling `init_weights` of DriveTransformer  

pts_bbox_head.ego_traj_ref_fix_time_embedding.4.weight - torch.Size([640, 640]): 
The value is the same before and after calling `init_weights` of DriveTransformer  

pts_bbox_head.ego_traj_ref_fix_time_embedding.4.bias - torch.Size([640]): 
The value is the same before and after calling `init_weights` of DriveTransformer  

pts_bbox_head.ego_traj_ref_fix_dist_embedding.0.weight - torch.Size([640, 640]): 
The value is the same before and after calling `init_weights` of DriveTransformer  

pts_bbox_head.ego_traj_ref_fix_dist_embedding.0.bias - torch.Size([640]): 
The value is the same before and after calling `init_weights` of DriveTransformer  

pts_bbox_head.ego_traj_ref_fix_dist_embedding.2.weight - torch.Size([640, 640]): 
The value is the same before and after calling `init_weights` of DriveTransformer  

pts_bbox_head.ego_traj_ref_fix_dist_embedding.2.bias - torch.Size([640]): 
The value is the same before and after calling `init_weights` of DriveTransformer  

pts_bbox_head.ego_traj_ref_fix_dist_embedding.4.weight - torch.Size([640, 640]): 
The value is the same before and after calling `init_weights` of DriveTransformer  

pts_bbox_head.ego_traj_ref_fix_dist_embedding.4.bias - torch.Size([640]): 
The value is the same before and after calling `init_weights` of DriveTransformer  

pts_bbox_head.featurized_pe.reduce.0.weight - torch.Size([640, 640]): 
Initialized by user-defined `init_weights` in DriveTransformerlHead  

pts_bbox_head.featurized_pe.reduce.0.bias - torch.Size([640]): 
Initialized by user-defined `init_weights` in DriveTransformerlHead  

pts_bbox_head.featurized_pe.gamma.weight - torch.Size([640, 640]): 
Initialized by user-defined `init_weights` in DriveTransformerlHead  

pts_bbox_head.featurized_pe.gamma.bias - torch.Size([640]): 
Initialized by user-defined `init_weights` in DriveTransformerlHead  

pts_bbox_head.featurized_pe.beta.weight - torch.Size([640, 640]): 
Initialized by user-defined `init_weights` in DriveTransformerlHead  

pts_bbox_head.featurized_pe.beta.bias - torch.Size([640]): 
The value is the same before and after calling `init_weights` of DriveTransformer  

pts_bbox_head.spatial_alignment.reduce.0.weight - torch.Size([640, 8]): 
Initialized by user-defined `init_weights` in DriveTransformerlHead  

pts_bbox_head.spatial_alignment.reduce.0.bias - torch.Size([640]): 
Initialized by user-defined `init_weights` in DriveTransformerlHead  

pts_bbox_head.spatial_alignment.gamma.weight - torch.Size([640, 640]): 
Initialized by user-defined `init_weights` in DriveTransformerlHead  

pts_bbox_head.spatial_alignment.gamma.bias - torch.Size([640]): 
Initialized by user-defined `init_weights` in DriveTransformerlHead  

pts_bbox_head.spatial_alignment.beta.weight - torch.Size([640, 640]): 
Initialized by user-defined `init_weights` in DriveTransformerlHead  

pts_bbox_head.spatial_alignment.beta.bias - torch.Size([640]): 
The value is the same before and after calling `init_weights` of DriveTransformer  

pts_bbox_head.time_embedding.0.weight - torch.Size([640, 640]): 
Initialized by user-defined `init_weights` in DriveTransformerlHead  

pts_bbox_head.time_embedding.0.bias - torch.Size([640]): 
Initialized by user-defined `init_weights` in DriveTransformerlHead  

pts_bbox_head.time_embedding.2.weight - torch.Size([640, 640]): 
Initialized by user-defined `init_weights` in DriveTransformerlHead  

pts_bbox_head.time_embedding.2.bias - torch.Size([640]): 
Initialized by user-defined `init_weights` in DriveTransformerlHead  

pts_bbox_head.time_embedding.4.weight - torch.Size([640, 640]): 
Initialized by user-defined `init_weights` in DriveTransformerlHead  

pts_bbox_head.time_embedding.4.bias - torch.Size([640]): 
Initialized by user-defined `init_weights` in DriveTransformerlHead  

pts_bbox_head.img_position_encoder.0.weight - torch.Size([640, 192]): 
Initialized by user-defined `init_weights` in DriveTransformerlHead  

pts_bbox_head.img_position_encoder.0.bias - torch.Size([640]): 
Initialized by user-defined `init_weights` in DriveTransformerlHead  

pts_bbox_head.img_position_encoder.2.weight - torch.Size([640, 640]): 
Initialized by user-defined `init_weights` in DriveTransformerlHead  

pts_bbox_head.img_position_encoder.2.bias - torch.Size([640]): 
Initialized by user-defined `init_weights` in DriveTransformerlHead  

pts_bbox_head.img_position_encoder.4.weight - torch.Size([640, 640]): 
Initialized by user-defined `init_weights` in DriveTransformerlHead  

pts_bbox_head.img_position_encoder.4.bias - torch.Size([640]): 
Initialized by user-defined `init_weights` in DriveTransformerlHead  

pts_bbox_head.ego_pose_pe.reduce.0.weight - torch.Size([640, 180]): 
Initialized by user-defined `init_weights` in DriveTransformerlHead  

pts_bbox_head.ego_pose_pe.reduce.0.bias - torch.Size([640]): 
Initialized by user-defined `init_weights` in DriveTransformerlHead  

pts_bbox_head.ego_pose_pe.gamma.weight - torch.Size([640, 640]): 
Initialized by user-defined `init_weights` in DriveTransformerlHead  

pts_bbox_head.ego_pose_pe.gamma.bias - torch.Size([640]): 
Initialized by user-defined `init_weights` in DriveTransformerlHead  

pts_bbox_head.ego_pose_pe.beta.weight - torch.Size([640, 640]): 
Initialized by user-defined `init_weights` in DriveTransformerlHead  

pts_bbox_head.ego_pose_pe.beta.bias - torch.Size([640]): 
The value is the same before and after calling `init_weights` of DriveTransformer  

pts_bbox_head.ego_pose_memory.reduce.0.weight - torch.Size([640, 180]): 
Initialized by user-defined `init_weights` in DriveTransformerlHead  

pts_bbox_head.ego_pose_memory.reduce.0.bias - torch.Size([640]): 
Initialized by user-defined `init_weights` in DriveTransformerlHead  

pts_bbox_head.ego_pose_memory.gamma.weight - torch.Size([640, 640]): 
Initialized by user-defined `init_weights` in DriveTransformerlHead  

pts_bbox_head.ego_pose_memory.gamma.bias - torch.Size([640]): 
Initialized by user-defined `init_weights` in DriveTransformerlHead  

pts_bbox_head.ego_pose_memory.beta.weight - torch.Size([640, 640]): 
Initialized by user-defined `init_weights` in DriveTransformerlHead  

pts_bbox_head.ego_pose_memory.beta.bias - torch.Size([640]): 
The value is the same before and after calling `init_weights` of DriveTransformer  

pts_bbox_head.agent_prep_decoder.layers.0.attentions.0.w_q.0.weight - torch.Size([640]): 
The value is the same before and after calling `init_weights` of DriveTransformer  

pts_bbox_head.agent_prep_decoder.layers.0.attentions.0.w_q.0.bias - torch.Size([640]): 
The value is the same before and after calling `init_weights` of DriveTransformer  

pts_bbox_head.agent_prep_decoder.layers.0.attentions.0.w_q.1.weight - torch.Size([640, 640]): 
The value is the same before and after calling `init_weights` of DriveTransformer  

pts_bbox_head.agent_prep_decoder.layers.0.attentions.0.w_q.1.bias - torch.Size([640]): 
The value is the same before and after calling `init_weights` of DriveTransformer  

pts_bbox_head.agent_prep_decoder.layers.0.attentions.0.w_k.0.weight - torch.Size([640]): 
The value is the same before and after calling `init_weights` of DriveTransformer  

pts_bbox_head.agent_prep_decoder.layers.0.attentions.0.w_k.0.bias - torch.Size([640]): 
The value is the same before and after calling `init_weights` of DriveTransformer  

pts_bbox_head.agent_prep_decoder.layers.0.attentions.0.w_k.1.weight - torch.Size([640, 640]): 
The value is the same before and after calling `init_weights` of DriveTransformer  

pts_bbox_head.agent_prep_decoder.layers.0.attentions.0.w_k.1.bias - torch.Size([640]): 
The value is the same before and after calling `init_weights` of DriveTransformer  

pts_bbox_head.agent_prep_decoder.layers.0.attentions.0.w_v.0.weight - torch.Size([640]): 
The value is the same before and after calling `init_weights` of DriveTransformer  

pts_bbox_head.agent_prep_decoder.layers.0.attentions.0.w_v.0.bias - torch.Size([640]): 
The value is the same before and after calling `init_weights` of DriveTransformer  

pts_bbox_head.agent_prep_decoder.layers.0.attentions.0.w_v.1.weight - torch.Size([640, 640]): 
The value is the same before and after calling `init_weights` of DriveTransformer  

pts_bbox_head.agent_prep_decoder.layers.0.attentions.0.w_v.1.bias - torch.Size([640]): 
The value is the same before and after calling `init_weights` of DriveTransformer  

pts_bbox_head.agent_prep_decoder.layers.0.attentions.0.proj.weight - torch.Size([640, 640]): 
The value is the same before and after calling `init_weights` of DriveTransformer  

pts_bbox_head.agent_prep_decoder.layers.0.attentions.0.proj.bias - torch.Size([640]): 
The value is the same before and after calling `init_weights` of DriveTransformer  

pts_bbox_head.agent_prep_decoder.layers.0.attentions.0.postnorm.weight - torch.Size([640]): 
The value is the same before and after calling `init_weights` of DriveTransformer  

pts_bbox_head.agent_prep_decoder.layers.0.attentions.0.postnorm.bias - torch.Size([640]): 
The value is the same before and after calling `init_weights` of DriveTransformer  

pts_bbox_head.agent_prep_decoder.layers.0.attentions.1.w_q.0.weight - torch.Size([640]): 
The value is the same before and after calling `init_weights` of DriveTransformer  

pts_bbox_head.agent_prep_decoder.layers.0.attentions.1.w_q.0.bias - torch.Size([640]): 
The value is the same before and after calling `init_weights` of DriveTransformer  

pts_bbox_head.agent_prep_decoder.layers.0.attentions.1.w_q.1.weight - torch.Size([640, 640]): 
The value is the same before and after calling `init_weights` of DriveTransformer  

pts_bbox_head.agent_prep_decoder.layers.0.attentions.1.w_q.1.bias - torch.Size([640]): 
The value is the same before and after calling `init_weights` of DriveTransformer  

pts_bbox_head.agent_prep_decoder.layers.0.attentions.1.w_k.0.weight - torch.Size([640]): 
The value is the same before and after calling `init_weights` of DriveTransformer  

pts_bbox_head.agent_prep_decoder.layers.0.attentions.1.w_k.0.bias - torch.Size([640]): 
The value is the same before and after calling `init_weights` of DriveTransformer  

pts_bbox_head.agent_prep_decoder.layers.0.attentions.1.w_k.1.weight - torch.Size([640, 640]): 
The value is the same before and after calling `init_weights` of DriveTransformer  

pts_bbox_head.agent_prep_decoder.layers.0.attentions.1.w_k.1.bias - torch.Size([640]): 
The value is the same before and after calling `init_weights` of DriveTransformer  

pts_bbox_head.agent_prep_decoder.layers.0.attentions.1.w_v.0.weight - torch.Size([640]): 
The value is the same before and after calling `init_weights` of DriveTransformer  

pts_bbox_head.agent_prep_decoder.layers.0.attentions.1.w_v.0.bias - torch.Size([640]): 
The value is the same before and after calling `init_weights` of DriveTransformer  

pts_bbox_head.agent_prep_decoder.layers.0.attentions.1.w_v.1.weight - torch.Size([640, 640]): 
The value is the same before and after calling `init_weights` of DriveTransformer  

pts_bbox_head.agent_prep_decoder.layers.0.attentions.1.w_v.1.bias - torch.Size([640]): 
The value is the same before and after calling `init_weights` of DriveTransformer  

pts_bbox_head.agent_prep_decoder.layers.0.attentions.1.proj.weight - torch.Size([640, 640]): 
The value is the same before and after calling `init_weights` of DriveTransformer  

pts_bbox_head.agent_prep_decoder.layers.0.attentions.1.proj.bias - torch.Size([640]): 
The value is the same before and after calling `init_weights` of DriveTransformer  

pts_bbox_head.agent_prep_decoder.layers.0.attentions.1.postnorm.weight - torch.Size([640]): 
The value is the same before and after calling `init_weights` of DriveTransformer  

pts_bbox_head.agent_prep_decoder.layers.0.attentions.1.postnorm.bias - torch.Size([640]): 
The value is the same before and after calling `init_weights` of DriveTransformer  

pts_bbox_head.agent_prep_decoder.layers.0.ffns.0.swiglu.w12.weight - torch.Size([3424, 640]): 
The value is the same before and after calling `init_weights` of DriveTransformer  

pts_bbox_head.agent_prep_decoder.layers.0.ffns.0.swiglu.w12.bias - torch.Size([3424]): 
The value is the same before and after calling `init_weights` of DriveTransformer  

pts_bbox_head.agent_prep_decoder.layers.0.ffns.0.swiglu.w3.weight - torch.Size([640, 1712]): 
The value is the same before and after calling `init_weights` of DriveTransformer  

pts_bbox_head.agent_prep_decoder.layers.0.ffns.0.swiglu.w3.bias - torch.Size([640]): 
The value is the same before and after calling `init_weights` of DriveTransformer  

pts_bbox_head.agent_prep_decoder.layers.0.ffns.0.prenorm.weight - torch.Size([640]): 
The value is the same before and after calling `init_weights` of DriveTransformer  

pts_bbox_head.agent_prep_decoder.layers.0.ffns.0.prenorm.bias - torch.Size([640]): 
The value is the same before and after calling `init_weights` of DriveTransformer  

pts_bbox_head.agent_prep_decoder.layers.0.ffns.0.postnorm.weight - torch.Size([640]): 
The value is the same before and after calling `init_weights` of DriveTransformer  

pts_bbox_head.agent_prep_decoder.layers.0.ffns.0.postnorm.bias - torch.Size([640]): 
The value is the same before and after calling `init_weights` of DriveTransformer  

pts_bbox_head.map_prep_decoder.layers.0.attentions.0.w_q.0.weight - torch.Size([640]): 
The value is the same before and after calling `init_weights` of DriveTransformer  

pts_bbox_head.map_prep_decoder.layers.0.attentions.0.w_q.0.bias - torch.Size([640]): 
The value is the same before and after calling `init_weights` of DriveTransformer  

pts_bbox_head.map_prep_decoder.layers.0.attentions.0.w_q.1.weight - torch.Size([640, 640]): 
The value is the same before and after calling `init_weights` of DriveTransformer  

pts_bbox_head.map_prep_decoder.layers.0.attentions.0.w_q.1.bias - torch.Size([640]): 
The value is the same before and after calling `init_weights` of DriveTransformer  

pts_bbox_head.map_prep_decoder.layers.0.attentions.0.w_k.0.weight - torch.Size([640]): 
The value is the same before and after calling `init_weights` of DriveTransformer  

pts_bbox_head.map_prep_decoder.layers.0.attentions.0.w_k.0.bias - torch.Size([640]): 
The value is the same before and after calling `init_weights` of DriveTransformer  

pts_bbox_head.map_prep_decoder.layers.0.attentions.0.w_k.1.weight - torch.Size([640, 640]): 
The value is the same before and after calling `init_weights` of DriveTransformer  

pts_bbox_head.map_prep_decoder.layers.0.attentions.0.w_k.1.bias - torch.Size([640]): 
The value is the same before and after calling `init_weights` of DriveTransformer  

pts_bbox_head.map_prep_decoder.layers.0.attentions.0.w_v.0.weight - torch.Size([640]): 
The value is the same before and after calling `init_weights` of DriveTransformer  

pts_bbox_head.map_prep_decoder.layers.0.attentions.0.w_v.0.bias - torch.Size([640]): 
The value is the same before and after calling `init_weights` of DriveTransformer  

pts_bbox_head.map_prep_decoder.layers.0.attentions.0.w_v.1.weight - torch.Size([640, 640]): 
The value is the same before and after calling `init_weights` of DriveTransformer  

pts_bbox_head.map_prep_decoder.layers.0.attentions.0.w_v.1.bias - torch.Size([640]): 
The value is the same before and after calling `init_weights` of DriveTransformer  

pts_bbox_head.map_prep_decoder.layers.0.attentions.0.proj.weight - torch.Size([640, 640]): 
The value is the same before and after calling `init_weights` of DriveTransformer  

pts_bbox_head.map_prep_decoder.layers.0.attentions.0.proj.bias - torch.Size([640]): 
The value is the same before and after calling `init_weights` of DriveTransformer  

pts_bbox_head.map_prep_decoder.layers.0.attentions.0.postnorm.weight - torch.Size([640]): 
The value is the same before and after calling `init_weights` of DriveTransformer  

pts_bbox_head.map_prep_decoder.layers.0.attentions.0.postnorm.bias - torch.Size([640]): 
The value is the same before and after calling `init_weights` of DriveTransformer  

pts_bbox_head.map_prep_decoder.layers.0.attentions.1.w_q.0.weight - torch.Size([640]): 
The value is the same before and after calling `init_weights` of DriveTransformer  

pts_bbox_head.map_prep_decoder.layers.0.attentions.1.w_q.0.bias - torch.Size([640]): 
The value is the same before and after calling `init_weights` of DriveTransformer  

pts_bbox_head.map_prep_decoder.layers.0.attentions.1.w_q.1.weight - torch.Size([640, 640]): 
The value is the same before and after calling `init_weights` of DriveTransformer  

pts_bbox_head.map_prep_decoder.layers.0.attentions.1.w_q.1.bias - torch.Size([640]): 
The value is the same before and after calling `init_weights` of DriveTransformer  

pts_bbox_head.map_prep_decoder.layers.0.attentions.1.w_k.0.weight - torch.Size([640]): 
The value is the same before and after calling `init_weights` of DriveTransformer  

pts_bbox_head.map_prep_decoder.layers.0.attentions.1.w_k.0.bias - torch.Size([640]): 
The value is the same before and after calling `init_weights` of DriveTransformer  

pts_bbox_head.map_prep_decoder.layers.0.attentions.1.w_k.1.weight - torch.Size([640, 640]): 
The value is the same before and after calling `init_weights` of DriveTransformer  

pts_bbox_head.map_prep_decoder.layers.0.attentions.1.w_k.1.bias - torch.Size([640]): 
The value is the same before and after calling `init_weights` of DriveTransformer  

pts_bbox_head.map_prep_decoder.layers.0.attentions.1.w_v.0.weight - torch.Size([640]): 
The value is the same before and after calling `init_weights` of DriveTransformer  

pts_bbox_head.map_prep_decoder.layers.0.attentions.1.w_v.0.bias - torch.Size([640]): 
The value is the same before and after calling `init_weights` of DriveTransformer  

pts_bbox_head.map_prep_decoder.layers.0.attentions.1.w_v.1.weight - torch.Size([640, 640]): 
The value is the same before and after calling `init_weights` of DriveTransformer  

pts_bbox_head.map_prep_decoder.layers.0.attentions.1.w_v.1.bias - torch.Size([640]): 
The value is the same before and after calling `init_weights` of DriveTransformer  

pts_bbox_head.map_prep_decoder.layers.0.attentions.1.proj.weight - torch.Size([640, 640]): 
The value is the same before and after calling `init_weights` of DriveTransformer  

pts_bbox_head.map_prep_decoder.layers.0.attentions.1.proj.bias - torch.Size([640]): 
The value is the same before and after calling `init_weights` of DriveTransformer  

pts_bbox_head.map_prep_decoder.layers.0.attentions.1.postnorm.weight - torch.Size([640]): 
The value is the same before and after calling `init_weights` of DriveTransformer  

pts_bbox_head.map_prep_decoder.layers.0.attentions.1.postnorm.bias - torch.Size([640]): 
The value is the same before and after calling `init_weights` of DriveTransformer  

pts_bbox_head.map_prep_decoder.layers.0.ffns.0.swiglu.w12.weight - torch.Size([3424, 640]): 
The value is the same before and after calling `init_weights` of DriveTransformer  

pts_bbox_head.map_prep_decoder.layers.0.ffns.0.swiglu.w12.bias - torch.Size([3424]): 
The value is the same before and after calling `init_weights` of DriveTransformer  

pts_bbox_head.map_prep_decoder.layers.0.ffns.0.swiglu.w3.weight - torch.Size([640, 1712]): 
The value is the same before and after calling `init_weights` of DriveTransformer  

pts_bbox_head.map_prep_decoder.layers.0.ffns.0.swiglu.w3.bias - torch.Size([640]): 
The value is the same before and after calling `init_weights` of DriveTransformer  

pts_bbox_head.map_prep_decoder.layers.0.ffns.0.prenorm.weight - torch.Size([640]): 
The value is the same before and after calling `init_weights` of DriveTransformer  

pts_bbox_head.map_prep_decoder.layers.0.ffns.0.prenorm.bias - torch.Size([640]): 
The value is the same before and after calling `init_weights` of DriveTransformer  

pts_bbox_head.map_prep_decoder.layers.0.ffns.0.postnorm.weight - torch.Size([640]): 
The value is the same before and after calling `init_weights` of DriveTransformer  

pts_bbox_head.map_prep_decoder.layers.0.ffns.0.postnorm.bias - torch.Size([640]): 
The value is the same before and after calling `init_weights` of DriveTransformer  

pts_bbox_head.transformer.decoder.layers.0.task_self_attentions.0.w_q.0.weight - torch.Size([640]): 
The value is the same before and after calling `init_weights` of DriveTransformer  

pts_bbox_head.transformer.decoder.layers.0.task_self_attentions.0.w_q.0.bias - torch.Size([640]): 
The value is the same before and after calling `init_weights` of DriveTransformer  

pts_bbox_head.transformer.decoder.layers.0.task_self_attentions.0.w_q.1.weight - torch.Size([640, 640]): 
The value is the same before and after calling `init_weights` of DriveTransformer  

pts_bbox_head.transformer.decoder.layers.0.task_self_attentions.0.w_q.1.bias - torch.Size([640]): 
The value is the same before and after calling `init_weights` of DriveTransformer  

pts_bbox_head.transformer.decoder.layers.0.task_self_attentions.0.w_k.0.weight - torch.Size([640]): 
The value is the same before and after calling `init_weights` of DriveTransformer  

pts_bbox_head.transformer.decoder.layers.0.task_self_attentions.0.w_k.0.bias - torch.Size([640]): 
The value is the same before and after calling `init_weights` of DriveTransformer  

pts_bbox_head.transformer.decoder.layers.0.task_self_attentions.0.w_k.1.weight - torch.Size([640, 640]): 
The value is the same before and after calling `init_weights` of DriveTransformer  

pts_bbox_head.transformer.decoder.layers.0.task_self_attentions.0.w_k.1.bias - torch.Size([640]): 
The value is the same before and after calling `init_weights` of DriveTransformer  

pts_bbox_head.transformer.decoder.layers.0.task_self_attentions.0.w_v.0.weight - torch.Size([640]): 
The value is the same before and after calling `init_weights` of DriveTransformer  

pts_bbox_head.transformer.decoder.layers.0.task_self_attentions.0.w_v.0.bias - torch.Size([640]): 
The value is the same before and after calling `init_weights` of DriveTransformer  

pts_bbox_head.transformer.decoder.layers.0.task_self_attentions.0.w_v.1.weight - torch.Size([640, 640]): 
The value is the same before and after calling `init_weights` of DriveTransformer  

pts_bbox_head.transformer.decoder.layers.0.task_self_attentions.0.w_v.1.bias - torch.Size([640]): 
The value is the same before and after calling `init_weights` of DriveTransformer  

pts_bbox_head.transformer.decoder.layers.0.task_self_attentions.0.proj.weight - torch.Size([640, 640]): 
The value is the same before and after calling `init_weights` of DriveTransformer  

pts_bbox_head.transformer.decoder.layers.0.task_self_attentions.0.proj.bias - torch.Size([640]): 
The value is the same before and after calling `init_weights` of DriveTransformer  

pts_bbox_head.transformer.decoder.layers.0.task_self_attentions.0.postnorm.weight - torch.Size([640]): 
The value is the same before and after calling `init_weights` of DriveTransformer  

pts_bbox_head.transformer.decoder.layers.0.task_self_attentions.0.postnorm.bias - torch.Size([640]): 
The value is the same before and after calling `init_weights` of DriveTransformer  

pts_bbox_head.transformer.decoder.layers.0.temporal_cross_attention_layers.0.w_q.0.weight - torch.Size([640]): 
The value is the same before and after calling `init_weights` of DriveTransformer  

pts_bbox_head.transformer.decoder.layers.0.temporal_cross_attention_layers.0.w_q.0.bias - torch.Size([640]): 
The value is the same before and after calling `init_weights` of DriveTransformer  

pts_bbox_head.transformer.decoder.layers.0.temporal_cross_attention_layers.0.w_q.1.weight - torch.Size([640, 640]): 
The value is the same before and after calling `init_weights` of DriveTransformer  

pts_bbox_head.transformer.decoder.layers.0.temporal_cross_attention_layers.0.w_q.1.bias - torch.Size([640]): 
The value is the same before and after calling `init_weights` of DriveTransformer  

pts_bbox_head.transformer.decoder.layers.0.temporal_cross_attention_layers.0.w_k.0.weight - torch.Size([640]): 
The value is the same before and after calling `init_weights` of DriveTransformer  

pts_bbox_head.transformer.decoder.layers.0.temporal_cross_attention_layers.0.w_k.0.bias - torch.Size([640]): 
The value is the same before and after calling `init_weights` of DriveTransformer  

pts_bbox_head.transformer.decoder.layers.0.temporal_cross_attention_layers.0.w_k.1.weight - torch.Size([640, 640]): 
The value is the same before and after calling `init_weights` of DriveTransformer  

pts_bbox_head.transformer.decoder.layers.0.temporal_cross_attention_layers.0.w_k.1.bias - torch.Size([640]): 
The value is the same before and after calling `init_weights` of DriveTransformer  

pts_bbox_head.transformer.decoder.layers.0.temporal_cross_attention_layers.0.w_v.0.weight - torch.Size([640]): 
The value is the same before and after calling `init_weights` of DriveTransformer  

pts_bbox_head.transformer.decoder.layers.0.temporal_cross_attention_layers.0.w_v.0.bias - torch.Size([640]): 
The value is the same before and after calling `init_weights` of DriveTransformer  

pts_bbox_head.transformer.decoder.layers.0.temporal_cross_attention_layers.0.w_v.1.weight - torch.Size([640, 640]): 
The value is the same before and after calling `init_weights` of DriveTransformer  

pts_bbox_head.transformer.decoder.layers.0.temporal_cross_attention_layers.0.w_v.1.bias - torch.Size([640]): 
The value is the same before and after calling `init_weights` of DriveTransformer  

pts_bbox_head.transformer.decoder.layers.0.temporal_cross_attention_layers.0.proj.weight - torch.Size([640, 640]): 
The value is the same before and after calling `init_weights` of DriveTransformer  

pts_bbox_head.transformer.decoder.layers.0.temporal_cross_attention_layers.0.proj.bias - torch.Size([640]): 
The value is the same before and after calling `init_weights` of DriveTransformer  

pts_bbox_head.transformer.decoder.layers.0.temporal_cross_attention_layers.0.postnorm.weight - torch.Size([640]): 
The value is the same before and after calling `init_weights` of DriveTransformer  

pts_bbox_head.transformer.decoder.layers.0.temporal_cross_attention_layers.0.postnorm.bias - torch.Size([640]): 
The value is the same before and after calling `init_weights` of DriveTransformer  

pts_bbox_head.transformer.decoder.layers.0.temporal_cross_attention_layers.1.w_q.0.weight - torch.Size([640]): 
The value is the same before and after calling `init_weights` of DriveTransformer  

pts_bbox_head.transformer.decoder.layers.0.temporal_cross_attention_layers.1.w_q.0.bias - torch.Size([640]): 
The value is the same before and after calling `init_weights` of DriveTransformer  

pts_bbox_head.transformer.decoder.layers.0.temporal_cross_attention_layers.1.w_q.1.weight - torch.Size([640, 640]): 
The value is the same before and after calling `init_weights` of DriveTransformer  

pts_bbox_head.transformer.decoder.layers.0.temporal_cross_attention_layers.1.w_q.1.bias - torch.Size([640]): 
The value is the same before and after calling `init_weights` of DriveTransformer  

pts_bbox_head.transformer.decoder.layers.0.temporal_cross_attention_layers.1.w_k.0.weight - torch.Size([640]): 
The value is the same before and after calling `init_weights` of DriveTransformer  

pts_bbox_head.transformer.decoder.layers.0.temporal_cross_attention_layers.1.w_k.0.bias - torch.Size([640]): 
The value is the same before and after calling `init_weights` of DriveTransformer  

pts_bbox_head.transformer.decoder.layers.0.temporal_cross_attention_layers.1.w_k.1.weight - torch.Size([640, 640]): 
The value is the same before and after calling `init_weights` of DriveTransformer  

pts_bbox_head.transformer.decoder.layers.0.temporal_cross_attention_layers.1.w_k.1.bias - torch.Size([640]): 
The value is the same before and after calling `init_weights` of DriveTransformer  

pts_bbox_head.transformer.decoder.layers.0.temporal_cross_attention_layers.1.w_v.0.weight - torch.Size([640]): 
The value is the same before and after calling `init_weights` of DriveTransformer  

pts_bbox_head.transformer.decoder.layers.0.temporal_cross_attention_layers.1.w_v.0.bias - torch.Size([640]): 
The value is the same before and after calling `init_weights` of DriveTransformer  

pts_bbox_head.transformer.decoder.layers.0.temporal_cross_attention_layers.1.w_v.1.weight - torch.Size([640, 640]): 
The value is the same before and after calling `init_weights` of DriveTransformer  

pts_bbox_head.transformer.decoder.layers.0.temporal_cross_attention_layers.1.w_v.1.bias - torch.Size([640]): 
The value is the same before and after calling `init_weights` of DriveTransformer  

pts_bbox_head.transformer.decoder.layers.0.temporal_cross_attention_layers.1.proj.weight - torch.Size([640, 640]): 
The value is the same before and after calling `init_weights` of DriveTransformer  

pts_bbox_head.transformer.decoder.layers.0.temporal_cross_attention_layers.1.proj.bias - torch.Size([640]): 
The value is the same before and after calling `init_weights` of DriveTransformer  

pts_bbox_head.transformer.decoder.layers.0.temporal_cross_attention_layers.1.postnorm.weight - torch.Size([640]): 
The value is the same before and after calling `init_weights` of DriveTransformer  

pts_bbox_head.transformer.decoder.layers.0.temporal_cross_attention_layers.1.postnorm.bias - torch.Size([640]): 
The value is the same before and after calling `init_weights` of DriveTransformer  

pts_bbox_head.transformer.decoder.layers.0.temporal_cross_attention_layers.2.w_q.0.weight - torch.Size([640]): 
The value is the same before and after calling `init_weights` of DriveTransformer  

pts_bbox_head.transformer.decoder.layers.0.temporal_cross_attention_layers.2.w_q.0.bias - torch.Size([640]): 
The value is the same before and after calling `init_weights` of DriveTransformer  

pts_bbox_head.transformer.decoder.layers.0.temporal_cross_attention_layers.2.w_q.1.weight - torch.Size([640, 640]): 
The value is the same before and after calling `init_weights` of DriveTransformer  

pts_bbox_head.transformer.decoder.layers.0.temporal_cross_attention_layers.2.w_q.1.bias - torch.Size([640]): 
The value is the same before and after calling `init_weights` of DriveTransformer  

pts_bbox_head.transformer.decoder.layers.0.temporal_cross_attention_layers.2.w_k.0.weight - torch.Size([640]): 
The value is the same before and after calling `init_weights` of DriveTransformer  

pts_bbox_head.transformer.decoder.layers.0.temporal_cross_attention_layers.2.w_k.0.bias - torch.Size([640]): 
The value is the same before and after calling `init_weights` of DriveTransformer  

pts_bbox_head.transformer.decoder.layers.0.temporal_cross_attention_layers.2.w_k.1.weight - torch.Size([640, 640]): 
The value is the same before and after calling `init_weights` of DriveTransformer  

pts_bbox_head.transformer.decoder.layers.0.temporal_cross_attention_layers.2.w_k.1.bias - torch.Size([640]): 
The value is the same before and after calling `init_weights` of DriveTransformer  

pts_bbox_head.transformer.decoder.layers.0.temporal_cross_attention_layers.2.w_v.0.weight - torch.Size([640]): 
The value is the same before and after calling `init_weights` of DriveTransformer  

pts_bbox_head.transformer.decoder.layers.0.temporal_cross_attention_layers.2.w_v.0.bias - torch.Size([640]): 
The value is the same before and after calling `init_weights` of DriveTransformer  

pts_bbox_head.transformer.decoder.layers.0.temporal_cross_attention_layers.2.w_v.1.weight - torch.Size([640, 640]): 
The value is the same before and after calling `init_weights` of DriveTransformer  

pts_bbox_head.transformer.decoder.layers.0.temporal_cross_attention_layers.2.w_v.1.bias - torch.Size([640]): 
The value is the same before and after calling `init_weights` of DriveTransformer  

pts_bbox_head.transformer.decoder.layers.0.temporal_cross_attention_layers.2.proj.weight - torch.Size([640, 640]): 
The value is the same before and after calling `init_weights` of DriveTransformer  

pts_bbox_head.transformer.decoder.layers.0.temporal_cross_attention_layers.2.proj.bias - torch.Size([640]): 
The value is the same before and after calling `init_weights` of DriveTransformer  

pts_bbox_head.transformer.decoder.layers.0.temporal_cross_attention_layers.2.postnorm.weight - torch.Size([640]): 
The value is the same before and after calling `init_weights` of DriveTransformer  

pts_bbox_head.transformer.decoder.layers.0.temporal_cross_attention_layers.2.postnorm.bias - torch.Size([640]): 
The value is the same before and after calling `init_weights` of DriveTransformer  

pts_bbox_head.transformer.decoder.layers.0.sensor_cross_attentions.0.w_k.0.weight - torch.Size([640]): 
The value is the same before and after calling `init_weights` of DriveTransformer  

pts_bbox_head.transformer.decoder.layers.0.sensor_cross_attentions.0.w_k.0.bias - torch.Size([640]): 
The value is the same before and after calling `init_weights` of DriveTransformer  

pts_bbox_head.transformer.decoder.layers.0.sensor_cross_attentions.0.w_k.1.weight - torch.Size([640, 640]): 
The value is the same before and after calling `init_weights` of DriveTransformer  

pts_bbox_head.transformer.decoder.layers.0.sensor_cross_attentions.0.w_k.1.bias - torch.Size([640]): 
The value is the same before and after calling `init_weights` of DriveTransformer  

pts_bbox_head.transformer.decoder.layers.0.sensor_cross_attentions.0.w_v.0.weight - torch.Size([640]): 
The value is the same before and after calling `init_weights` of DriveTransformer  

pts_bbox_head.transformer.decoder.layers.0.sensor_cross_attentions.0.w_v.0.bias - torch.Size([640]): 
The value is the same before and after calling `init_weights` of DriveTransformer  

pts_bbox_head.transformer.decoder.layers.0.sensor_cross_attentions.0.w_v.1.weight - torch.Size([640, 640]): 
The value is the same before and after calling `init_weights` of DriveTransformer  

pts_bbox_head.transformer.decoder.layers.0.sensor_cross_attentions.0.w_v.1.bias - torch.Size([640]): 
The value is the same before and after calling `init_weights` of DriveTransformer  

pts_bbox_head.transformer.decoder.layers.0.sensor_cross_attentions.0.proj.weight - torch.Size([640, 640]): 
The value is the same before and after calling `init_weights` of DriveTransformer  

pts_bbox_head.transformer.decoder.layers.0.sensor_cross_attentions.0.proj.bias - torch.Size([640]): 
The value is the same before and after calling `init_weights` of DriveTransformer  

pts_bbox_head.transformer.decoder.layers.0.sensor_cross_attentions.0.postnorm.weight - torch.Size([640]): 
The value is the same before and after calling `init_weights` of DriveTransformer  

pts_bbox_head.transformer.decoder.layers.0.sensor_cross_attentions.0.postnorm.bias - torch.Size([640]): 
The value is the same before and after calling `init_weights` of DriveTransformer  

pts_bbox_head.transformer.decoder.layers.0.cross_w_q.0.0.weight - torch.Size([640]): 
The value is the same before and after calling `init_weights` of DriveTransformer  

pts_bbox_head.transformer.decoder.layers.0.cross_w_q.0.0.bias - torch.Size([640]): 
The value is the same before and after calling `init_weights` of DriveTransformer  

pts_bbox_head.transformer.decoder.layers.0.cross_w_q.0.1.weight - torch.Size([640, 640]): 
The value is the same before and after calling `init_weights` of DriveTransformer  

pts_bbox_head.transformer.decoder.layers.0.cross_w_q.0.1.bias - torch.Size([640]): 
The value is the same before and after calling `init_weights` of DriveTransformer  

pts_bbox_head.transformer.decoder.layers.0.cross_w_q.1.0.weight - torch.Size([640]): 
The value is the same before and after calling `init_weights` of DriveTransformer  

pts_bbox_head.transformer.decoder.layers.0.cross_w_q.1.0.bias - torch.Size([640]): 
The value is the same before and after calling `init_weights` of DriveTransformer  

pts_bbox_head.transformer.decoder.layers.0.cross_w_q.1.1.weight - torch.Size([640, 640]): 
The value is the same before and after calling `init_weights` of DriveTransformer  

pts_bbox_head.transformer.decoder.layers.0.cross_w_q.1.1.bias - torch.Size([640]): 
The value is the same before and after calling `init_weights` of DriveTransformer  

pts_bbox_head.transformer.decoder.layers.0.cross_w_q.2.0.weight - torch.Size([640]): 
The value is the same before and after calling `init_weights` of DriveTransformer  

pts_bbox_head.transformer.decoder.layers.0.cross_w_q.2.0.bias - torch.Size([640]): 
The value is the same before and after calling `init_weights` of DriveTransformer  

pts_bbox_head.transformer.decoder.layers.0.cross_w_q.2.1.weight - torch.Size([640, 640]): 
The value is the same before and after calling `init_weights` of DriveTransformer  

pts_bbox_head.transformer.decoder.layers.0.cross_w_q.2.1.bias - torch.Size([640]): 
The value is the same before and after calling `init_weights` of DriveTransformer  

pts_bbox_head.transformer.decoder.layers.0.ffns.0.0.swiglu.w12.weight - torch.Size([3424, 640]): 
The value is the same before and after calling `init_weights` of DriveTransformer  

pts_bbox_head.transformer.decoder.layers.0.ffns.0.0.swiglu.w12.bias - torch.Size([3424]): 
The value is the same before and after calling `init_weights` of DriveTransformer  

pts_bbox_head.transformer.decoder.layers.0.ffns.0.0.swiglu.w3.weight - torch.Size([640, 1712]): 
The value is the same before and after calling `init_weights` of DriveTransformer  

pts_bbox_head.transformer.decoder.layers.0.ffns.0.0.swiglu.w3.bias - torch.Size([640]): 
The value is the same before and after calling `init_weights` of DriveTransformer  

pts_bbox_head.transformer.decoder.layers.0.ffns.0.0.prenorm.weight - torch.Size([640]): 
The value is the same before and after calling `init_weights` of DriveTransformer  

pts_bbox_head.transformer.decoder.layers.0.ffns.0.0.prenorm.bias - torch.Size([640]): 
The value is the same before and after calling `init_weights` of DriveTransformer  

pts_bbox_head.transformer.decoder.layers.0.ffns.0.0.postnorm.weight - torch.Size([640]): 
The value is the same before and after calling `init_weights` of DriveTransformer  

pts_bbox_head.transformer.decoder.layers.0.ffns.0.0.postnorm.bias - torch.Size([640]): 
The value is the same before and after calling `init_weights` of DriveTransformer  

pts_bbox_head.transformer.decoder.layers.0.ffns.0.1.swiglu.w12.weight - torch.Size([3424, 640]): 
The value is the same before and after calling `init_weights` of DriveTransformer  

pts_bbox_head.transformer.decoder.layers.0.ffns.0.1.swiglu.w12.bias - torch.Size([3424]): 
The value is the same before and after calling `init_weights` of DriveTransformer  

pts_bbox_head.transformer.decoder.layers.0.ffns.0.1.swiglu.w3.weight - torch.Size([640, 1712]): 
The value is the same before and after calling `init_weights` of DriveTransformer  

pts_bbox_head.transformer.decoder.layers.0.ffns.0.1.swiglu.w3.bias - torch.Size([640]): 
The value is the same before and after calling `init_weights` of DriveTransformer  

pts_bbox_head.transformer.decoder.layers.0.ffns.0.1.prenorm.weight - torch.Size([640]): 
The value is the same before and after calling `init_weights` of DriveTransformer  

pts_bbox_head.transformer.decoder.layers.0.ffns.0.1.prenorm.bias - torch.Size([640]): 
The value is the same before and after calling `init_weights` of DriveTransformer  

pts_bbox_head.transformer.decoder.layers.0.ffns.0.1.postnorm.weight - torch.Size([640]): 
The value is the same before and after calling `init_weights` of DriveTransformer  

pts_bbox_head.transformer.decoder.layers.0.ffns.0.1.postnorm.bias - torch.Size([640]): 
The value is the same before and after calling `init_weights` of DriveTransformer  

pts_bbox_head.transformer.decoder.layers.0.ffns.0.2.swiglu.w12.weight - torch.Size([3424, 640]): 
The value is the same before and after calling `init_weights` of DriveTransformer  

pts_bbox_head.transformer.decoder.layers.0.ffns.0.2.swiglu.w12.bias - torch.Size([3424]): 
The value is the same before and after calling `init_weights` of DriveTransformer  

pts_bbox_head.transformer.decoder.layers.0.ffns.0.2.swiglu.w3.weight - torch.Size([640, 1712]): 
The value is the same before and after calling `init_weights` of DriveTransformer  

pts_bbox_head.transformer.decoder.layers.0.ffns.0.2.swiglu.w3.bias - torch.Size([640]): 
The value is the same before and after calling `init_weights` of DriveTransformer  

pts_bbox_head.transformer.decoder.layers.0.ffns.0.2.prenorm.weight - torch.Size([640]): 
The value is the same before and after calling `init_weights` of DriveTransformer  

pts_bbox_head.transformer.decoder.layers.0.ffns.0.2.prenorm.bias - torch.Size([640]): 
The value is the same before and after calling `init_weights` of DriveTransformer  

pts_bbox_head.transformer.decoder.layers.0.ffns.0.2.postnorm.weight - torch.Size([640]): 
The value is the same before and after calling `init_weights` of DriveTransformer  

pts_bbox_head.transformer.decoder.layers.0.ffns.0.2.postnorm.bias - torch.Size([640]): 
The value is the same before and after calling `init_weights` of DriveTransformer  

pts_bbox_head.transformer.decoder.layers.1.task_self_attentions.0.w_q.0.weight - torch.Size([640]): 
The value is the same before and after calling `init_weights` of DriveTransformer  

pts_bbox_head.transformer.decoder.layers.1.task_self_attentions.0.w_q.0.bias - torch.Size([640]): 
The value is the same before and after calling `init_weights` of DriveTransformer  

pts_bbox_head.transformer.decoder.layers.1.task_self_attentions.0.w_q.1.weight - torch.Size([640, 640]): 
The value is the same before and after calling `init_weights` of DriveTransformer  

pts_bbox_head.transformer.decoder.layers.1.task_self_attentions.0.w_q.1.bias - torch.Size([640]): 
The value is the same before and after calling `init_weights` of DriveTransformer  

pts_bbox_head.transformer.decoder.layers.1.task_self_attentions.0.w_k.0.weight - torch.Size([640]): 
The value is the same before and after calling `init_weights` of DriveTransformer  

pts_bbox_head.transformer.decoder.layers.1.task_self_attentions.0.w_k.0.bias - torch.Size([640]): 
The value is the same before and after calling `init_weights` of DriveTransformer  

pts_bbox_head.transformer.decoder.layers.1.task_self_attentions.0.w_k.1.weight - torch.Size([640, 640]): 
The value is the same before and after calling `init_weights` of DriveTransformer  

pts_bbox_head.transformer.decoder.laye2026-05-25 14:09:08,609 - DriveTransformer - INFO - Model:
DriveTransformer(
  (pts_bbox_head): DriveTransformerlHead(
    (loss_cls): FocalLoss()
    (loss_bbox): L1Loss()
    (loss_traj): L1Loss()
    (loss_traj_cls): FocalLoss()
    (loss_map_cls): FocalLoss()
    (loss_map_pts): PtsL1Loss()
    (loss_map_dir): PtsDirCosLoss()
    (loss_plan_reg_fix_dist): L1Loss()
    (loss_plan_reg_fix_time): L1Loss()
    (loss_plan_cls): FocalLoss()
    (agent_query): Embedding(900, 640)
    (agent_reference_points): Embedding(900, 3)
    (agent_cls_embedding): Sequential(
      (0): Linear(in_features=9, out_features=640, bias=True)
      (1): SiLU(inplace=True)
      (2): Linear(in_features=640, out_features=640, bias=True)
      (3): SiLU(inplace=True)
      (4): Linear(in_features=640, out_features=640, bias=True)
    )
    (agent_ref_embedding): Sequential(
      (0): Linear(in_features=960, out_features=640, bias=True)
      (1): SiLU(inplace=True)
      (2): Linear(in_features=640, out_features=640, bias=True)
      (3): SiLU(inplace=True)
      (4): Linear(in_features=640, out_features=640, bias=True)
    )
    (mode_embedding): Embedding(6, 640)
    (map_query): Embedding(100, 640)
    (map_reference_points): Embedding(100, 2)
    (map_cls_embedding): Sequential(
      (0): Linear(in_features=6, out_features=640, bias=True)
      (1): SiLU(inplace=True)
      (2): Linear(in_features=640, out_features=640, bias=True)
      (3): SiLU(inplace=True)
      (4): Linear(in_features=640, out_features=640, bias=True)
    )
    (map_ref_embedding): Sequential(
      (0): Linear(in_features=640, out_features=640, bias=True)
      (1): SiLU(inplace=True)
      (2): Linear(in_features=640, out_features=640, bias=True)
      (3): SiLU(inplace=True)
      (4): Linear(in_features=640, out_features=640, bias=True)
    )
    (ego_lcf_encoder): Sequential(
      (0): Linear(in_features=153, out_features=640, bias=True)
      (1): SiLU(inplace=True)
      (2): Linear(in_features=640, out_features=640, bias=True)
      (3): SiLU(inplace=True)
      (4): Linear(in_features=640, out_features=640, bias=True)
    )
    (ego_traj_ref_fix_time_embedding): Sequential(
      (0): Linear(in_features=1920, out_features=640, bias=True)
      (1): SiLU(inplace=True)
      (2): Linear(in_features=640, out_features=640, bias=True)
      (3): SiLU(inplace=True)
      (4): Linear(in_features=640, out_features=640, bias=True)
    )
    (ego_traj_ref_fix_dist_embedding): Sequential(
      (0): Linear(in_features=640, out_features=640, bias=True)
      (1): SiLU(inplace=True)
      (2): Linear(in_features=640, out_features=640, bias=True)
      (3): SiLU(inplace=True)
      (4): Linear(in_features=640, out_features=640, bias=True)
    )
    (featurized_pe): MLN(
      (reduce): Sequential(
        (0): Linear(in_features=640, out_features=640, bias=True)
        (1): SiLU(inplace=True)
      )
      (gamma): Linear(in_features=640, out_features=640, bias=True)
      (beta): Linear(in_features=640, out_features=640, bias=True)
      (ln): LayerNorm((640,), eps=1e-05, elementwise_affine=False)
    )
    (spatial_alignment): MLN(
      (reduce): Sequential(
        (0): Linear(in_features=8, out_features=640, bias=True)
        (1): SiLU(inplace=True)
      )
      (gamma): Linear(in_features=640, out_features=640, bias=True)
      (beta): Linear(in_features=640, out_features=640, bias=True)
      (ln): LayerNorm((640,), eps=1e-05, elementwise_affine=False)
    )
    (time_embedding): Sequential(
      (0): Linear(in_features=640, out_features=640, bias=True)
      (1): SiLU(inplace=True)
      (2): Linear(in_features=640, out_features=640, bias=True)
      (3): SiLU(inplace=True)
      (4): Linear(in_features=640, out_features=640, bias=True)
    )
    (img_position_encoder): Sequential(
      (0): Linear(in_features=192, out_features=640, bias=True)
      (1): SiLU(inplace=True)
      (2): Linear(in_features=640, out_features=640, bias=True)
      (3): SiLU(inplace=True)
      (4): Linear(in_features=640, out_features=640, bias=True)
    )
    (ego_pose_pe): MLN(
      (reduce): Sequential(
        (0): Linear(in_features=180, out_features=640, bias=True)
        (1): SiLU(inplace=True)
      )
      (gamma): Linear(in_features=640, out_features=640, bias=True)
      (beta): Linear(in_features=640, out_features=640, bias=True)
      (ln): LayerNorm((640,), eps=1e-05, elementwise_affine=False)
    )
    (ego_pose_memory): MLN(
      (reduce): Sequential(
        (0): Linear(in_features=180, out_features=640, bias=True)
        (1): SiLU(inplace=True)
      )
      (gamma): Linear(in_features=640, out_features=640, bias=True)
      (beta): Linear(in_features=640, out_features=640, bias=True)
      (ln): LayerNorm((640,), eps=1e-05, elementwise_affine=False)
    )
    (agent_prep_decoder): DriveTransformerPreDecoder(
      (layers): ModuleList(
        (0): DriveTransformerPreDecoderLayer(
          (attentions): ModuleList(
            (0-1): 2 x AttentionLayer(
              (w_q): Sequential(
                (0): LayerNorm((640,), eps=1e-05, elementwise_affine=True)
                (1): Linear(in_features=640, out_features=640, bias=True)
              )
              (w_k): Sequential(
                (0): LayerNorm((640,), eps=1e-05, elementwise_affine=True)
                (1): Linear(in_features=640, out_features=640, bias=True)
              )
              (w_v): Sequential(
                (0): LayerNorm((640,), eps=1e-05, elementwise_affine=True)
                (1): Linear(in_features=640, out_features=640, bias=True)
              )
              (proj): Linear(in_features=640, out_features=640, bias=True)
              (postnorm): LayerNorm((640,), eps=1e-05, elementwise_affine=True)
            )
          )
          (ffns): ModuleList(
            (0): SwiGLULayer(
              (swiglu): SwiGLU(
                (w12): Linear(in_features=640, out_features=3424, bias=True)
                (w3): Linear(in_features=1712, out_features=640, bias=True)
              )
              (prenorm): LayerNorm((640,), eps=1e-05, elementwise_affine=True)
              (dropout): Dropout(p=0.1, inplace=False)
              (postnorm): LayerNorm((640,), eps=1e-05, elementwise_affine=True)
            )
          )
        )
      )
    )
    (map_prep_decoder): DriveTransformerPreDecoder(
      (layers): ModuleList(
        (0): DriveTransformerPreDecoderLayer(
          (attentions): ModuleList(
            (0-1): 2 x AttentionLayer(
              (w_q): Sequential(
                (0): LayerNorm((640,), eps=1e-05, elementwise_affine=True)
                (1): Linear(in_features=640, out_features=640, bias=True)
              )
              (w_k): Sequential(
                (0): LayerNorm((640,), eps=1e-05, elementwise_affine=True)
                (1): Linear(in_features=640, out_features=640, bias=True)
              )
              (w_v): Sequential(
                (0): LayerNorm((640,), eps=1e-05, elementwise_affine=True)
                (1): Linear(in_features=640, out_features=640, bias=True)
              )
              (proj): Linear(in_features=640, out_features=640, bias=True)
              (postnorm): LayerNorm((640,), eps=1e-05, elementwise_affine=True)
            )
          )
          (ffns): ModuleList(
            (0): SwiGLULayer(
              (swiglu): SwiGLU(
                (w12): Linear(in_features=640, out_features=3424, bias=True)
                (w3): Linear(in_features=1712, out_features=640, bias=True)
              )
              (prenorm): LayerNorm((640,), eps=1e-05, elementwise_affine=True)
              (dropout): Dropout(p=0.1, inplace=False)
              (postnorm): LayerNorm((640,), eps=1e-05, elementwise_affine=True)
            )
          )
        )
      )
    )
    (transformer): DriveTransformerWrapper(
      (decoder): DriveTransformerDecoder(
        (layers): ModuleList(
          (0-7): 8 x DriveTransformerDecoderLayer(
            (task_self_attentions): ModuleList(
              (0): AttentionLayer(
                (w_q): Sequential(
                  (0): LayerNorm((640,), eps=1e-05, elementwise_affine=True)
                  (1): Linear(in_features=640, out_features=640, bias=True)
                )
                (w_k): Sequential(
                  (0): LayerNorm((640,), eps=1e-05, elementwise_affine=True)
                  (1): Linear(in_features=640, out_features=640, bias=True)
                )
                (w_v): Sequential(
                  (0): LayerNorm((640,), eps=1e-05, elementwise_affine=True)
                  (1): Linear(in_features=640, out_features=640, bias=True)
                )
                (proj): Linear(in_features=640, out_features=640, bias=True)
                (postnorm): LayerNorm((640,), eps=1e-05, elementwise_affine=True)
              )
            )
            (temporal_cross_attention_layers): ModuleList(
              (0-2): 3 x AttentionLayer(
                (w_q): Sequential(
                  (0): LayerNorm((640,), eps=1e-05, elementwise_affine=True)
                  (1): Linear(in_features=640, out_features=640, bias=True)
                )
                (w_k): Sequential(
                  (0): LayerNorm((640,), eps=1e-05, elementwise_affine=True)
                  (1): Linear(in_features=640, out_features=640, bias=True)
                )
                (w_v): Sequential(
                  (0): LayerNorm((640,), eps=1e-05, elementwise_affine=True)
                  (1): Linear(in_features=640, out_features=640, bias=True)
                )
                (proj): Linear(in_features=640, out_features=640, bias=True)
                (postnorm): LayerNorm((640,), eps=1e-05, elementwise_affine=True)
              )
            )
            (sensor_cross_attentions): ModuleList(
              (0): AttentionLayer(
                (w_k): Sequential(
                  (0): LayerNorm((640,), eps=1e-05, elementwise_affine=True)
                  (1): Linear(in_features=640, out_features=640, bias=True)
                )
                (w_v): Sequential(
                  (0): LayerNorm((640,), eps=1e-05, elementwise_affine=True)
                  (1): Linear(in_features=640, out_features=640, bias=True)
                )
                (proj): Linear(in_features=640, out_features=640, bias=True)
                (postnorm): LayerNorm((640,), eps=1e-05, elementwise_affine=True)
              )
            )
            (cross_w_q): ModuleList(
              (0-2): 3 x Sequential(
                (0): LayerNorm((640,), eps=1e-05, elementwise_affine=True)
                (1): Linear(in_features=640, out_features=640, bias=True)
              )
            )
            (ffns): ModuleList(
              (0): ModuleList(
                (0-2): 3 x SwiGLULayer(
                  (swiglu): SwiGLU(
                    (w12): Linear(in_features=640, out_features=3424, bias=True)
                    (w3): Linear(in_features=1712, out_features=640, bias=True)
                  )
                  (prenorm): LayerNorm((640,), eps=1e-05, elementwise_affine=True)
                  (dropout): Dropout(p=0.1, inplace=False)
                  (postnorm): LayerNorm((640,), eps=1e-05, elementwise_affine=True)
                )
              )
            )
          )
        )
      )
    )
    (cls_branches): ModuleList(
      (0-8): 9 x Sequential(
        (0): LayerNorm((640,), eps=1e-05, elementwise_affine=True)
        (1): Linear(in_features=640, out_features=640, bias=True)
        (2): SiLU(inplace=True)
        (3): Linear(in_features=640, out_features=640, bias=True)
        (4): SiLU(inplace=True)
        (5): Linear(in_features=640, out_features=9, bias=False)
      )
    )
    (reg_branches): ModuleList(
      (0-8): 9 x Sequential(
        (0): LayerNorm((640,), eps=1e-05, elementwise_affine=True)
        (1): Linear(in_features=640, out_features=640, bias=True)
        (2): SiLU(inplace=True)
        (3): Linear(in_features=640, out_features=640, bias=True)
        (4): SiLU(inplace=True)
        (5): Linear(in_features=640, out_features=10, bias=True)
      )
    )
    (traj_branches): ModuleList(
      (0-8): 9 x Sequential(
        (0): LayerNorm((640,), eps=1e-05, elementwise_affine=True)
        (1): Linear(in_features=640, out_features=640, bias=True)
        (2): SiLU(inplace=True)
        (3): Linear(in_features=640, out_features=640, bias=True)
        (4): SiLU(inplace=True)
        (5): Linear(in_features=640, out_features=12, bias=True)
      )
    )
    (traj_cls_branches): ModuleList(
      (0-8): 9 x Sequential(
        (0): LayerNorm((640,), eps=1e-05, elementwise_affine=True)
        (1): Linear(in_features=640, out_features=640, bias=True)
        (2): SiLU(inplace=True)
        (3): Linear(in_features=640, out_features=640, bias=True)
        (4): SiLU(inplace=True)
        (5): LayerNorm((640,), eps=1e-05, elementwise_affine=True)
        (6): Linear(in_features=640, out_features=1, bias=False)
      )
    )
    (map_cls_branches): ModuleList(
      (0-8): 9 x Sequential(
        (0): LayerNorm((640,), eps=1e-05, elementwise_affine=True)
        (1): Linear(in_features=640, out_features=640, bias=True)
        (2): SiLU(inplace=True)
        (3): Linear(in_features=640, out_features=640, bias=True)
        (4): SiLU(inplace=True)
        (5): Linear(in_features=640, out_features=6, bias=False)
      )
    )
    (map_reg_branches): ModuleList(
      (0-7): 8 x Sequential(
        (0): LayerNorm((640,), eps=1e-05, elementwise_affine=True)
        (1): Linear(in_features=640, out_features=640, bias=True)
        (2): SiLU(inplace=True)
        (3): Linear(in_features=640, out_features=640, bias=True)
        (4): SiLU(inplace=True)
        (5): Linear(in_features=640, out_features=2, bias=True)
      )
      (8): Linear(in_features=640, out_features=40, bias=True)
    )
    (ego_traj_branches_fix_dist): ModuleList(
      (0-8): 9 x Sequential(
        (0): LayerNorm((640,), eps=1e-05, elementwise_affine=True)
        (1): Linear(in_features=640, out_features=640, bias=True)
        (2): SiLU(inplace=True)
        (3): Linear(in_features=640, out_features=640, bias=True)
        (4): SiLU(inplace=True)
        (5): Linear(in_features=640, out_features=20, bias=True)
      )
    )
    (ego_traj_branches_fix_time): ModuleList(
      (0-8): 9 x Sequential(
        (0): LayerNorm((640,), eps=1e-05, elementwise_affine=True)
        (1): Linear(in_features=640, out_features=640, bias=True)
        (2): SiLU(inplace=True)
        (3): Linear(in_features=640, out_features=640, bias=True)
        (4): SiLU(inplace=True)
        (5): Linear(in_features=640, out_features=60, bias=True)
      )
    )
  )
  (img_backbone): ResNet(
    (conv1): Conv2d(3, 64, kernel_size=(7, 7), stride=(2, 2), padding=(3, 3), bias=False)
    (bn1): BatchNorm2d(64, eps=1e-05, momentum=0.1, affine=True, track_running_stats=True)
    (relu): ReLU(inplace=True)
    (maxpool): MaxPool2d(kernel_size=3, stride=2, padding=1, dilation=1, ceil_mode=False)
    (layer1): ResLayer(
      (0): Bottleneck(
        (conv1): Conv2d(64, 64, kernel_size=(1, 1), stride=(1, 1), bias=False)
        (bn1): BatchNorm2d(64, eps=1e-05, momentum=0.1, affine=True, track_running_stats=True)
        (conv2): Conv2d(64, 64, kernel_size=(3, 3), stride=(1, 1), padding=(1, 1), bias=False)
        (bn2): BatchNorm2d(64, eps=1e-05, momentum=0.1, affine=True, track_running_stats=True)
        (conv3): Conv2d(64, 256, kernel_size=(1, 1), stride=(1, 1), bias=False)
        (bn3): BatchNorm2d(256, eps=1e-05, momentum=0.1, affine=True, track_running_stats=True)
        (relu): ReLU(inplace=True)
        (downsample): Sequential(
          (0): Conv2d(64, 256, kernel_size=(1, 1), stride=(1, 1), bias=False)
          (1): BatchNorm2d(256, eps=1e-05, momentum=0.1, affine=True, track_running_stats=True)
        )
      )
      init_cfg={'type': 'Constant', 'val': 0, 'override': {'name': 'norm3'}}
      (1): Bottleneck(
        (conv1): Conv2d(256, 64, kernel_size=(1, 1), stride=(1, 1), bias=False)
        (bn1): BatchNorm2d(64, eps=1e-05, momentum=0.1, affine=True, track_running_stats=True)
        (conv2): Conv2d(64, 64, kernel_size=(3, 3), stride=(1, 1), padding=(1, 1), bias=False)
        (bn2): BatchNorm2d(64, eps=1e-05, momentum=0.1, affine=True, track_running_stats=True)
        (conv3): Conv2d(64, 256, kernel_size=(1, 1), stride=(1, 1), bias=False)
        (bn3): BatchNorm2d(256, eps=1e-05, momentum=0.1, affine=True, track_running_stats=True)
        (relu): ReLU(inplace=True)
      )
      init_cfg={'type': 'Constant', 'val': 0, 'override': {'name': 'norm3'}}
      (2): Bottleneck(
        (conv1): Conv2d(256, 64, kernel_size=(1, 1), stride=(1, 1), bias=False)
        (bn1): BatchNorm2d(64, eps=1e-05, momentum=0.1, affine=True, track_running_stats=True)
        (conv2): Conv2d(64, 64, kernel_size=(3, 3), stride=(1, 1), padding=(1, 1), bias=False)
        (bn2): BatchNorm2d(64, eps=1e-05, momentum=0.1, affine=True, track_running_stats=True)
        (conv3): Conv2d(64, 256, kernel_size=(1, 1), stride=(1, 1), bias=False)
        (bn3): BatchNorm2d(256, eps=1e-05, momentum=0.1, affine=True, track_running_stats=True)
        (relu): ReLU(inplace=True)
      )
      init_cfg={'type': 'Constant', 'val': 0, 'override': {'name': 'norm3'}}
    )
    (layer2): ResLayer(
      (0): Bottleneck(
        (conv1): Conv2d(256, 128, kernel_size=(1, 1), stride=(1, 1), bias=False)
        (bn1): BatchNorm2d(128, eps=1e-05, momentum=0.1, affine=True, track_running_stats=True)
        (conv2): Conv2d(128, 128, kernel_size=(3, 3), stride=(2, 2), padding=(1, 1), bias=False)
        (bn2): BatchNorm2d(128, eps=1e-05, momentum=0.1, affine=True, track_running_stats=True)
        (conv3): Conv2d(128, 512, kernel_size=(1, 1), stride=(1, 1), bias=False)
        (bn3): BatchNorm2d(512, eps=1e-05, momentum=0.1, affine=True, track_running_stats=True)
        (relu): ReLU(inplace=True)
        (downsample): Sequential(
          (0): Conv2d(256, 512, kernel_size=(1, 1), stride=(2, 2), bias=False)
          (1): BatchNorm2d(512, eps=1e-05, momentum=0.1, affine=True, track_running_stats=True)
        )
      )
      init_cfg={'type': 'Constant', 'val': 0, 'override': {'name': 'norm3'}}
      (1): Bottleneck(
        (conv1): Conv2d(512, 128, kernel_size=(1, 1), stride=(1, 1), bias=False)
        (bn1): BatchNorm2d(128, eps=1e-05, momentum=0.1, affine=True, track_running_stats=True)
        (conv2): Conv2d(128, 128, kernel_size=(3, 3), stride=(1, 1), padding=(1, 1), bias=False)
        (bn2): BatchNorm2d(128, eps=1e-05, momentum=0.1, affine=True, track_running_stats=True)
        (conv3): Conv2d(128, 512, kernel_size=(1, 1), stride=(1, 1), bias=False)
        (bn3): BatchNorm2d(512, eps=1e-05, momentum=0.1, affine=True, track_running_stats=True)
        (relu): ReLU(inplace=True)
      )
      init_cfg={'type': 'Constant', 'val': 0, 'override': {'name': 'norm3'}}
      (2): Bottleneck(
        (conv1): Conv2d(512, 128, kernel_size=(1, 1), stride=(1, 1), bias=False)
        (bn1): BatchNorm2d(128, eps=1e-05, momentum=0.1, affine=True, track_running_stats=True)
        (conv2): Conv2d(128, 128, kernel_size=(3, 3), stride=(1, 1), padding=(1, 1), bias=False)
        (bn2): BatchNorm2d(128, eps=1e-05, momentum=0.1, affine=True, track_running_stats=True)
        (conv3): Conv2d(128, 512, kernel_size=(1, 1), stride=(1, 1), bias=False)
        (bn3): BatchNorm2d(512, eps=1e-05, momentum=0.1, affine=True, track_running_stats=True)
        (relu): ReLU(inplace=True)
      )
      init_cfg={'type': 'Constant', 'val': 0, 'override': {'name': 'norm3'}}
      (3): Bottleneck(
        (conv1): Conv2d(512, 128, kernel_size=(1, 1), stride=(1, 1), bias=False)
        (bn1): BatchNorm2d(128, eps=1e-05, momentum=0.1, affine=True, track_running_stats=True)
        (conv2): Conv2d(128, 128, kernel_size=(3, 3), stride=(1, 1), padding=(1, 1), bias=False)
        (bn2): BatchNorm2d(128, eps=1e-05, momentum=0.1, affine=True, track_running_stats=True)
        (conv3): Conv2d(128, 512, kernel_size=(1, 1), stride=(1, 1), bias=False)
        (bn3): BatchNorm2d(512, eps=1e-05, momentum=0.1, affine=True, track_running_stats=True)
        (relu): ReLU(inplace=True)
      )
      init_cfg={'type': 'Constant', 'val': 0, 'override': {'name': 'norm3'}}
    )
    (layer3): ResLayer(
      (0): Bottleneck(
        (conv1): Conv2d(512, 256, kernel_size=(1, 1), stride=(1, 1), bias=False)
        (bn1): BatchNorm2d(256, eps=1e-05, momentum=0.1, affine=True, track_running_stats=True)
        (conv2): Conv2d(256, 256, kernel_size=(3, 3), stride=(2, 2), padding=(1, 1), bias=False)
        (bn2): BatchNorm2d(256, eps=1e-05, momentum=0.1, affine=True, track_running_stats=True)
        (conv3): Conv2d(256, 1024, kernel_size=(1, 1), stride=(1, 1), bias=False)
        (bn3): BatchNorm2d(1024, eps=1e-05, momentum=0.1, affine=True, track_running_stats=True)
        (relu): ReLU(inplace=True)
        (downsample): Sequential(
          (0): Conv2d(512, 1024, kernel_size=(1, 1), stride=(2, 2), bias=False)
          (1): BatchNorm2d(1024, eps=1e-05, momentum=0.1, affine=True, track_running_stats=True)
        )
      )
      init_cfg={'type': 'Constant', 'val': 0, 'override': {'name': 'norm3'}}
      (1): Bottleneck(
        (conv1): Conv2d(1024, 256, kernel_size=(1, 1), stride=(1, 1), bias=False)
        (bn1): BatchNorm2d(256, eps=1e-05, momentum=0.1, affine=True, track_running_stats=True)
        (conv2): Conv2d(256, 256, kernel_size=(3, 3), stride=(1, 1), padding=(1, 1), bias=False)
        (bn2): BatchNorm2d(256, eps=1e-05, momentum=0.1, affine=True, track_running_stats=True)
        (conv3): Conv2d(256, 1024, kernel_size=(1, 1), stride=(1, 1), bias=False)
        (bn3): BatchNorm2d(1024, eps=1e-05, momentum=0.1, affine=True, track_running_stats=True)
        (relu): ReLU(inplace=True)
      )
      init_cfg={'type': 'Constant', 'val': 0, 'override': {'name': 'norm3'}}
      (2): Bottleneck(
        (conv1): Conv2d(1024, 256, kernel_size=(1, 1), stride=(1, 1), bias=False)
        (bn1): BatchNorm2d(256, eps=1e-05, momentum=0.1, affine=True, track_running_stats=True)
        (conv2): Conv2d(256, 256, kernel_size=(3, 3), stride=(1, 1), padding=(1, 1), bias=False)
        (bn2): BatchNorm2d(256, eps=1e-05, momentum=0.1, affine=True, track_running_stats=True)
        (conv3): Conv2d(256, 1024, kernel_size=(1, 1), stride=(1, 1), bias=False)
        (bn3): BatchNorm2d(1024, eps=1e-05, momentum=0.1, affine=True, track_running_stats=True)
        (relu): ReLU(inplace=True)
      )
      init_cfg={'type': 'Constant', 'val': 0, 'override': {'name': 'norm3'}}
      (3): Bottleneck(
        (conv1): Conv2d(1024, 256, kernel_size=(1, 1), stride=(1, 1), bias=False)
        (bn1): BatchNorm2d(256, eps=1e-05, momentum=0.1, affine=True, track_running_stats=True)
        (conv2): Conv2d(256, 256, kernel_size=(3, 3), stride=(1, 1), padding=(1, 1), bias=False)
        (bn2): BatchNorm2d(256, eps=1e-05, momentum=0.1, affine=True, track_running_stats=True)
        (conv3): Conv2d(256, 1024, kernel_size=(1, 1), stride=(1, 1), bias=False)
        (bn3): BatchNorm2d(1024, eps=1e-05, momentum=0.1, affine=True, track_running_stats=True)
        (relu): ReLU(inplace=True)
      )
      init_cfg={'type': 'Constant', 'val': 0, 'override': {'name': 'norm3'}}
      (4): Bottleneck(
        (conv1): Conv2d(1024, 256, kernel_size=(1, 1), stride=(1, 1), bias=False)
        (bn1): BatchNorm2d(256, eps=1e-05, momentum=0.1, affine=True, track_running_stats=True)
        (conv2): Conv2d(256, 256, kernel_size=(3, 3), stride=(1, 1), padding=(1, 1), bias=False)
        (bn2): BatchNorm2d(256, eps=1e-05, momentum=0.1, affine=True, track_running_stats=True)
        (conv3): Conv2d(256, 1024, kernel_size=(1, 1), stride=(1, 1), bias=False)
        (bn3): BatchNorm2d(1024, eps=1e-05, momentum=0.1, affine=True, track_running_stats=True)
        (relu): ReLU(inplace=True)
      )
      init_cfg={'type': 'Constant', 'val': 0, 'override': {'name': 'norm3'}}
      (5): Bottleneck(
        (conv1): Conv2d(1024, 256, kernel_size=(1, 1), stride=(1, 1), bias=False)
        (bn1): BatchNorm2d(256, eps=1e-05, momentum=0.1, affine=True, track_running_stats=True)
        (conv2): Conv2d(256, 256, kernel_size=(3, 3), stride=(1, 1), padding=(1, 1), bias=False)
        (bn2): BatchNorm2d(256, eps=1e-05, momentum=0.1, affine=True, track_running_stats=True)
        (conv3): Conv2d(256, 1024, kernel_size=(1, 1), stride=(1, 1), bias=False)
        (bn3): BatchNorm2d(1024, eps=1e-05, momentum=0.1, affine=True, track_running_stats=True)
        (relu): ReLU(inplace=True)
      )
      init_cfg={'type': 'Constant', 'val': 0, 'override': {'name': 'norm3'}}
    )
    (layer4): ResLayer(
      (0): Bottleneck(
        (conv1): Conv2d(1024, 512, kernel_size=(1, 1), stride=(1, 1), bias=False)
        (bn1): BatchNorm2d(512, eps=1e-05, momentum=0.1, affine=True, track_running_stats=True)
        (conv2): Conv2d(512, 512, kernel_size=(3, 3), stride=(2, 2), padding=(1, 1), bias=False)
        (bn2): BatchNorm2d(512, eps=1e-05, momentum=0.1, affine=True, track_running_stats=True)
        (conv3): Conv2d(512, 2048, kernel_size=(1, 1), stride=(1, 1), bias=False)
        (bn3): BatchNorm2d(2048, eps=1e-05, momentum=0.1, affine=True, track_running_stats=True)
        (relu): ReLU(inplace=True)
        (downsample): Sequential(
          (0): Conv2d(1024, 2048, kernel_size=(1, 1), stride=(2, 2), bias=False)
          (1): BatchNorm2d(2048, eps=1e-05, momentum=0.1, affine=True, track_running_stats=True)
        )
      )
      init_cfg={'type': 'Constant', 'val': 0, 'override': {'name': 'norm3'}}
      (1): Bottleneck(
        (conv1): Conv2d(2048, 512, kernel_size=(1, 1), stride=(1, 1), bias=False)
        (bn1): BatchNorm2d(512, eps=1e-05, momentum=0.1, affine=True, track_running_stats=True)
        (conv2): Conv2d(512, 512, kernel_size=(3, 3), stride=(1, 1), padding=(1, 1), bias=False)
        (bn2): BatchNorm2d(512, eps=1e-05, momentum=0.1, affine=True, track_running_stats=True)
        (conv3): Conv2d(512, 2048, kernel_size=(1, 1), stride=(1, 1), bias=False)
        (bn3): BatchNorm2d(2048, eps=1e-05, momentum=0.1, affine=True, track_running_stats=True)
        (relu): ReLU(inplace=True)
      )
      init_cfg={'type': 'Constant', 'val': 0, 'override': {'name': 'norm3'}}
      (2): Bottleneck(
        (conv1): Conv2d(2048, 512, kernel_size=(1, 1), stride=(1, 1), bias=False)
        (bn1): BatchNorm2d(512, eps=1e-05, momentum=0.1, affine=True, track_running_stats=True)
        (conv2): Conv2d(512, 512, kernel_size=(3, 3), stride=(1, 1), padding=(1, 1), bias=False)
        (bn2): BatchNorm2d(512, eps=1e-05, momentum=0.1, affine=True, track_running_stats=True)
        (conv3): Conv2d(512, 2048, kernel_size=(1, 1), stride=(1, 1), bias=False)
        (bn3): BatchNorm2d(2048, eps=1e-05, momentum=0.1, affine=True, track_running_stats=True)
        (relu): ReLU(inplace=True)
      )
      init_cfg={'type': 'Constant', 'val': 0, 'override': {'name': 'norm3'}}
    )
  )
  init_cfg={'type': 'Pretrained', 'checkpoint': '/workspace/end2end_AD_DriveTransformer/DriveTransformer/ckpts/resnet50-19c8e357.pth'}
  (img_neck): FPN(
    (lateral_convs): ModuleList(
      (0): ConvModule(
        (conv): Conv2d(2048, 640, kernel_size=(1, 1), stride=(1, 1))
      )
    )
    (fpn_convs): ModuleList(
      (0): ConvModule(
        (conv): Conv2d(640, 640, kernel_size=(3, 3), stride=(1, 1), padding=(1, 1))
      )
    )
  )
  init_cfg={'type': 'Xavier', 'layer': 'Conv2d', 'distribution': 'uniform'}
  (grid_mask): GridMask()
)
2026-05-25 14:09:09,048 - DriveTransformer - INFO - Start running, host: root@ubuntu, work_dir: /workspace/end2end_AD_DriveTransformer/DriveTransformer/adzoo/drivetransformer/work_dirs/drivetransformer/drivetransformer_large_single_gpu_24g_30epoch
2026-05-25 14:09:09,048 - DriveTransformer - INFO - Hooks will be executed in the following order:
before_run:
(VERY_HIGH   ) CosineAnnealingLrUpdaterHook       
(ABOVE_NORMAL) Fp16OptimizerHook                  
(NORMAL      ) CheckpointHook                     
(VERY_LOW    ) TextLoggerHook                     
(VERY_LOW    ) TensorboardLoggerHook              
 -------------------- 
before_train_epoch:
(VERY_HIGH   ) CosineAnnealingLrUpdaterHook       
(LOW         ) IterTimerHook                      
(VERY_LOW    ) TextLoggerHook                     
(VERY_LOW    ) TensorboardLoggerHook              
 -------------------- 
before_train_iter:
(VERY_HIGH   ) CosineAnnealingLrUpdaterHook       
(LOW         ) IterTimerHook                      
 -------------------- 
after_train_iter:
(ABOVE_NORMAL) Fp16OptimizerHook                  
(NORMAL      ) CheckpointHook                     
(LOW         ) IterTimerHook                      
(VERY_LOW    ) TextLoggerHook                     
(VERY_LOW    ) TensorboardLoggerHook              
 -------------------- 
after_train_epoch:
(NORMAL      ) CheckpointHook                     
(VERY_LOW    ) TextLoggerHook                     
(VERY_LOW    ) TensorboardLoggerHook              
 -------------------- 
before_val_epoch:
(LOW         ) IterTimerHook                      
(VERY_LOW    ) TextLoggerHook                     
(VERY_LOW    ) TensorboardLoggerHook              
 -------------------- 
before_val_iter:
(LOW         ) IterTimerHook                      
 -------------------- 
after_val_iter:
(LOW         ) IterTimerHook                      
 -------------------- 
after_val_epoch:
(VERY_LOW    ) TextLoggerHook                     
(VERY_LOW    ) TensorboardLoggerHook              
 -------------------- 
after_run:
(VERY_LOW    ) TextLoggerHook                     
(VERY_LOW    ) TensorboardLoggerHook              
 -------------------- 
2026-05-25 14:09:09,049 - DriveTransformer - INFO - workflow: [('train', 1)], max: 12870 iters
2026-05-25 14:09:09,053 - DriveTransformer - INFO - Checkpoints will be saved to /workspace/end2end_AD_DriveTransformer/DriveTransformer/adzoo/drivetransformer/work_dirs/drivetransformer/drivetransformer_large_single_gpu_24g_30epoch by HardDiskBackend.
2026-05-25 14:10:07,307 - DriveTransformer - INFO - Iter [50/12870]	lr: 1.074e-05, eta: 4:06:38, time: 1.154, data_time: 0.118, memory: 21554, loss_cls: 48.4617, loss_bbox: 1.5310, loss_traj: 8.5383, loss_traj_cls: 0.0215, loss_map_cls: 2.1333, loss_map_pts: 4.9010, loss_map_dir: 0.0936, d0.loss_plan_l1_fix_time: 12.2499, d0.loss_plan_l1_fix_dist: 3.0411, d1.loss_plan_l1_fix_time: 12.1418, d1.loss_plan_l1_fix_dist: 3.1132, d2.loss_plan_l1_fix_time: 12.1486, d2.loss_plan_l1_fix_dist: 3.5270, d3.loss_plan_l1_fix_time: 12.2376, d3.loss_plan_l1_fix_dist: 4.4381, d4.loss_plan_l1_fix_time: 12.4432, d4.loss_plan_l1_fix_dist: 5.2348, d5.loss_plan_l1_fix_time: 12.6245, d5.loss_plan_l1_fix_dist: 6.1094, d6.loss_plan_l1_fix_time: 12.8519, d6.loss_plan_l1_fix_dist: 6.9758, d7.loss_plan_l1_fix_time: 13.1700, d7.loss_plan_l1_fix_dist: 8.0132, d8.loss_plan_l1_fix_time: 13.5254, d8.loss_plan_l1_fix_dist: 9.1169, d0.loss_cls_all: 68.2185, d0.loss_bbox_all: 1.4308, d0.loss_cls: 68.2185, d0.loss_bbox: 1.4308, d1.loss_cls: 45.8179, d1.loss_bbox: 1.3931, d2.loss_cls: 41.3267, d2.loss_bbox: 1.4429, d3.loss_cls: 50.8770, d3.loss_bbox: 1.4811, d4.loss_cls: 45.3691, d4.loss_bbox: 1.5073, d5.loss_cls: 43.7776, d5.loss_bbox: 1.5348, d6.loss_cls: 44.0665, d6.loss_bbox: 1.5332, d7.loss_cls: 46.7566, d7.loss_bbox: 1.5378, d0.loss_traj_cls: 0.0134, d0.loss_traj: 8.7220, d1.loss_traj_cls: 0.0113, d1.loss_traj: 8.5972, d2.loss_traj_cls: 0.0107, d2.loss_traj: 8.6122, d3.loss_traj_cls: 0.0130, d3.loss_traj: 8.5372, d4.loss_traj_cls: 0.0269, d4.loss_traj: 8.5766, d5.loss_traj_cls: 0.0386, d5.loss_traj: 8.6394, d6.loss_traj_cls: 0.0239, d6.loss_traj: 8.5435, d7.loss_traj_cls: 0.0222, d7.loss_traj: 8.4735, d0.loss_map_cls_all: 2.9389, d0.loss_map_pts_all: 4.9695, d0.loss_map_dir_all: 0.0935, d0.loss_map_cls: 2.9389, d0.loss_map_pts: 4.9695, d0.loss_map_dir: 0.0935, d1.loss_map_cls: 2.9860, d1.loss_map_pts: 4.9662, d1.loss_map_dir: 0.0936, d2.loss_map_cls: 3.4232, d2.loss_map_pts: 4.9548, d2.loss_map_dir: 0.0937, d3.loss_map_cls: 3.0647, d3.loss_map_pts: 4.9282, d3.loss_map_dir: 0.0937, d4.loss_map_cls: 3.2403, d4.loss_map_pts: 4.9177, d4.loss_map_dir: 0.0936, d5.loss_map_cls: 2.7580, d5.loss_map_pts: 4.9126, d5.loss_map_dir: 0.0936, d6.loss_map_cls: 2.1978, d6.loss_map_pts: 4.9095, d6.loss_map_dir: 0.0936, d7.loss_map_cls: 2.1574, d7.loss_map_pts: 4.9067, d7.loss_map_dir: 0.0936, loss: 836.2068, grad_norm: 22492.2151
2026-05-25 14:11:00,487 - DriveTransformer - INFO - Iter [100/12870]	lr: 1.863e-05, eta: 3:56:01, time: 1.064, data_time: 0.056, memory: 21557, loss_cls: 1.2633, loss_bbox: 1.2991, loss_traj: 8.2609, loss_traj_cls: 0.0043, loss_map_cls: 0.5982, loss_map_pts: 4.3165, loss_map_dir: 0.0928, d0.loss_plan_l1_fix_time: 11.7246, d0.loss_plan_l1_fix_dist: 1.5984, d1.loss_plan_l1_fix_time: 11.4301, d1.loss_plan_l1_fix_dist: 1.6423, d2.loss_plan_l1_fix_time: 11.2747, d2.loss_plan_l1_fix_dist: 2.0892, d3.loss_plan_l1_fix_time: 11.1943, d3.loss_plan_l1_fix_dist: 2.6226, d4.loss_plan_l1_fix_time: 11.1595, d4.loss_plan_l1_fix_dist: 3.2030, d5.loss_plan_l1_fix_time: 11.1650, d5.loss_plan_l1_fix_dist: 3.8233, d6.loss_plan_l1_fix_time: 11.2028, d6.loss_plan_l1_fix_dist: 4.4653, d7.loss_plan_l1_fix_time: 11.2675, d7.loss_plan_l1_fix_dist: 5.1693, d8.loss_plan_l1_fix_time: 11.3604, d8.loss_plan_l1_fix_dist: 5.9274, d0.loss_cls_all: 1.3567, d0.loss_bbox_all: 1.2546, d0.loss_cls: 1.3567, d0.loss_bbox: 1.2546, d1.loss_cls: 1.3045, d1.loss_bbox: 1.2466, d2.loss_cls: 1.2931, d2.loss_bbox: 1.2416, d3.loss_cls: 1.2862, d3.loss_bbox: 1.2414, d4.loss_cls: 1.2718, d4.loss_bbox: 1.2433, d5.loss_cls: 1.2680, d5.loss_bbox: 1.2573, d6.loss_cls: 1.2672, d6.loss_bbox: 1.2658, d7.loss_cls: 1.2654, d7.loss_bbox: 1.2784, d0.loss_traj_cls: 0.0007, d0.loss_traj: 8.0357, d1.loss_traj_cls: 0.0010, d1.loss_traj: 8.1360, d2.loss_traj_cls: 0.0014, d2.loss_traj: 8.1762, d3.loss_traj_cls: 0.0016, d3.loss_traj: 8.1919, d4.loss_traj_cls: 0.0026, d4.loss_traj: 8.2189, d5.loss_traj_cls: 0.0040, d5.loss_traj: 8.2325, d6.loss_traj_cls: 0.0024, d6.loss_traj: 8.2314, d7.loss_traj_cls: 0.0027, d7.loss_traj: 8.2512, d0.loss_map_cls_all: 0.6426, d0.loss_map_pts_all: 4.6438, d0.loss_map_dir_all: 0.0929, d0.loss_map_cls: 0.6426, d0.loss_map_pts: 4.6438, d0.loss_map_dir: 0.0929, d1.loss_map_cls: 0.6317, d1.loss_map_pts: 4.5472, d1.loss_map_dir: 0.0928, d2.loss_map_cls: 0.6274, d2.loss_map_pts: 4.4679, d2.loss_map_dir: 0.0929, d3.loss_map_cls: 0.6143, d3.loss_map_pts: 4.4084, d3.loss_map_dir: 0.0929, d4.loss_map_cls: 0.6121, d4.loss_map_pts: 4.3658, d4.loss_map_dir: 0.0928, d5.loss_map_cls: 0.6082, d5.loss_map_pts: 4.3400, d5.loss_map_dir: 0.0928, d6.loss_map_cls: 0.6025, d6.loss_map_pts: 4.3222, d6.loss_map_dir: 0.0928, d7.loss_map_cls: 0.5998, d7.loss_map_pts: 4.3147, d7.loss_map_dir: 0.0928, loss: 283.0683, grad_norm: 2720.5988
2026-05-25 14:11:51,897 - DriveTransformer - INFO - Iter [150/12870]	lr: 2.652e-05, eta: 3:49:23, time: 1.028, data_time: 0.056, memory: 21557, loss_cls: 1.2520, loss_bbox: 1.1470, loss_traj: 5.9053, loss_traj_cls: 0.0012, loss_map_cls: 0.7106, loss_map_pts: 4.6377, loss_map_dir: 0.0811, d0.loss_plan_l1_fix_time: 8.5309, d0.loss_plan_l1_fix_dist: 0.9657, d1.loss_plan_l1_fix_time: 7.7921, d1.loss_plan_l1_fix_dist: 1.2674, d2.loss_plan_l1_fix_time: 7.2993, d2.loss_plan_l1_fix_dist: 1.7495, d3.loss_plan_l1_fix_time: 6.9502, d3.loss_plan_l1_fix_dist: 2.2906, d4.loss_plan_l1_fix_time: 6.7305, d4.loss_plan_l1_fix_dist: 2.8419, d5.loss_plan_l1_fix_time: 6.6071, d5.loss_plan_l1_fix_dist: 3.3968, d6.loss_plan_l1_fix_time: 6.5370, d6.loss_plan_l1_fix_dist: 3.9739, d7.loss_plan_l1_fix_time: 6.5262, d7.loss_plan_l1_fix_dist: 4.5883, d8.loss_plan_l1_fix_time: 6.5561, d8.loss_plan_l1_fix_dist: 5.2179, d0.loss_cls_all: 1.2617, d0.loss_bbox_all: 1.0136, d0.loss_cls: 1.2617, d0.loss_bbox: 1.0136, d1.loss_cls: 1.2252, d1.loss_bbox: 1.0272, d2.loss_cls: 1.2143, d2.loss_bbox: 1.0392, d3.loss_cls: 1.2250, d3.loss_bbox: 1.0602, d4.loss_cls: 1.2138, d4.loss_bbox: 1.0808, d5.loss_cls: 1.2147, d5.loss_bbox: 1.0893, d6.loss_cls: 1.2266, d6.loss_bbox: 1.1033, d7.loss_cls: 1.2333, d7.loss_bbox: 1.1227, d0.loss_traj_cls: 0.0005, d0.loss_traj: 5.3395, d1.loss_traj_cls: 0.0006, d1.loss_traj: 5.5858, d2.loss_traj_cls: 0.0007, d2.loss_traj: 5.7043, d3.loss_traj_cls: 0.0007, d3.loss_traj: 5.7551, d4.loss_traj_cls: 0.0008, d4.loss_traj: 5.7972, d5.loss_traj_cls: 0.0012, d5.loss_traj: 5.8380, d6.loss_traj_cls: 0.0008, d6.loss_traj: 5.8450, d7.loss_traj_cls: 0.0008, d7.loss_traj: 5.8787, d0.loss_map_cls_all: 0.6738, d0.loss_map_pts_all: 5.0604, d0.loss_map_dir_all: 0.0808, d0.loss_map_cls: 0.6738, d0.loss_map_pts: 5.0604, d0.loss_map_dir: 0.0808, d1.loss_map_cls: 0.6547, d1.loss_map_pts: 4.8736, d1.loss_map_dir: 0.0808, d2.loss_map_cls: 0.6643, d2.loss_map_pts: 4.7518, d2.loss_map_dir: 0.0810, d3.loss_map_cls: 0.6599, d3.loss_map_pts: 4.6856, d3.loss_map_dir: 0.0811, d4.loss_map_cls: 0.6683, d4.loss_map_pts: 4.6518, d4.loss_map_dir: 0.0810, d5.loss_map_cls: 0.6811, d5.loss_map_pts: 4.6284, d5.loss_map_dir: 0.0811, d6.loss_map_cls: 0.6905, d6.loss_map_pts: 4.6242, d6.loss_map_dir: 0.0812, d7.loss_map_cls: 0.6948, d7.loss_map_pts: 4.6373, d7.loss_map_dir: 0.0811, loss: 219.6957, grad_norm: 3346.5196
2026-05-25 14:12:40,321 - DriveTransformer - INFO - Iter [200/12870]	lr: 2.998e-05, eta: 3:42:29, time: 0.968, data_time: 0.056, memory: 21557, loss_cls: 1.2410, loss_bbox: 1.0619, loss_traj: 6.6407, loss_traj_cls: 0.0007, loss_map_cls: 0.6752, loss_map_pts: 4.7533, loss_map_dir: 0.0696, d0.loss_plan_l1_fix_time: 10.3674, d0.loss_plan_l1_fix_dist: 0.8346, d1.loss_plan_l1_fix_time: 7.3784, d1.loss_plan_l1_fix_dist: 1.1059, d2.loss_plan_l1_fix_time: 5.5372, d2.loss_plan_l1_fix_dist: 1.5288, d3.loss_plan_l1_fix_time: 4.4250, d3.loss_plan_l1_fix_dist: 1.9389, d4.loss_plan_l1_fix_time: 3.7917, d4.loss_plan_l1_fix_dist: 2.3566, d5.loss_plan_l1_fix_time: 3.4537, d5.loss_plan_l1_fix_dist: 2.7891, d6.loss_plan_l1_fix_time: 3.3922, d6.loss_plan_l1_fix_dist: 3.2261, d7.loss_plan_l1_fix_time: 3.5388, d7.loss_plan_l1_fix_dist: 3.6936, d8.loss_plan_l1_fix_time: 3.8469, d8.loss_plan_l1_fix_dist: 4.1799, d0.loss_cls_all: 1.1435, d0.loss_bbox_all: 0.9402, d0.loss_cls: 1.1435, d0.loss_bbox: 0.9402, d1.loss_cls: 1.1338, d1.loss_bbox: 0.9383, d2.loss_cls: 1.1396, d2.loss_bbox: 0.9524, d3.loss_cls: 1.1601, d3.loss_bbox: 0.9744, d4.loss_cls: 1.1776, d4.loss_bbox: 0.9812, d5.loss_cls: 1.1896, d5.loss_bbox: 0.9951, d6.loss_cls: 1.2109, d6.loss_bbox: 1.0139, d7.loss_cls: 1.2210, d7.loss_bbox: 1.0368, d0.loss_traj_cls: 0.0005, d0.loss_traj: 4.1933, d1.loss_traj_cls: 0.0005, d1.loss_traj: 5.3288, d2.loss_traj_cls: 0.0005, d2.loss_traj: 5.8302, d3.loss_traj_cls: 0.0005, d3.loss_traj: 6.0294, d4.loss_traj_cls: 0.0005, d4.loss_traj: 6.2173, d5.loss_traj_cls: 0.0006, d5.loss_traj: 6.3702, d6.loss_traj_cls: 0.0006, d6.loss_traj: 6.3713, d7.loss_traj_cls: 0.0006, d7.loss_traj: 6.5258, d0.loss_map_cls_all: 0.6104, d0.loss_map_pts_all: 5.0809, d0.loss_map_dir_all: 0.0690, d0.loss_map_cls: 0.6104, d0.loss_map_pts: 5.0809, d0.loss_map_dir: 0.0690, d1.loss_map_cls: 0.5904, d1.loss_map_pts: 4.8523, d1.loss_map_dir: 0.0691, d2.loss_map_cls: 0.5950, d2.loss_map_pts: 4.7624, d2.loss_map_dir: 0.0694, d3.loss_map_cls: 0.6005, d3.loss_map_pts: 4.7195, d3.loss_map_dir: 0.0694, d4.loss_map_cls: 0.6203, d4.loss_map_pts: 4.7071, d4.loss_map_dir: 0.0695, d5.loss_map_cls: 0.6379, d5.loss_map_pts: 4.7098, d5.loss_map_dir: 0.0695, d6.loss_map_cls: 0.6553, d6.loss_map_pts: 4.7188, d6.loss_map_dir: 0.0696, d7.loss_map_cls: 0.6669, d7.loss_map_pts: 4.7340, d7.loss_map_dir: 0.0696, loss: 197.5668, grad_norm: 2320.3873
2026-05-25 14:13:28,412 - DriveTransformer - INFO - Iter [250/12870]	lr: 2.997e-05, eta: 3:37:45, time: 0.962, data_time: 0.058, memory: 21557, loss_cls: 1.0525, loss_bbox: 1.2535, loss_traj: 4.0467, loss_traj_cls: 0.0006, loss_map_cls: 0.5735, loss_map_pts: 4.6764, loss_map_dir: 0.0534, d0.loss_plan_l1_fix_time: 9.3874, d0.loss_plan_l1_fix_dist: 0.9881, d1.loss_plan_l1_fix_time: 6.3812, d1.loss_plan_l1_fix_dist: 1.1094, d2.loss_plan_l1_fix_time: 5.1268, d2.loss_plan_l1_fix_dist: 1.3431, d3.loss_plan_l1_fix_time: 4.6704, d3.loss_plan_l1_fix_dist: 1.5951, d4.loss_plan_l1_fix_time: 4.5938, d4.loss_plan_l1_fix_dist: 1.8683, d5.loss_plan_l1_fix_time: 4.6689, d5.loss_plan_l1_fix_dist: 2.1428, d6.loss_plan_l1_fix_time: 4.7662, d6.loss_plan_l1_fix_dist: 2.4254, d7.loss_plan_l1_fix_time: 4.8605, d7.loss_plan_l1_fix_dist: 2.7252, d8.loss_plan_l1_fix_time: 4.9680, d8.loss_plan_l1_fix_dist: 3.0526, d0.loss_cls_all: 0.9388, d0.loss_bbox_all: 1.0412, d0.loss_cls: 0.9388, d0.loss_bbox: 1.0412, d1.loss_cls: 0.9626, d1.loss_bbox: 1.0357, d2.loss_cls: 0.9812, d2.loss_bbox: 1.0479, d3.loss_cls: 1.0070, d3.loss_bbox: 1.0787, d4.loss_cls: 1.0033, d4.loss_bbox: 1.1110, d5.loss_cls: 1.0180, d5.loss_bbox: 1.1352, d6.loss_cls: 1.0320, d6.loss_bbox: 1.1751, d7.loss_cls: 1.0389, d7.loss_bbox: 1.2137, d0.loss_traj_cls: 0.0005, d0.loss_traj: 2.2774, d1.loss_traj_cls: 0.0005, d1.loss_traj: 2.4443, d2.loss_traj_cls: 0.0005, d2.loss_traj: 2.7560, d3.loss_traj_cls: 0.0005, d3.loss_traj: 3.0304, d4.loss_traj_cls: 0.0006, d4.loss_traj: 3.3276, d5.loss_traj_cls: 0.0006, d5.loss_traj: 3.5266, d6.loss_traj_cls: 0.0006, d6.loss_traj: 3.6950, d7.loss_traj_cls: 0.0006, d7.loss_traj: 3.8922, d0.loss_map_cls_all: 0.4821, d0.loss_map_pts_all: 5.0553, d0.loss_map_dir_all: 0.0531, d0.loss_map_cls: 0.4821, d0.loss_map_pts: 5.0553, d0.loss_map_dir: 0.0531, d1.loss_map_cls: 0.4767, d1.loss_map_pts: 4.8274, d1.loss_map_dir: 0.0532, d2.loss_map_cls: 0.4968, d2.loss_map_pts: 4.7197, d2.loss_map_dir: 0.0533, d3.loss_map_cls: 0.5140, d3.loss_map_pts: 4.6761, d3.loss_map_dir: 0.0533, d4.loss_map_cls: 0.5291, d4.loss_map_pts: 4.6575, d4.loss_map_dir: 0.0534, d5.loss_map_cls: 0.5399, d5.loss_map_pts: 4.6565, d5.loss_map_dir: 0.0534, d6.loss_map_cls: 0.5524, d6.loss_map_pts: 4.6599, d6.loss_map_dir: 0.0534, d7.loss_map_cls: 0.5638, d7.loss_map_pts: 4.6668, d7.loss_map_dir: 0.0534, loss: 170.1744, grad_norm: 2004.7183
2026-05-25 14:14:16,669 - DriveTransformer - INFO - Iter [300/12870]	lr: 2.996e-05, eta: 3:34:26, time: 0.965, data_time: 0.058, memory: 21562, loss_cls: 1.0661, loss_bbox: 1.0899, loss_traj: 3.4965, loss_traj_cls: 0.0006, loss_map_cls: 0.5589, loss_map_pts: 3.8680, loss_map_dir: 0.0444, d0.loss_plan_l1_fix_time: 7.6926, d0.loss_plan_l1_fix_dist: 0.8246, d1.loss_plan_l1_fix_time: 4.2682, d1.loss_plan_l1_fix_dist: 0.9878, d2.loss_plan_l1_fix_time: 3.5026, d2.loss_plan_l1_fix_dist: 1.1921, d3.loss_plan_l1_fix_time: 3.4771, d3.loss_plan_l1_fix_dist: 1.4108, d4.loss_plan_l1_fix_time: 3.5442, d4.loss_plan_l1_fix_dist: 1.6399, d5.loss_plan_l1_fix_time: 3.6125, d5.loss_plan_l1_fix_dist: 1.8809, d6.loss_plan_l1_fix_time: 3.6845, d6.loss_plan_l1_fix_dist: 2.1338, d7.loss_plan_l1_fix_time: 3.7682, d7.loss_plan_l1_fix_dist: 2.4077, d8.loss_plan_l1_fix_time: 3.8654, d8.loss_plan_l1_fix_dist: 2.7077, d0.loss_cls_all: 0.9029, d0.loss_bbox_all: 0.9928, d0.loss_cls: 0.9029, d0.loss_bbox: 0.9928, d1.loss_cls: 0.9479, d1.loss_bbox: 0.9743, d2.loss_cls: 0.9549, d2.loss_bbox: 0.9841, d3.loss_cls: 0.9634, d3.loss_bbox: 0.9897, d4.loss_cls: 0.9826, d4.loss_bbox: 0.9955, d5.loss_cls: 0.9972, d5.loss_bbox: 1.0124, d6.loss_cls: 1.0118, d6.loss_bbox: 1.0357, d7.loss_cls: 1.0273, d7.loss_bbox: 1.0586, d0.loss_traj_cls: 0.0003, d0.loss_traj: 2.6812, d1.loss_traj_cls: 0.0004, d1.loss_traj: 2.7162, d2.loss_traj_cls: 0.0004, d2.loss_traj: 2.7778, d3.loss_traj_cls: 0.0004, d3.loss_traj: 2.8813, d4.loss_traj_cls: 0.0005, d4.loss_traj: 3.0072, d5.loss_traj_cls: 0.0005, d5.loss_traj: 3.1464, d6.loss_traj_cls: 0.0005, d6.loss_traj: 3.2861, d7.loss_traj_cls: 0.0005, d7.loss_traj: 3.3957, d0.loss_map_cls_all: 0.5011, d0.loss_map_pts_all: 4.5445, d0.loss_map_dir_all: 0.0444, d0.loss_map_cls: 0.5011, d0.loss_map_pts: 4.5445, d0.loss_map_dir: 0.0444, d1.loss_map_cls: 0.4959, d1.loss_map_pts: 4.2000, d1.loss_map_dir: 0.0443, d2.loss_map_cls: 0.4999, d2.loss_map_pts: 4.0026, d2.loss_map_dir: 0.0443, d3.loss_map_cls: 0.5099, d3.loss_map_pts: 3.9068, d3.loss_map_dir: 0.0443, d4.loss_map_cls: 0.5158, d4.loss_map_pts: 3.8692, d4.loss_map_dir: 0.0443, d5.loss_map_cls: 0.5222, d5.loss_map_pts: 3.8568, d5.loss_map_dir: 0.0443, d6.loss_map_cls: 0.5392, d6.loss_map_pts: 3.8501, d6.loss_map_dir: 0.0443, d7.loss_map_cls: 0.5470, d7.loss_map_pts: 3.8575, d7.loss_map_dir: 0.0443, loss: 146.0107, grad_norm: 2615.9132
2026-05-25 14:15:06,179 - DriveTransformer - INFO - Iter [350/12870]	lr: 2.995e-05, eta: 3:32:35, time: 0.990, data_time: 0.058, memory: 21562, loss_cls: 1.0567, loss_bbox: 1.1126, loss_traj: 4.1635, loss_traj_cls: 0.0005, loss_map_cls: 0.5846, loss_map_pts: 2.8929, loss_map_dir: 0.0371, d0.loss_plan_l1_fix_time: 4.8703, d0.loss_plan_l1_fix_dist: 0.6183, d1.loss_plan_l1_fix_time: 2.7299, d1.loss_plan_l1_fix_dist: 0.7401, d2.loss_plan_l1_fix_time: 2.5202, d2.loss_plan_l1_fix_dist: 0.8875, d3.loss_plan_l1_fix_time: 2.5638, d3.loss_plan_l1_fix_dist: 1.0477, d4.loss_plan_l1_fix_time: 2.5862, d4.loss_plan_l1_fix_dist: 1.2187, d5.loss_plan_l1_fix_time: 2.6058, d5.loss_plan_l1_fix_dist: 1.3948, d6.loss_plan_l1_fix_time: 2.6419, d6.loss_plan_l1_fix_dist: 1.5781, d7.loss_plan_l1_fix_time: 2.6942, d7.loss_plan_l1_fix_dist: 1.7738, d8.loss_plan_l1_fix_time: 2.7603, d8.loss_plan_l1_fix_dist: 1.9875, d0.loss_cls_all: 0.9897, d0.loss_bbox_all: 0.9914, d0.loss_cls: 0.9897, d0.loss_bbox: 0.9914, d1.loss_cls: 0.9910, d1.loss_bbox: 1.0165, d2.loss_cls: 0.9893, d2.loss_bbox: 1.0310, d3.loss_cls: 0.9931, d3.loss_bbox: 1.0404, d4.loss_cls: 1.0006, d4.loss_bbox: 1.0420, d5.loss_cls: 1.0128, d5.loss_bbox: 1.0476, d6.loss_cls: 1.0264, d6.loss_bbox: 1.0608, d7.loss_cls: 1.0427, d7.loss_bbox: 1.0814, d0.loss_traj_cls: 0.0003, d0.loss_traj: 4.2554, d1.loss_traj_cls: 0.0004, d1.loss_traj: 4.0667, d2.loss_traj_cls: 0.0004, d2.loss_traj: 3.9919, d3.loss_traj_cls: 0.0004, d3.loss_traj: 4.0064, d4.loss_traj_cls: 0.0004, d4.loss_traj: 4.0195, d5.loss_traj_cls: 0.0004, d5.loss_traj: 4.0420, d6.loss_traj_cls: 0.0004, d6.loss_traj: 4.0767, d7.loss_traj_cls: 0.0004, d7.loss_traj: 4.1108, d0.loss_map_cls_all: 0.5249, d0.loss_map_pts_all: 3.7581, d0.loss_map_dir_all: 0.0377, d0.loss_map_cls: 0.5249, d0.loss_map_pts: 3.7581, d0.loss_map_dir: 0.0377, d1.loss_map_cls: 0.5290, d1.loss_map_pts: 3.1816, d1.loss_map_dir: 0.0373, d2.loss_map_cls: 0.5341, d2.loss_map_pts: 2.9267, d2.loss_map_dir: 0.0372, d3.loss_map_cls: 0.5382, d3.loss_map_pts: 2.8429, d3.loss_map_dir: 0.0372, d4.loss_map_cls: 0.5486, d4.loss_map_pts: 2.8202, d4.loss_map_dir: 0.0373, d5.loss_map_cls: 0.5562, d5.loss_map_pts: 2.8170, d5.loss_map_dir: 0.0372, d6.loss_map_cls: 0.5665, d6.loss_map_pts: 2.8289, d6.loss_map_dir: 0.0371, d7.loss_map_cls: 0.5742, d7.loss_map_pts: 2.8561, d7.loss_map_dir: 0.0371, loss: 130.9995, grad_norm: 1945.3544
2026-05-25 14:15:56,101 - DriveTransformer - INFO - Iter [400/12870]	lr: 2.993e-05, eta: 3:31:12, time: 0.998, data_time: 0.059, memory: 21566, loss_cls: 1.0698, loss_bbox: 1.0995, loss_traj: 3.4643, loss_traj_cls: 0.0007, loss_map_cls: 0.6257, loss_map_pts: 2.7791, loss_map_dir: 0.0330, d0.loss_plan_l1_fix_time: 5.5257, d0.loss_plan_l1_fix_dist: 1.2011, d1.loss_plan_l1_fix_time: 5.0427, d1.loss_plan_l1_fix_dist: 1.2916, d2.loss_plan_l1_fix_time: 5.0589, d2.loss_plan_l1_fix_dist: 1.4172, d3.loss_plan_l1_fix_time: 5.0643, d3.loss_plan_l1_fix_dist: 1.5667, d4.loss_plan_l1_fix_time: 5.0799, d4.loss_plan_l1_fix_dist: 1.7296, d5.loss_plan_l1_fix_time: 5.1153, d5.loss_plan_l1_fix_dist: 1.9045, d6.loss_plan_l1_fix_time: 5.1644, d6.loss_plan_l1_fix_dist: 2.0907, d7.loss_plan_l1_fix_time: 5.2229, d7.loss_plan_l1_fix_dist: 2.2922, d8.loss_plan_l1_fix_time: 5.2896, d8.loss_plan_l1_fix_dist: 2.5160, d0.loss_cls_all: 0.9876, d0.loss_bbox_all: 1.0514, d0.loss_cls: 0.9876, d0.loss_bbox: 1.0514, d1.loss_cls: 1.0014, d1.loss_bbox: 1.0307, d2.loss_cls: 1.0139, d2.loss_bbox: 1.0284, d3.loss_cls: 1.0245, d3.loss_bbox: 1.0263, d4.loss_cls: 1.0310, d4.loss_bbox: 1.0254, d5.loss_cls: 1.0393, d5.loss_bbox: 1.0351, d6.loss_cls: 1.0431, d6.loss_bbox: 1.0557, d7.loss_cls: 1.0534, d7.loss_bbox: 1.0787, d0.loss_traj_cls: 0.0005, d0.loss_traj: 2.8999, d1.loss_traj_cls: 0.0005, d1.loss_traj: 2.8920, d2.loss_traj_cls: 0.0005, d2.loss_traj: 2.9469, d3.loss_traj_cls: 0.0005, d3.loss_traj: 2.9821, d4.loss_traj_cls: 0.0006, d4.loss_traj: 3.0355, d5.loss_traj_cls: 0.0006, d5.loss_traj: 3.1204, d6.loss_traj_cls: 0.0006, d6.loss_traj: 3.2079, d7.loss_traj_cls: 0.0006, d7.loss_traj: 3.3404, d0.loss_map_cls_all: 0.5378, d0.loss_map_pts_all: 3.6895, d0.loss_map_dir_all: 0.0330, d0.loss_map_cls: 0.5378, d0.loss_map_pts: 3.6895, d0.loss_map_dir: 0.0330, d1.loss_map_cls: 0.5711, d1.loss_map_pts: 3.0830, d1.loss_map_dir: 0.0330, d2.loss_map_cls: 0.5862, d2.loss_map_pts: 2.8707, d2.loss_map_dir: 0.0330, d3.loss_map_cls: 0.5952, d3.loss_map_pts: 2.8093, d3.loss_map_dir: 0.0330, d4.loss_map_cls: 0.6065, d4.loss_map_pts: 2.7876, d4.loss_map_dir: 0.0330, d5.loss_map_cls: 0.6155, d5.loss_map_pts: 2.7792, d5.loss_map_dir: 0.0330, d6.loss_map_cls: 0.6186, d6.loss_map_pts: 2.7769, d6.loss_map_dir: 0.0330, d7.loss_map_cls: 0.6228, d7.loss_map_pts: 2.7773, d7.loss_map_dir: 0.0330, loss: 147.4913, grad_norm: 1768.3311
2026-05-25 14:16:25,064 - DriveTransformer - INFO - Saving checkpoint at 429 iterations
2026-05-25 14:16:57,930 - DriveTransformer - INFO - Iter [450/12870]	lr: 2.991e-05, eta: 3:35:26, time: 1.237, data_time: 0.059, memory: 21566, loss_cls: 1.0038, loss_bbox: 1.1045, loss_traj: 2.0250, loss_traj_cls: 0.0008, loss_map_cls: 0.5991, loss_map_pts: 2.8482, loss_map_dir: 0.0257, d0.loss_plan_l1_fix_time: 4.1358, d0.loss_plan_l1_fix_dist: 0.8681, d1.loss_plan_l1_fix_time: 4.0165, d1.loss_plan_l1_fix_dist: 0.9206, d2.loss_plan_l1_fix_time: 4.0427, d2.loss_plan_l1_fix_dist: 1.0385, d3.loss_plan_l1_fix_time: 4.0497, d3.loss_plan_l1_fix_dist: 1.1719, d4.loss_plan_l1_fix_time: 4.0781, d4.loss_plan_l1_fix_dist: 1.3127, d5.loss_plan_l1_fix_time: 4.1318, d5.loss_plan_l1_fix_dist: 1.4598, d6.loss_plan_l1_fix_time: 4.2034, d6.loss_plan_l1_fix_dist: 1.6178, d7.loss_plan_l1_fix_time: 4.2868, d7.loss_plan_l1_fix_dist: 1.7928, d8.loss_plan_l1_fix_time: 4.3778, d8.loss_plan_l1_fix_dist: 1.9959, d0.loss_cls_all: 0.9444, d0.loss_bbox_all: 1.0637, d0.loss_cls: 0.9444, d0.loss_bbox: 1.0637, d1.loss_cls: 0.9516, d1.loss_bbox: 1.0514, d2.loss_cls: 0.9480, d2.loss_bbox: 1.0549, d3.loss_cls: 0.9511, d3.loss_bbox: 1.0550, d4.loss_cls: 0.9535, d4.loss_bbox: 1.0670, d5.loss_cls: 0.9515, d5.loss_bbox: 1.0780, d6.loss_cls: 0.9648, d6.loss_bbox: 1.0911, d7.loss_cls: 0.9797, d7.loss_bbox: 1.1042, d0.loss_traj_cls: 0.0005, d0.loss_traj: 1.7809, d1.loss_traj_cls: 0.0005, d1.loss_traj: 1.7807, d2.loss_traj_cls: 0.0006, d2.loss_traj: 1.8298, d3.loss_traj_cls: 0.0006, d3.loss_traj: 1.8607, d4.loss_traj_cls: 0.0006, d4.loss_traj: 1.8939, d5.loss_traj_cls: 0.0006, d5.loss_traj: 1.9324, d6.loss_traj_cls: 0.0006, d6.loss_traj: 1.9343, d7.loss_traj_cls: 0.0007, d7.loss_traj: 1.9633, d0.loss_map_cls_all: 0.5615, d0.loss_map_pts_all: 3.6964, d0.loss_map_dir_all: 0.0254, d0.loss_map_cls: 0.5615, d0.loss_map_pts: 3.6964, d0.loss_map_dir: 0.0254, d1.loss_map_cls: 0.5633, d1.loss_map_pts: 3.0652, d1.loss_map_dir: 0.0255, d2.loss_map_cls: 0.5777, d2.loss_map_pts: 2.8697, d2.loss_map_dir: 0.0256, d3.loss_map_cls: 0.5827, d3.loss_map_pts: 2.8306, d3.loss_map_dir: 0.0257, d4.loss_map_cls: 0.5885, d4.loss_map_pts: 2.8263, d4.loss_map_dir: 0.0256, d5.loss_map_cls: 0.5922, d5.loss_map_pts: 2.8281, d5.loss_map_dir: 0.0256, d6.loss_map_cls: 0.5950, d6.loss_map_pts: 2.8344, d6.loss_map_dir: 0.0256, d7.loss_map_cls: 0.5959, d7.loss_map_pts: 2.8426, d7.loss_map_dir: 0.0256, loss: 123.2444, grad_norm: 3555.3960
2026-05-25 14:17:48,711 - DriveTransformer - INFO - Iter [500/12870]	lr: 2.989e-05, eta: 3:34:02, time: 1.016, data_time: 0.057, memory: 21566, loss_cls: 1.0093, loss_bbox: 1.1062, loss_traj: 4.2802, loss_traj_cls: 0.0006, loss_map_cls: 0.6478, loss_map_pts: 2.6735, loss_map_dir: 0.0200, d0.loss_plan_l1_fix_time: 6.2725, d0.loss_plan_l1_fix_dist: 1.0267, d1.loss_plan_l1_fix_time: 5.7653, d1.loss_plan_l1_fix_dist: 1.0255, d2.loss_plan_l1_fix_time: 5.7506, d2.loss_plan_l1_fix_dist: 1.1161, d3.loss_plan_l1_fix_time: 5.7603, d3.loss_plan_l1_fix_dist: 1.2345, d4.loss_plan_l1_fix_time: 5.7951, d4.loss_plan_l1_fix_dist: 1.3737, d5.loss_plan_l1_fix_time: 5.8496, d5.loss_plan_l1_fix_dist: 1.5270, d6.loss_plan_l1_fix_time: 5.9147, d6.loss_plan_l1_fix_dist: 1.6957, d7.loss_plan_l1_fix_time: 5.9871, d7.loss_plan_l1_fix_dist: 1.8804, d8.loss_plan_l1_fix_time: 6.0639, d8.loss_plan_l1_fix_dist: 2.0809, d0.loss_cls_all: 0.9489, d0.loss_bbox_all: 1.0038, d0.loss_cls: 0.9489, d0.loss_bbox: 1.0038, d1.loss_cls: 0.9495, d1.loss_bbox: 1.0048, d2.loss_cls: 0.9487, d2.loss_bbox: 1.0085, d3.loss_cls: 0.9536, d3.loss_bbox: 1.0218, d4.loss_cls: 0.9605, d4.loss_bbox: 1.0259, d5.loss_cls: 0.9682, d5.loss_bbox: 1.0388, d6.loss_cls: 0.9781, d6.loss_bbox: 1.0566, d7.loss_cls: 0.9887, d7.loss_bbox: 1.0793, d0.loss_traj_cls: 0.0005, d0.loss_traj: 3.8042, d1.loss_traj_cls: 0.0005, d1.loss_traj: 3.8647, d2.loss_traj_cls: 0.0005, d2.loss_traj: 3.8838, d3.loss_traj_cls: 0.0005, d3.loss_traj: 3.8919, d4.loss_traj_cls: 0.0005, d4.loss_traj: 3.9370, d5.loss_traj_cls: 0.0006, d5.loss_traj: 3.9834, d6.loss_traj_cls: 0.0006, d6.loss_traj: 4.0491, d7.loss_traj_cls: 0.0006, d7.loss_traj: 4.1618, d0.loss_map_cls_all: 0.5651, d0.loss_map_pts_all: 3.5798, d0.loss_map_dir_all: 0.0193, d0.loss_map_cls: 0.5651, d0.loss_map_pts: 3.5798, d0.loss_map_dir: 0.0193, d1.loss_map_cls: 0.5907, d1.loss_map_pts: 2.8951, d1.loss_map_dir: 0.0197, d2.loss_map_cls: 0.6070, d2.loss_map_pts: 2.7170, d2.loss_map_dir: 0.0199, d3.loss_map_cls: 0.6185, d3.loss_map_pts: 2.6752, d3.loss_map_dir: 0.0199, d4.loss_map_cls: 0.6255, d4.loss_map_pts: 2.6630, d4.loss_map_dir: 0.0199, d5.loss_map_cls: 0.6311, d5.loss_map_pts: 2.6601, d5.loss_map_dir: 0.0200, d6.loss_map_cls: 0.6375, d6.loss_map_pts: 2.6610, d6.loss_map_dir: 0.0200, d7.loss_map_cls: 0.6432, d7.loss_map_pts: 2.6674, d7.loss_map_dir: 0.0199, loss: 157.0858, grad_norm: 4441.7466
2026-05-25 14:18:39,992 - DriveTransformer - INFO - Iter [550/12870]	lr: 2.987e-05, eta: 3:32:56, time: 1.026, data_time: 0.059, memory: 21568, loss_cls: 0.9708, loss_bbox: 1.0005, loss_traj: 2.3762, loss_traj_cls: 0.0005, loss_map_cls: 0.6121, loss_map_pts: 2.4447, loss_map_dir: 0.0226, d0.loss_plan_l1_fix_time: 3.3807, d0.loss_plan_l1_fix_dist: 0.8560, d1.loss_plan_l1_fix_time: 2.9893, d1.loss_plan_l1_fix_dist: 0.9610, d2.loss_plan_l1_fix_time: 2.9437, d2.loss_plan_l1_fix_dist: 1.1175, d3.loss_plan_l1_fix_time: 2.9744, d3.loss_plan_l1_fix_dist: 1.2858, d4.loss_plan_l1_fix_time: 3.0394, d4.loss_plan_l1_fix_dist: 1.4639, d5.loss_plan_l1_fix_time: 3.1098, d5.loss_plan_l1_fix_dist: 1.6536, d6.loss_plan_l1_fix_time: 3.1831, d6.loss_plan_l1_fix_dist: 1.8514, d7.loss_plan_l1_fix_time: 3.2616, d7.loss_plan_l1_fix_dist: 2.0570, d8.loss_plan_l1_fix_time: 3.3486, d8.loss_plan_l1_fix_dist: 2.2752, d0.loss_cls_all: 0.9023, d0.loss_bbox_all: 0.9372, d0.loss_cls: 0.9023, d0.loss_bbox: 0.9372, d1.loss_cls: 0.9143, d1.loss_bbox: 0.9433, d2.loss_cls: 0.9163, d2.loss_bbox: 0.9403, d3.loss_cls: 0.9157, d3.loss_bbox: 0.9508, d4.loss_cls: 0.9264, d4.loss_bbox: 0.9590, d5.loss_cls: 0.9342, d5.loss_bbox: 0.9592, d6.loss_cls: 0.9443, d6.loss_bbox: 0.9726, d7.loss_cls: 0.9514, d7.loss_bbox: 0.9860, d0.loss_traj_cls: 0.0004, d0.loss_traj: 1.9234, d1.loss_traj_cls: 0.0004, d1.loss_traj: 1.9508, d2.loss_traj_cls: 0.0005, d2.loss_traj: 2.0079, d3.loss_traj_cls: 0.0005, d3.loss_traj: 2.0580, d4.loss_traj_cls: 0.0005, d4.loss_traj: 2.1326, d5.loss_traj_cls: 0.0005, d5.loss_traj: 2.1666, d6.loss_traj_cls: 0.0005, d6.loss_traj: 2.2032, d7.loss_traj_cls: 0.0005, d7.loss_traj: 2.2696, d0.loss_map_cls_all: 0.5904, d0.loss_map_pts_all: 3.4130, d0.loss_map_dir_all: 0.0218, d0.loss_map_cls: 0.5904, d0.loss_map_pts: 3.4130, d0.loss_map_dir: 0.0218, d1.loss_map_cls: 0.5696, d1.loss_map_pts: 2.6698, d1.loss_map_dir: 0.0222, d2.loss_map_cls: 0.5864, d2.loss_map_pts: 2.4638, d2.loss_map_dir: 0.0224, d3.loss_map_cls: 0.5889, d3.loss_map_pts: 2.4245, d3.loss_map_dir: 0.0224, d4.loss_map_cls: 0.5958, d4.loss_map_pts: 2.4180, d4.loss_map_dir: 0.0224, d5.loss_map_cls: 0.6004, d5.loss_map_pts: 2.4217, d5.loss_map_dir: 0.0224, d6.loss_map_cls: 0.6073, d6.loss_map_pts: 2.4242, d6.loss_map_dir: 0.0225, d7.loss_map_cls: 0.6095, d7.loss_map_pts: 2.4335, d7.loss_map_dir: 0.0226, loss: 112.4089, grad_norm: 4772.5466
2026-05-25 14:19:29,832 - DriveTransformer - INFO - Iter [600/12870]	lr: 2.984e-05, eta: 3:31:23, time: 0.997, data_time: 0.058, memory: 21568, loss_cls: 0.8779, loss_bbox: 0.9124, loss_traj: 2.0175, loss_traj_cls: 0.0005, loss_map_cls: 0.6226, loss_map_pts: 2.3858, loss_map_dir: 0.0146, d0.loss_plan_l1_fix_time: 5.8286, d0.loss_plan_l1_fix_dist: 0.8175, d1.loss_plan_l1_fix_time: 5.1575, d1.loss_plan_l1_fix_dist: 0.8786, d2.loss_plan_l1_fix_time: 5.1877, d2.loss_plan_l1_fix_dist: 0.9802, d3.loss_plan_l1_fix_time: 5.2582, d3.loss_plan_l1_fix_dist: 1.0948, d4.loss_plan_l1_fix_time: 5.3230, d4.loss_plan_l1_fix_dist: 1.2158, d5.loss_plan_l1_fix_time: 5.3858, d5.loss_plan_l1_fix_dist: 1.3425, d6.loss_plan_l1_fix_time: 5.4501, d6.loss_plan_l1_fix_dist: 1.4783, d7.loss_plan_l1_fix_time: 5.5165, d7.loss_plan_l1_fix_dist: 1.6400, d8.loss_plan_l1_fix_time: 5.5873, d8.loss_plan_l1_fix_dist: 1.8330, d0.loss_cls_all: 0.8216, d0.loss_bbox_all: 0.8895, d0.loss_cls: 0.8216, d0.loss_bbox: 0.8895, d1.loss_cls: 0.8317, d1.loss_bbox: 0.8843, d2.loss_cls: 0.8423, d2.loss_bbox: 0.8826, d3.loss_cls: 0.8394, d3.loss_bbox: 0.8851, d4.loss_cls: 0.8412, d4.loss_bbox: 0.8845, d5.loss_cls: 0.8481, d5.loss_bbox: 0.8850, d6.loss_cls: 0.8559, d6.loss_bbox: 0.8937, d7.loss_cls: 0.8646, d7.loss_bbox: 0.9029, d0.loss_traj_cls: 0.0004, d0.loss_traj: 1.9562, d1.loss_traj_cls: 0.0004, d1.loss_traj: 1.9766, d2.loss_traj_cls: 0.0004, d2.loss_traj: 1.9731, d3.loss_traj_cls: 0.0004, d3.loss_traj: 1.9528, d4.loss_traj_cls: 0.0005, d4.loss_traj: 1.9457, d5.loss_traj_cls: 0.0005, d5.loss_traj: 1.9334, d6.loss_traj_cls: 0.0005, d6.loss_traj: 1.9571, d7.loss_traj_cls: 0.0005, d7.loss_traj: 1.9691, d0.loss_map_cls_all: 0.5766, d0.loss_map_pts_all: 3.5052, d0.loss_map_dir_all: 0.0141, d0.loss_map_cls: 0.5766, d0.loss_map_pts: 3.5052, d0.loss_map_dir: 0.0141, d1.loss_map_cls: 0.5884, d1.loss_map_pts: 2.6554, d1.loss_map_dir: 0.0143, d2.loss_map_cls: 0.5973, d2.loss_map_pts: 2.4374, d2.loss_map_dir: 0.0144, d3.loss_map_cls: 0.6028, d3.loss_map_pts: 2.3889, d3.loss_map_dir: 0.0144, d4.loss_map_cls: 0.6069, d4.loss_map_pts: 2.3770, d4.loss_map_dir: 0.0145, d5.loss_map_cls: 0.6094, d5.loss_map_pts: 2.3722, d5.loss_map_dir: 0.0145, d6.loss_map_cls: 0.6144, d6.loss_map_pts: 2.3709, d6.loss_map_dir: 0.0145, d7.loss_map_cls: 0.6180, d7.loss_map_pts: 2.3761, d7.loss_map_dir: 0.0146, loss: 127.5464, grad_norm: 3359.1522
2026-05-25 14:20:20,421 - DriveTransformer - INFO - Iter [650/12870]	lr: 2.981e-05, eta: 3:30:11, time: 1.012, data_time: 0.059, memory: 21568, loss_cls: 1.0343, loss_bbox: 0.9466, loss_traj: 2.4897, loss_traj_cls: 0.0006, loss_map_cls: 0.6618, loss_map_pts: 1.9192, loss_map_dir: 0.0074, d0.loss_plan_l1_fix_time: 3.7783, d0.loss_plan_l1_fix_dist: 0.7774, d1.loss_plan_l1_fix_time: 3.7776, d1.loss_plan_l1_fix_dist: 0.8260, d2.loss_plan_l1_fix_time: 3.8523, d2.loss_plan_l1_fix_dist: 0.9211, d3.loss_plan_l1_fix_time: 3.8940, d3.loss_plan_l1_fix_dist: 1.0407, d4.loss_plan_l1_fix_time: 3.9519, d4.loss_plan_l1_fix_dist: 1.1743, d5.loss_plan_l1_fix_time: 4.0248, d5.loss_plan_l1_fix_dist: 1.3112, d6.loss_plan_l1_fix_time: 4.1054, d6.loss_plan_l1_fix_dist: 1.4603, d7.loss_plan_l1_fix_time: 4.1909, d7.loss_plan_l1_fix_dist: 1.6195, d8.loss_plan_l1_fix_time: 4.2823, d8.loss_plan_l1_fix_dist: 1.7930, d0.loss_cls_all: 0.9520, d0.loss_bbox_all: 0.9184, d0.loss_cls: 0.9520, d0.loss_bbox: 0.9184, d1.loss_cls: 0.9678, d1.loss_bbox: 0.9067, d2.loss_cls: 0.9797, d2.loss_bbox: 0.9072, d3.loss_cls: 0.9949, d3.loss_bbox: 0.9110, d4.loss_cls: 1.0051, d4.loss_bbox: 0.9126, d5.loss_cls: 1.0128, d5.loss_bbox: 0.9197, d6.loss_cls: 1.0182, d6.loss_bbox: 0.9250, d7.loss_cls: 1.0300, d7.loss_bbox: 0.9323, d0.loss_traj_cls: 0.0005, d0.loss_traj: 2.2973, d1.loss_traj_cls: 0.0005, d1.loss_traj: 2.3095, d2.loss_traj_cls: 0.0005, d2.loss_traj: 2.3404, d3.loss_traj_cls: 0.0005, d3.loss_traj: 2.3348, d4.loss_traj_cls: 0.0005, d4.loss_traj: 2.3494, d5.loss_traj_cls: 0.0005, d5.loss_traj: 2.3715, d6.loss_traj_cls: 0.0006, d6.loss_traj: 2.3795, d7.loss_traj_cls: 0.0006, d7.loss_traj: 2.4177, d0.loss_map_cls_all: 0.5631, d0.loss_map_pts_all: 3.1271, d0.loss_map_dir_all: 0.0061, d0.loss_map_cls: 0.5631, d0.loss_map_pts: 3.1271, d0.loss_map_dir: 0.0061, d1.loss_map_cls: 0.6051, d1.loss_map_pts: 2.1818, d1.loss_map_dir: 0.0067, d2.loss_map_cls: 0.6218, d2.loss_map_pts: 1.9259, d2.loss_map_dir: 0.0070, d3.loss_map_cls: 0.6287, d3.loss_map_pts: 1.8874, d3.loss_map_dir: 0.0072, d4.loss_map_cls: 0.6388, d4.loss_map_pts: 1.8868, d4.loss_map_dir: 0.0073, d5.loss_map_cls: 0.6467, d5.loss_map_pts: 1.8909, d5.loss_map_dir: 0.0073, d6.loss_map_cls: 0.6523, d6.loss_map_pts: 1.8997, d6.loss_map_dir: 0.0073, d7.loss_map_cls: 0.6575, d7.loss_map_pts: 1.9098, d7.loss_map_dir: 0.0074, loss: 115.2845, grad_norm: 7685.4790
2026-05-25 14:21:10,620 - DriveTransformer - INFO - Iter [700/12870]	lr: 2.978e-05, eta: 3:28:55, time: 1.004, data_time: 0.060, memory: 21568, loss_cls: 0.9975, loss_bbox: 0.9395, loss_traj: 2.2408, loss_traj_cls: 0.0006, loss_map_cls: 0.5773, loss_map_pts: 1.9592, loss_map_dir: 0.0141, d0.loss_plan_l1_fix_time: 4.4544, d0.loss_plan_l1_fix_dist: 0.7057, d1.loss_plan_l1_fix_time: 3.7951, d1.loss_plan_l1_fix_dist: 0.7623, d2.loss_plan_l1_fix_time: 3.7830, d2.loss_plan_l1_fix_dist: 0.8590, d3.loss_plan_l1_fix_time: 3.8181, d3.loss_plan_l1_fix_dist: 0.9777, d4.loss_plan_l1_fix_time: 3.8567, d4.loss_plan_l1_fix_dist: 1.1082, d5.loss_plan_l1_fix_time: 3.8934, d5.loss_plan_l1_fix_dist: 1.2491, d6.loss_plan_l1_fix_time: 3.9316, d6.loss_plan_l1_fix_dist: 1.3954, d7.loss_plan_l1_fix_time: 3.9766, d7.loss_plan_l1_fix_dist: 1.5516, d8.loss_plan_l1_fix_time: 4.0279, d8.loss_plan_l1_fix_dist: 1.7231, d0.loss_cls_all: 0.9453, d0.loss_bbox_all: 0.9126, d0.loss_cls: 0.9453, d0.loss_bbox: 0.9126, d1.loss_cls: 0.9532, d1.loss_bbox: 0.9025, d2.loss_cls: 0.9647, d2.loss_bbox: 0.8942, d3.loss_cls: 0.9671, d3.loss_bbox: 0.8889, d4.loss_cls: 0.9767, d4.loss_bbox: 0.8816, d5.loss_cls: 0.9797, d5.loss_bbox: 0.8871, d6.loss_cls: 0.9822, d6.loss_bbox: 0.8974, d7.loss_cls: 0.9899, d7.loss_bbox: 0.9113, d0.loss_traj_cls: 0.0005, d0.loss_traj: 2.1796, d1.loss_traj_cls: 0.0005, d1.loss_traj: 2.1579, d2.loss_traj_cls: 0.0005, d2.loss_traj: 2.1793, d3.loss_traj_cls: 0.0005, d3.loss_traj: 2.1843, d4.loss_traj_cls: 0.0006, d4.loss_traj: 2.1885, d5.loss_traj_cls: 0.0006, d5.loss_traj: 2.1944, d6.loss_traj_cls: 0.0006, d6.loss_traj: 2.2103, d7.loss_traj_cls: 0.0006, d7.loss_traj: 2.2131, d0.loss_map_cls_all: 0.5208, d0.loss_map_pts_all: 3.1972, d0.loss_map_dir_all: 0.0133, d0.loss_map_cls: 0.5208, d0.loss_map_pts: 3.1972, d0.loss_map_dir: 0.0133, d1.loss_map_cls: 0.5213, d1.loss_map_pts: 2.2016, d1.loss_map_dir: 0.0137, d2.loss_map_cls: 0.5317, d2.loss_map_pts: 1.9741, d2.loss_map_dir: 0.0139, d3.loss_map_cls: 0.5410, d3.loss_map_pts: 1.9378, d3.loss_map_dir: 0.0140, d4.loss_map_cls: 0.5504, d4.loss_map_pts: 1.9366, d4.loss_map_dir: 0.0140, d5.loss_map_cls: 0.5596, d5.loss_map_pts: 1.9381, d5.loss_map_dir: 0.0140, d6.loss_map_cls: 0.5662, d6.loss_map_pts: 1.9440, d6.loss_map_dir: 0.0141, d7.loss_map_cls: 0.5716, d7.loss_map_pts: 1.9515, d7.loss_map_dir: 0.0141, loss: 112.1877, grad_norm: 6277.4609
2026-05-25 14:22:04,170 - DriveTransformer - INFO - Iter [750/12870]	lr: 2.975e-05, eta: 3:28:37, time: 1.071, data_time: 0.059, memory: 21568, loss_cls: 1.1808, loss_bbox: 1.1367, loss_traj: 3.4911, loss_traj_cls: 0.0007, loss_map_cls: 0.6048, loss_map_pts: 3.1439, loss_map_dir: 0.0390, d0.loss_plan_l1_fix_time: 5.3739, d0.loss_plan_l1_fix_dist: 0.5791, d1.loss_plan_l1_fix_time: 5.0554, d1.loss_plan_l1_fix_dist: 0.6398, d2.loss_plan_l1_fix_time: 5.1517, d2.loss_plan_l1_fix_dist: 0.7426, d3.loss_plan_l1_fix_time: 5.2164, d3.loss_plan_l1_fix_dist: 0.8565, d4.loss_plan_l1_fix_time: 5.2889, d4.loss_plan_l1_fix_dist: 0.9834, d5.loss_plan_l1_fix_time: 5.3721, d5.loss_plan_l1_fix_dist: 1.1169, d6.loss_plan_l1_fix_time: 5.4610, d6.loss_plan_l1_fix_dist: 1.2553, d7.loss_plan_l1_fix_time: 5.5515, d7.loss_plan_l1_fix_dist: 1.4046, d8.loss_plan_l1_fix_time: 5.6462, d8.loss_plan_l1_fix_dist: 1.5653, d0.loss_cls_all: 1.1491, d0.loss_bbox_all: 1.1429, d0.loss_cls: 1.1491, d0.loss_bbox: 1.1429, d1.loss_cls: 1.1720, d1.loss_bbox: 1.1403, d2.loss_cls: 1.1797, d2.loss_bbox: 1.1292, d3.loss_cls: 1.1847, d3.loss_bbox: 1.1242, d4.loss_cls: 1.1814, d4.loss_bbox: 1.1172, d5.loss_cls: 1.1728, d5.loss_bbox: 1.1200, d6.loss_cls: 1.1837, d6.loss_bbox: 1.1126, d7.loss_cls: 1.1773, d7.loss_bbox: 1.1218, d0.loss_traj_cls: 0.0005, d0.loss_traj: 3.7227, d1.loss_traj_cls: 0.0006, d1.loss_traj: 3.6193, d2.loss_traj_cls: 0.0006, d2.loss_traj: 3.5179, d3.loss_traj_cls: 0.0006, d3.loss_traj: 3.4839, d4.loss_traj_cls: 0.0006, d4.loss_traj: 3.4529, d5.loss_traj_cls: 0.0006, d5.loss_traj: 3.4474, d6.loss_traj_cls: 0.0006, d6.loss_traj: 3.4583, d7.loss_traj_cls: 0.0006, d7.loss_traj: 3.4478, d0.loss_map_cls_all: 0.5639, d0.loss_map_pts_all: 3.7545, d0.loss_map_dir_all: 0.0378, d0.loss_map_cls: 0.5639, d0.loss_map_pts: 3.7545, d0.loss_map_dir: 0.0378, d1.loss_map_cls: 0.5832, d1.loss_map_pts: 3.2321, d1.loss_map_dir: 0.0383, d2.loss_map_cls: 0.5910, d2.loss_map_pts: 3.1403, d2.loss_map_dir: 0.0386, d3.loss_map_cls: 0.5936, d3.loss_map_pts: 3.1240, d3.loss_map_dir: 0.0388, d4.loss_map_cls: 0.6001, d4.loss_map_pts: 3.1199, d4.loss_map_dir: 0.0388, d5.loss_map_cls: 0.6028, d5.loss_map_pts: 3.1227, d5.loss_map_dir: 0.0389, d6.loss_map_cls: 0.6026, d6.loss_map_pts: 3.1283, d6.loss_map_dir: 0.0388, d7.loss_map_cls: 0.6048, d7.loss_map_pts: 3.1351, d7.loss_map_dir: 0.0388, loss: 150.8773, grad_norm: 3651.8950
2026-05-25 14:22:58,309 - DriveTransformer - INFO - Iter [800/12870]	lr: 2.972e-05, eta: 3:28:23, time: 1.083, data_time: 0.060, memory: 21568, loss_cls: 1.0388, loss_bbox: 1.0294, loss_traj: 1.3089, loss_traj_cls: 0.0006, loss_map_cls: 0.6088, loss_map_pts: 3.2747, loss_map_dir: 0.0558, d0.loss_plan_l1_fix_time: 2.8342, d0.loss_plan_l1_fix_dist: 0.3983, d1.loss_plan_l1_fix_time: 2.5105, d1.loss_plan_l1_fix_dist: 0.4965, d2.loss_plan_l1_fix_time: 2.5655, d2.loss_plan_l1_fix_dist: 0.6077, d3.loss_plan_l1_fix_time: 2.6206, d3.loss_plan_l1_fix_dist: 0.7273, d4.loss_plan_l1_fix_time: 2.6755, d4.loss_plan_l1_fix_dist: 0.8434, d5.loss_plan_l1_fix_time: 2.7291, d5.loss_plan_l1_fix_dist: 0.9605, d6.loss_plan_l1_fix_time: 2.7853, d6.loss_plan_l1_fix_dist: 1.0797, d7.loss_plan_l1_fix_time: 2.8415, d7.loss_plan_l1_fix_dist: 1.2121, d8.loss_plan_l1_fix_time: 2.9002, d8.loss_plan_l1_fix_dist: 1.3634, d0.loss_cls_all: 1.0496, d0.loss_bbox_all: 0.9642, d0.loss_cls: 1.0496, d0.loss_bbox: 0.9642, d1.loss_cls: 1.0659, d1.loss_bbox: 0.9795, d2.loss_cls: 1.0448, d2.loss_bbox: 0.9826, d3.loss_cls: 1.0493, d3.loss_bbox: 0.9989, d4.loss_cls: 1.0325, d4.loss_bbox: 1.0144, d5.loss_cls: 1.0275, d5.loss_bbox: 1.0108, d6.loss_cls: 1.0289, d6.loss_bbox: 1.0157, d7.loss_cls: 1.0307, d7.loss_bbox: 1.0211, d0.loss_traj_cls: 0.0005, d0.loss_traj: 1.3438, d1.loss_traj_cls: 0.0005, d1.loss_traj: 1.3352, d2.loss_traj_cls: 0.0006, d2.loss_traj: 1.3332, d3.loss_traj_cls: 0.0006, d3.loss_traj: 1.3045, d4.loss_traj_cls: 0.0006, d4.loss_traj: 1.2802, d5.loss_traj_cls: 0.0006, d5.loss_traj: 1.2838, d6.loss_traj_cls: 0.0006, d6.loss_traj: 1.3007, d7.loss_traj_cls: 0.0006, d7.loss_traj: 1.2977, d0.loss_map_cls_all: 0.5961, d0.loss_map_pts_all: 3.7639, d0.loss_map_dir_all: 0.0536, d0.loss_map_cls: 0.5961, d0.loss_map_pts: 3.7639, d0.loss_map_dir: 0.0536, d1.loss_map_cls: 0.6197, d1.loss_map_pts: 3.3550, d1.loss_map_dir: 0.0549, d2.loss_map_cls: 0.6168, d2.loss_map_pts: 3.2979, d2.loss_map_dir: 0.0554, d3.loss_map_cls: 0.6138, d3.loss_map_pts: 3.2837, d3.loss_map_dir: 0.0555, d4.loss_map_cls: 0.6117, d4.loss_map_pts: 3.2758, d4.loss_map_dir: 0.0556, d5.loss_map_cls: 0.6092, d5.loss_map_pts: 3.2729, d5.loss_map_dir: 0.0557, d6.loss_map_cls: 0.6112, d6.loss_map_pts: 3.2703, d6.loss_map_dir: 0.0557, d7.loss_map_cls: 0.6101, d7.loss_map_pts: 3.2709, d7.loss_map_dir: 0.0557, loss: 104.8169, grad_norm: 4335.2052
2026-05-25 14:23:48,810 - DriveTransformer - INFO - Iter [850/12870]	lr: 2.968e-05, eta: 3:27:13, time: 1.010, data_time: 0.060, memory: 21568, loss_cls: 1.0338, loss_bbox: 0.9597, loss_traj: 1.9108, loss_traj_cls: 0.0006, loss_map_cls: 0.6221, loss_map_pts: 2.0651, loss_map_dir: 0.0287, d0.loss_plan_l1_fix_time: 3.0624, d0.loss_plan_l1_fix_dist: 0.4403, d1.loss_plan_l1_fix_time: 3.0377, d1.loss_plan_l1_fix_dist: 0.4934, d2.loss_plan_l1_fix_time: 3.0523, d2.loss_plan_l1_fix_dist: 0.5665, d3.loss_plan_l1_fix_time: 3.0763, d3.loss_plan_l1_fix_dist: 0.6448, d4.loss_plan_l1_fix_time: 3.1095, d4.loss_plan_l1_fix_dist: 0.7306, d5.loss_plan_l1_fix_time: 3.1468, d5.loss_plan_l1_fix_dist: 0.8219, d6.loss_plan_l1_fix_time: 3.1858, d6.loss_plan_l1_fix_dist: 0.9177, d7.loss_plan_l1_fix_time: 3.2292, d7.loss_plan_l1_fix_dist: 1.0185, d8.loss_plan_l1_fix_time: 3.2776, d8.loss_plan_l1_fix_dist: 1.1273, d0.loss_cls_all: 0.9728, d0.loss_bbox_all: 0.9573, d0.loss_cls: 0.9728, d0.loss_bbox: 0.9573, d1.loss_cls: 0.9943, d1.loss_bbox: 0.9590, d2.loss_cls: 0.9985, d2.loss_bbox: 0.9631, d3.loss_cls: 1.0059, d3.loss_bbox: 0.9599, d4.loss_cls: 1.0150, d4.loss_bbox: 0.9497, d5.loss_cls: 1.0146, d5.loss_bbox: 0.9535, d6.loss_cls: 1.0215, d6.loss_bbox: 0.9528, d7.loss_cls: 1.0303, d7.loss_bbox: 0.9523, d0.loss_traj_cls: 0.0005, d0.loss_traj: 1.8828, d1.loss_traj_cls: 0.0005, d1.loss_traj: 1.8719, d2.loss_traj_cls: 0.0005, d2.loss_traj: 1.8517, d3.loss_traj_cls: 0.0005, d3.loss_traj: 1.8568, d4.loss_traj_cls: 0.0006, d4.loss_traj: 1.8408, d5.loss_traj_cls: 0.0006, d5.loss_traj: 1.8339, d6.loss_traj_cls: 0.0006, d6.loss_traj: 1.8428, d7.loss_traj_cls: 0.0006, d7.loss_traj: 1.8624, d0.loss_map_cls_all: 0.5519, d0.loss_map_pts_all: 2.8706, d0.loss_map_dir_all: 0.0279, d0.loss_map_cls: 0.5519, d0.loss_map_pts: 2.8706, d0.loss_map_dir: 0.0279, d1.loss_map_cls: 0.5781, d1.loss_map_pts: 2.2343, d1.loss_map_dir: 0.0284, d2.loss_map_cls: 0.5877, d2.loss_map_pts: 2.0851, d2.loss_map_dir: 0.0286, d3.loss_map_cls: 0.5983, d3.loss_map_pts: 2.0573, d3.loss_map_dir: 0.0286, d4.loss_map_cls: 0.6079, d4.loss_map_pts: 2.0501, d4.loss_map_dir: 0.0286, d5.loss_map_cls: 0.6129, d5.loss_map_pts: 2.0483, d5.loss_map_dir: 0.0287, d6.loss_map_cls: 0.6158, d6.loss_map_pts: 2.0504, d6.loss_map_dir: 0.0287, d7.loss_map_cls: 0.6194, d7.loss_map_pts: 2.0554, d7.loss_map_dir: 0.0287, loss: 99.9397, grad_norm: 2861.2106
2026-05-25 14:23:56,736 - DriveTransformer - INFO - Saving checkpoint at 858 iterations
2026-05-25 14:24:49,757 - DriveTransformer - INFO - Iter [900/12870]	lr: 2.964e-05, eta: 3:28:24, time: 1.219, data_time: 0.060, memory: 21568, loss_cls: 0.9939, loss_bbox: 0.9708, loss_traj: 3.6908, loss_traj_cls: 0.0007, loss_map_cls: 0.5913, loss_map_pts: 1.9094, loss_map_dir: 0.0157, d0.loss_plan_l1_fix_time: 6.3009, d0.loss_plan_l1_fix_dist: 0.6056, d1.loss_plan_l1_fix_time: 6.0379, d1.loss_plan_l1_fix_dist: 0.6853, d2.loss_plan_l1_fix_time: 6.0877, d2.loss_plan_l1_fix_dist: 0.7951, d3.loss_plan_l1_fix_time: 6.1490, d3.loss_plan_l1_fix_dist: 0.9139, d4.loss_plan_l1_fix_time: 6.2059, d4.loss_plan_l1_fix_dist: 1.0375, d5.loss_plan_l1_fix_time: 6.2590, d5.loss_plan_l1_fix_dist: 1.1679, d6.loss_plan_l1_fix_time: 6.3153, d6.loss_plan_l1_fix_dist: 1.3014, d7.loss_plan_l1_fix_time: 6.3779, d7.loss_plan_l1_fix_dist: 1.4473, d8.loss_plan_l1_fix_time: 6.4467, d8.loss_plan_l1_fix_dist: 1.6042, d0.loss_cls_all: 0.9643, d0.loss_bbox_all: 0.9117, d0.loss_cls: 0.9643, d0.loss_bbox: 0.9117, d1.loss_cls: 0.9487, d1.loss_bbox: 0.9075, d2.loss_cls: 0.9503, d2.loss_bbox: 0.9135, d3.loss_cls: 0.9531, d3.loss_bbox: 0.9226, d4.loss_cls: 0.9646, d4.loss_bbox: 0.9275, d5.loss_cls: 0.9691, d5.loss_bbox: 0.9409, d6.loss_cls: 0.9757, d6.loss_bbox: 0.9448, d7.loss_cls: 0.9845, d7.loss_bbox: 0.9526, d0.loss_traj_cls: 0.0005, d0.loss_traj: 3.4085, d1.loss_traj_cls: 0.0005, d1.loss_traj: 3.4435, d2.loss_traj_cls: 0.0005, d2.loss_traj: 3.4821, d3.loss_traj_cls: 0.0005, d3.loss_traj: 3.5182, d4.loss_traj_cls: 0.0006, d4.loss_traj: 3.5545, d5.loss_traj_cls: 0.0006, d5.loss_traj: 3.5735, d6.loss_traj_cls: 0.0006, d6.loss_traj: 3.6161, d7.loss_traj_cls: 0.0006, d7.loss_traj: 3.6551, d0.loss_map_cls_all: 0.5084, d0.loss_map_pts_all: 2.6910, d0.loss_map_dir_all: 0.0141, d0.loss_map_cls: 0.5084, d0.loss_map_pts: 2.6910, d0.loss_map_dir: 0.0141, d1.loss_map_cls: 0.5396, d1.loss_map_pts: 1.9722, d1.loss_map_dir: 0.0149, d2.loss_map_cls: 0.5552, d2.loss_map_pts: 1.8527, d2.loss_map_dir: 0.0152, d3.loss_map_cls: 0.5690, d3.loss_map_pts: 1.8577, d3.loss_map_dir: 0.0154, d4.loss_map_cls: 0.5776, d4.loss_map_pts: 1.8762, d4.loss_map_dir: 0.0155, d5.loss_map_cls: 0.5812, d5.loss_map_pts: 1.8898, d5.loss_map_dir: 0.0156, d6.loss_map_cls: 0.5848, d6.loss_map_pts: 1.8984, d6.loss_map_dir: 0.0157, d7.loss_map_cls: 0.5883, d7.loss_map_pts: 1.9046, d7.loss_map_dir: 0.0157, loss: 142.9567, grad_norm: 6742.3718
2026-05-25 14:25:39,277 - DriveTransformer - INFO - Iter [950/12870]	lr: 2.960e-05, eta: 3:26:57, time: 0.990, data_time: 0.060, memory: 21568, loss_cls: 1.0282, loss_bbox: 0.9869, loss_traj: 3.7363, loss_traj_cls: 0.0006, loss_map_cls: 0.6560, loss_map_pts: 1.9256, loss_map_dir: 0.0109, d0.loss_plan_l1_fix_time: 5.5517, d0.loss_plan_l1_fix_dist: 0.7558, d1.loss_plan_l1_fix_time: 5.1850, d1.loss_plan_l1_fix_dist: 0.8129, d2.loss_plan_l1_fix_time: 5.2030, d2.loss_plan_l1_fix_dist: 0.8981, d3.loss_plan_l1_fix_time: 5.2297, d3.loss_plan_l1_fix_dist: 0.9907, d4.loss_plan_l1_fix_time: 5.2616, d4.loss_plan_l1_fix_dist: 1.0881, d5.loss_plan_l1_fix_time: 5.2996, d5.loss_plan_l1_fix_dist: 1.1887, d6.loss_plan_l1_fix_time: 5.3408, d6.loss_plan_l1_fix_dist: 1.2957, d7.loss_plan_l1_fix_time: 5.3828, d7.loss_plan_l1_fix_dist: 1.4111, d8.loss_plan_l1_fix_time: 5.4262, d8.loss_plan_l1_fix_dist: 1.5406, d0.loss_cls_all: 0.9935, d0.loss_bbox_all: 1.0528, d0.loss_cls: 0.9935, d0.loss_bbox: 1.0528, d1.loss_cls: 0.9906, d1.loss_bbox: 1.0504, d2.loss_cls: 1.0001, d2.loss_bbox: 1.0254, d3.loss_cls: 1.0063, d3.loss_bbox: 1.0036, d4.loss_cls: 1.0086, d4.loss_bbox: 0.9910, d5.loss_cls: 1.0094, d5.loss_bbox: 0.9932, d6.loss_cls: 1.0157, d6.loss_bbox: 0.9927, d7.loss_cls: 1.0238, d7.loss_bbox: 0.9921, d0.loss_traj_cls: 0.0005, d0.loss_traj: 3.4721, d1.loss_traj_cls: 0.0005, d1.loss_traj: 3.3885, d2.loss_traj_cls: 0.0005, d2.loss_traj: 3.4413, d3.loss_traj_cls: 0.0005, d3.loss_traj: 3.5124, d4.loss_traj_cls: 0.0005, d4.loss_traj: 3.5755, d5.loss_traj_cls: 0.0005, d5.loss_traj: 3.6142, d6.loss_traj_cls: 0.0006, d6.loss_traj: 3.6726, d7.loss_traj_cls: 0.0006, d7.loss_traj: 3.7149, d0.loss_map_cls_all: 0.5700, d0.loss_map_pts_all: 2.6404, d0.loss_map_dir_all: 0.0096, d0.loss_map_cls: 0.5700, d0.loss_map_pts: 2.6404, d0.loss_map_dir: 0.0096, d1.loss_map_cls: 0.6158, d1.loss_map_pts: 1.9757, d1.loss_map_dir: 0.0102, d2.loss_map_cls: 0.6324, d2.loss_map_pts: 1.8831, d2.loss_map_dir: 0.0104, d3.loss_map_cls: 0.6399, d3.loss_map_pts: 1.8803, d3.loss_map_dir: 0.0106, d4.loss_map_cls: 0.6457, d4.loss_map_pts: 1.8906, d4.loss_map_dir: 0.0107, d5.loss_map_cls: 0.6475, d5.loss_map_pts: 1.8991, d5.loss_map_dir: 0.0107, d6.loss_map_cls: 0.6497, d6.loss_map_pts: 1.9085, d6.loss_map_dir: 0.0108, d7.loss_map_cls: 0.6533, d7.loss_map_pts: 1.9161, d7.loss_map_dir: 0.0109, loss: 137.1501, grad_norm: 7612.6210
2026-05-25 14:26:31,890 - DriveTransformer - INFO - Exp name: drivetransformer_large_single_gpu_24g_30epoch.py
2026-05-25 14:26:31,890 - DriveTransformer - INFO - Iter [1000/12870]	lr: 2.956e-05, eta: 3:26:11, time: 1.052, data_time: 0.063, memory: 21568, loss_cls: 1.0342, loss_bbox: 0.9716, loss_traj: 2.7834, loss_traj_cls: 0.0005, loss_map_cls: 0.7131, loss_map_pts: 2.4181, loss_map_dir: 0.0237, d0.loss_plan_l1_fix_time: 2.5572, d0.loss_plan_l1_fix_dist: 0.4988, d1.loss_plan_l1_fix_time: 2.3161, d1.loss_plan_l1_fix_dist: 0.5790, d2.loss_plan_l1_fix_time: 2.3289, d2.loss_plan_l1_fix_dist: 0.6759, d3.loss_plan_l1_fix_time: 2.3489, d3.loss_plan_l1_fix_dist: 0.7802, d4.loss_plan_l1_fix_time: 2.3779, d4.loss_plan_l1_fix_dist: 0.8908, d5.loss_plan_l1_fix_time: 2.4122, d5.loss_plan_l1_fix_dist: 1.0067, d6.loss_plan_l1_fix_time: 2.4489, d6.loss_plan_l1_fix_dist: 1.1299, d7.loss_plan_l1_fix_time: 2.4884, d7.loss_plan_l1_fix_dist: 1.2598, d8.loss_plan_l1_fix_time: 2.5298, d8.loss_plan_l1_fix_dist: 1.4010, d0.loss_cls_all: 0.9599, d0.loss_bbox_all: 0.9976, d0.loss_cls: 0.9599, d0.loss_bbox: 0.9976, d1.loss_cls: 0.9775, d1.loss_bbox: 0.9616, d2.loss_cls: 0.9930, d2.loss_bbox: 0.9421, d3.loss_cls: 1.0008, d3.loss_bbox: 0.9354, d4.loss_cls: 1.0109, d4.loss_bbox: 0.9375, d5.loss_cls: 1.0193, d5.loss_bbox: 0.9415, d6.loss_cls: 1.0197, d6.loss_bbox: 0.9501, d7.loss_cls: 1.0265, d7.loss_bbox: 0.9623, d0.loss_traj_cls: 0.0004, d0.loss_traj: 2.4827, d1.loss_traj_cls: 0.0004, d1.loss_traj: 2.5590, d2.loss_traj_cls: 0.0004, d2.loss_traj: 2.6026, d3.loss_traj_cls: 0.0005, d3.loss_traj: 2.6195, d4.loss_traj_cls: 0.0005, d4.loss_traj: 2.6328, d5.loss_traj_cls: 0.0005, d5.loss_traj: 2.6638, d6.loss_traj_cls: 0.0005, d6.loss_traj: 2.7073, d7.loss_traj_cls: 0.0005, d7.loss_traj: 2.7373, d0.loss_map_cls_all: 0.6557, d0.loss_map_pts_all: 2.9662, d0.loss_map_dir_all: 0.0230, d0.loss_map_cls: 0.6557, d0.loss_map_pts: 2.9662, d0.loss_map_dir: 0.0230, d1.loss_map_cls: 0.6749, d1.loss_map_pts: 2.4856, d1.loss_map_dir: 0.0233, d2.loss_map_cls: 0.6851, d2.loss_map_pts: 2.3944, d2.loss_map_dir: 0.0234, d3.loss_map_cls: 0.6904, d3.loss_map_pts: 2.3750, d3.loss_map_dir: 0.0235, d4.loss_map_cls: 0.6959, d4.loss_map_pts: 2.3700, d4.loss_map_dir: 0.0236, d5.loss_map_cls: 0.7000, d5.loss_map_pts: 2.3722, d5.loss_map_dir: 0.0236, d6.loss_map_cls: 0.7045, d6.loss_map_pts: 2.3821, d6.loss_map_dir: 0.0237, d7.loss_map_cls: 0.7087, d7.loss_map_pts: 2.3998, d7.loss_map_dir: 0.0237, loss: 105.6700, grad_norm: 4630.7992
2026-05-25 14:27:22,956 - DriveTransformer - INFO - Iter [1050/12870]	lr: 2.952e-05, eta: 3:25:08, time: 1.021, data_time: 0.060, memory: 21568, loss_cls: 0.9397, loss_bbox: 0.9414, loss_traj: 3.8746, loss_traj_cls: 0.0004, loss_map_cls: 0.5656, loss_map_pts: 1.3557, loss_map_dir: 0.0065, d0.loss_plan_l1_fix_time: 4.9616, d0.loss_plan_l1_fix_dist: 0.4794, d1.loss_plan_l1_fix_time: 4.9400, d1.loss_plan_l1_fix_dist: 0.5318, d2.loss_plan_l1_fix_time: 4.9473, d2.loss_plan_l1_fix_dist: 0.6037, d3.loss_plan_l1_fix_time: 4.9469, d3.loss_plan_l1_fix_dist: 0.6819, d4.loss_plan_l1_fix_time: 4.9556, d4.loss_plan_l1_fix_dist: 0.7664, d5.loss_plan_l1_fix_time: 4.9726, d5.loss_plan_l1_fix_dist: 0.8561, d6.loss_plan_l1_fix_time: 4.9960, d6.loss_plan_l1_fix_dist: 0.9492, d7.loss_plan_l1_fix_time: 5.0233, d7.loss_plan_l1_fix_dist: 1.0516, d8.loss_plan_l1_fix_time: 5.0546, d8.loss_plan_l1_fix_dist: 1.1628, d0.loss_cls_all: 0.9154, d0.loss_bbox_all: 0.9624, d0.loss_cls: 0.9154, d0.loss_bbox: 0.9624, d1.loss_cls: 0.9262, d1.loss_bbox: 0.9413, d2.loss_cls: 0.9298, d2.loss_bbox: 0.9289, d3.loss_cls: 0.9342, d3.loss_bbox: 0.9215, d4.loss_cls: 0.9368, d4.loss_bbox: 0.9147, d5.loss_cls: 0.9365, d5.loss_bbox: 0.9162, d6.loss_cls: 0.9344, d6.loss_bbox: 0.9263, d7.loss_cls: 0.9339, d7.loss_bbox: 0.9355, d0.loss_traj_cls: 0.0003, d0.loss_traj: 3.2758, d1.loss_traj_cls: 0.0003, d1.loss_traj: 3.3588, d2.loss_traj_cls: 0.0003, d2.loss_traj: 3.4446, d3.loss_traj_cls: 0.0003, d3.loss_traj: 3.5115, d4.loss_traj_cls: 0.0003, d4.loss_traj: 3.5645, d5.loss_traj_cls: 0.0003, d5.loss_traj: 3.6292, d6.loss_traj_cls: 0.0004, d6.loss_traj: 3.6924, d7.loss_traj_cls: 0.0004, d7.loss_traj: 3.7614, d0.loss_map_cls_all: 0.4945, d0.loss_map_pts_all: 2.6241, d0.loss_map_dir_all: 0.0073, d0.loss_map_cls: 0.4945, d0.loss_map_pts: 2.6241, d0.loss_map_dir: 0.0073, d1.loss_map_cls: 0.5255, d1.loss_map_pts: 1.5396, d1.loss_map_dir: 0.0066, d2.loss_map_cls: 0.5342, d2.loss_map_pts: 1.3782, d2.loss_map_dir: 0.0065, d3.loss_map_cls: 0.5428, d3.loss_map_pts: 1.3510, d3.loss_map_dir: 0.0065, d4.loss_map_cls: 0.5477, d4.loss_map_pts: 1.3463, d4.loss_map_dir: 0.0064, d5.loss_map_cls: 0.5530, d5.loss_map_pts: 1.3437, d5.loss_map_dir: 0.0064, d6.loss_map_cls: 0.5562, d6.loss_map_pts: 1.3449, d6.loss_map_dir: 0.0064, d7.loss_map_cls: 0.5589, d7.loss_map_pts: 1.3494, d7.loss_map_dir: 0.0064, loss: 124.3461, grad_norm: 1911.0404
2026-05-25 14:28:12,313 - DriveTransformer - INFO - Iter [1100/12870]	lr: 2.947e-05, eta: 3:23:47, time: 0.987, data_time: 0.060, memory: 21568, loss_cls: 0.8956, loss_bbox: 0.8552, loss_traj: 2.9471, loss_traj_cls: 0.0004, loss_map_cls: 0.5578, loss_map_pts: 1.3134, loss_map_dir: 0.0054, d0.loss_plan_l1_fix_time: 4.1436, d0.loss_plan_l1_fix_dist: 0.8533, d1.loss_plan_l1_fix_time: 4.1105, d1.loss_plan_l1_fix_dist: 0.8430, d2.loss_plan_l1_fix_time: 4.1199, d2.loss_plan_l1_fix_dist: 0.8764, d3.loss_plan_l1_fix_time: 4.1605, d3.loss_plan_l1_fix_dist: 0.9207, d4.loss_plan_l1_fix_time: 4.2111, d4.loss_plan_l1_fix_dist: 0.9731, d5.loss_plan_l1_fix_time: 4.2631, d5.loss_plan_l1_fix_dist: 1.0324, d6.loss_plan_l1_fix_time: 4.3162, d6.loss_plan_l1_fix_dist: 1.1005, d7.loss_plan_l1_fix_time: 4.3726, d7.loss_plan_l1_fix_dist: 1.1816, d8.loss_plan_l1_fix_time: 4.4341, d8.loss_plan_l1_fix_dist: 1.2819, d0.loss_cls_all: 0.9001, d0.loss_bbox_all: 0.8774, d0.loss_cls: 0.9001, d0.loss_bbox: 0.8774, d1.loss_cls: 0.9017, d1.loss_bbox: 0.8144, d2.loss_cls: 0.9006, d2.loss_bbox: 0.8057, d3.loss_cls: 0.8971, d3.loss_bbox: 0.8021, d4.loss_cls: 0.8931, d4.loss_bbox: 0.8099, d5.loss_cls: 0.8914, d5.loss_bbox: 0.8202, d6.loss_cls: 0.8924, d6.loss_bbox: 0.8339, d7.loss_cls: 0.8914, d7.loss_bbox: 0.8412, d0.loss_traj_cls: 0.0003, d0.loss_traj: 2.6607, d1.loss_traj_cls: 0.0003, d1.loss_traj: 2.6991, d2.loss_traj_cls: 0.0003, d2.loss_traj: 2.7339, d3.loss_traj_cls: 0.0003, d3.loss_traj: 2.7600, d4.loss_traj_cls: 0.0003, d4.loss_traj: 2.7861, d5.loss_traj_cls: 0.0003, d5.loss_traj: 2.8430, d6.loss_traj_cls: 0.0003, d6.loss_traj: 2.8691, d7.loss_traj_cls: 0.0004, d7.loss_traj: 2.9063, d0.loss_map_cls_all: 0.4610, d0.loss_map_pts_all: 2.7276, d0.loss_map_dir_all: 0.0047, d0.loss_map_cls: 0.4610, d0.loss_map_pts: 2.7276, d0.loss_map_dir: 0.0047, d1.loss_map_cls: 0.5168, d1.loss_map_pts: 1.4707, d1.loss_map_dir: 0.0050, d2.loss_map_cls: 0.5274, d2.loss_map_pts: 1.3196, d2.loss_map_dir: 0.0052, d3.loss_map_cls: 0.5352, d3.loss_map_pts: 1.3073, d3.loss_map_dir: 0.0052, d4.loss_map_cls: 0.5426, d4.loss_map_pts: 1.3062, d4.loss_map_dir: 0.0053, d5.loss_map_cls: 0.5480, d5.loss_map_pts: 1.3064, d5.loss_map_dir: 0.0053, d6.loss_map_cls: 0.5527, d6.loss_map_pts: 1.3060, d6.loss_map_dir: 0.0054, d7.loss_map_cls: 0.5554, d7.loss_map_pts: 1.3097, d7.loss_map_dir: 0.0054, loss: 111.1074, grad_norm: 909.4008
2026-05-25 14:29:03,336 - DriveTransformer - INFO - Iter [1150/12870]	lr: 2.942e-05, eta: 3:22:45, time: 1.020, data_time: 0.059, memory: 21568, loss_cls: 0.8811, loss_bbox: 0.8567, loss_traj: 1.9075, loss_traj_cls: 0.0004, loss_map_cls: 0.6003, loss_map_pts: 1.4432, loss_map_dir: 0.0064, d0.loss_plan_l1_fix_time: 4.1966, d0.loss_plan_l1_fix_dist: 0.6569, d1.loss_plan_l1_fix_time: 4.1175, d1.loss_plan_l1_fix_dist: 0.6432, d2.loss_plan_l1_fix_time: 4.1308, d2.loss_plan_l1_fix_dist: 0.6801, d3.loss_plan_l1_fix_time: 4.1592, d3.loss_plan_l1_fix_dist: 0.7350, d4.loss_plan_l1_fix_time: 4.1929, d4.loss_plan_l1_fix_dist: 0.7959, d5.loss_plan_l1_fix_time: 4.2315, d5.loss_plan_l1_fix_dist: 0.8626, d6.loss_plan_l1_fix_time: 4.2742, d6.loss_plan_l1_fix_dist: 0.9377, d7.loss_plan_l1_fix_time: 4.3207, d7.loss_plan_l1_fix_dist: 1.0286, d8.loss_plan_l1_fix_time: 4.3717, d8.loss_plan_l1_fix_dist: 1.1457, d0.loss_cls_all: 0.8816, d0.loss_bbox_all: 0.8444, d0.loss_cls: 0.8816, d0.loss_bbox: 0.8444, d1.loss_cls: 0.8819, d1.loss_bbox: 0.8316, d2.loss_cls: 0.8759, d2.loss_bbox: 0.8286, d3.loss_cls: 0.8732, d3.loss_bbox: 0.8288, d4.loss_cls: 0.8740, d4.loss_bbox: 0.8323, d5.loss_cls: 0.8729, d5.loss_bbox: 0.8357, d6.loss_cls: 0.8743, d6.loss_bbox: 0.8412, d7.loss_cls: 0.8768, d7.loss_bbox: 0.8476, d0.loss_traj_cls: 0.0004, d0.loss_traj: 1.4962, d1.loss_traj_cls: 0.0004, d1.loss_traj: 1.5939, d2.loss_traj_cls: 0.0004, d2.loss_traj: 1.6471, d3.loss_traj_cls: 0.0004, d3.loss_traj: 1.7118, d4.loss_traj_cls: 0.0004, d4.loss_traj: 1.7695, d5.loss_traj_cls: 0.0004, d5.loss_traj: 1.8362, d6.loss_traj_cls: 0.0004, d6.loss_traj: 1.8765, d7.loss_traj_cls: 0.0004, d7.loss_traj: 1.8994, d0.loss_map_cls_all: 0.5344, d0.loss_map_pts_all: 2.5857, d0.loss_map_dir_all: 0.0047, d0.loss_map_cls: 0.5344, d0.loss_map_pts: 2.5857, d0.loss_map_dir: 0.0047, d1.loss_map_cls: 0.5772, d1.loss_map_pts: 1.5375, d1.loss_map_dir: 0.0054, d2.loss_map_cls: 0.5854, d2.loss_map_pts: 1.4283, d2.loss_map_dir: 0.0058, d3.loss_map_cls: 0.5864, d3.loss_map_pts: 1.4261, d3.loss_map_dir: 0.0059, d4.loss_map_cls: 0.5894, d4.loss_map_pts: 1.4277, d4.loss_map_dir: 0.0062, d5.loss_map_cls: 0.5920, d5.loss_map_pts: 1.4282, d5.loss_map_dir: 0.0062, d6.loss_map_cls: 0.5947, d6.loss_map_pts: 1.4315, d6.loss_map_dir: 0.0062, d7.loss_map_cls: 0.5968, d7.loss_map_pts: 1.4384, d7.loss_map_dir: 0.0062, loss: 100.9676, grad_norm: 3657.5106
2026-05-25 14:29:53,310 - DriveTransformer - INFO - Iter [1200/12870]	lr: 2.937e-05, eta: 3:21:35, time: 0.999, data_time: 0.068, memory: 21568, loss_cls: 0.9466, loss_bbox: 0.9038, loss_traj: 1.7400, loss_traj_cls: 0.0004, loss_map_cls: 0.5839, loss_map_pts: 1.4229, loss_map_dir: 0.0087, d0.loss_plan_l1_fix_time: 2.7303, d0.loss_plan_l1_fix_dist: 0.5148, d1.loss_plan_l1_fix_time: 2.6422, d1.loss_plan_l1_fix_dist: 0.5410, d2.loss_plan_l1_fix_time: 2.6412, d2.loss_plan_l1_fix_dist: 0.5935, d3.loss_plan_l1_fix_time: 2.6610, d3.loss_plan_l1_fix_dist: 0.6559, d4.loss_plan_l1_fix_time: 2.6924, d4.loss_plan_l1_fix_dist: 0.7248, d5.loss_plan_l1_fix_time: 2.7307, d5.loss_plan_l1_fix_dist: 0.8006, d6.loss_plan_l1_fix_time: 2.7752, d6.loss_plan_l1_fix_dist: 0.8803, d7.loss_plan_l1_fix_time: 2.8236, d7.loss_plan_l1_fix_dist: 0.9706, d8.loss_plan_l1_fix_time: 2.8760, d8.loss_plan_l1_fix_dist: 1.0816, d0.loss_cls_all: 0.9475, d0.loss_bbox_all: 0.8944, d0.loss_cls: 0.9475, d0.loss_bbox: 0.8944, d1.loss_cls: 0.9428, d1.loss_bbox: 0.8628, d2.loss_cls: 0.9400, d2.loss_bbox: 0.8691, d3.loss_cls: 0.9416, d3.loss_bbox: 0.8761, d4.loss_cls: 0.9408, d4.loss_bbox: 0.8806, d5.loss_cls: 0.9395, d5.loss_bbox: 0.8832, d6.loss_cls: 0.9379, d6.loss_bbox: 0.8938, d7.loss_cls: 0.9408, d7.loss_bbox: 0.8992, d0.loss_traj_cls: 0.0004, d0.loss_traj: 1.3832, d1.loss_traj_cls: 0.0004, d1.loss_traj: 1.4413, d2.loss_traj_cls: 0.0004, d2.loss_traj: 1.4988, d3.loss_traj_cls: 0.0004, d3.loss_traj: 1.5428, d4.loss_traj_cls: 0.0004, d4.loss_traj: 1.5828, d5.loss_traj_cls: 0.0004, d5.loss_traj: 1.6118, d6.loss_traj_cls: 0.0004, d6.loss_traj: 1.6598, d7.loss_traj_cls: 0.0004, d7.loss_traj: 1.6950, d0.loss_map_cls_all: 0.5172, d0.loss_map_pts_all: 2.5512, d0.loss_map_dir_all: 0.0071, d0.loss_map_cls: 0.5172, d0.loss_map_pts: 2.5512, d0.loss_map_dir: 0.0071, d1.loss_map_cls: 0.5610, d1.loss_map_pts: 1.4784, d1.loss_map_dir: 0.0083, d2.loss_map_cls: 0.5621, d2.loss_map_pts: 1.4085, d2.loss_map_dir: 0.0085, d3.loss_map_cls: 0.5646, d3.loss_map_pts: 1.4035, d3.loss_map_dir: 0.0086, d4.loss_map_cls: 0.5696, d4.loss_map_pts: 1.4035, d4.loss_map_dir: 0.0086, d5.loss_map_cls: 0.5720, d5.loss_map_pts: 1.4073, d5.loss_map_dir: 0.0086, d6.loss_map_cls: 0.5758, d6.loss_map_pts: 1.4119, d6.loss_map_dir: 0.0085, d7.loss_map_cls: 0.5791, d7.loss_map_pts: 1.4176, d7.loss_map_dir: 0.0086, loss: 85.9183, grad_norm: 1901.8620
2026-05-25 14:30:42,864 - DriveTransformer - INFO - Iter [1250/12870]	lr: 2.932e-05, eta: 3:20:22, time: 0.991, data_time: 0.062, memory: 21575, loss_cls: 0.9229, loss_bbox: 0.8817, loss_traj: 1.6435, loss_traj_cls: 0.0003, loss_map_cls: 0.4500, loss_map_pts: 1.2109, loss_map_dir: 0.0017, d0.loss_plan_l1_fix_time: 2.9805, d0.loss_plan_l1_fix_dist: 0.4003, d1.loss_plan_l1_fix_time: 2.8280, d1.loss_plan_l1_fix_dist: 0.4439, d2.loss_plan_l1_fix_time: 2.8413, d2.loss_plan_l1_fix_dist: 0.5012, d3.loss_plan_l1_fix_time: 2.8561, d3.loss_plan_l1_fix_dist: 0.5636, d4.loss_plan_l1_fix_time: 2.8744, d4.loss_plan_l1_fix_dist: 0.6306, d5.loss_plan_l1_fix_time: 2.8940, d5.loss_plan_l1_fix_dist: 0.6992, d6.loss_plan_l1_fix_time: 2.9175, d6.loss_plan_l1_fix_dist: 0.7702, d7.loss_plan_l1_fix_time: 2.9428, d7.loss_plan_l1_fix_dist: 0.8466, d8.loss_plan_l1_fix_time: 2.9739, d8.loss_plan_l1_fix_dist: 0.9308, d0.loss_cls_all: 0.9283, d0.loss_bbox_all: 0.8910, d0.loss_cls: 0.9283, d0.loss_bbox: 0.8910, d1.loss_cls: 0.9276, d1.loss_bbox: 0.8856, d2.loss_cls: 0.9279, d2.loss_bbox: 0.8761, d3.loss_cls: 0.9243, d3.loss_bbox: 0.8728, d4.loss_cls: 0.9246, d4.loss_bbox: 0.8710, d5.loss_cls: 0.9201, d5.loss_bbox: 0.8684, d6.loss_cls: 0.9174, d6.loss_bbox: 0.8718, d7.loss_cls: 0.9197, d7.loss_bbox: 0.8729, d0.loss_traj_cls: 0.0003, d0.loss_traj: 1.5345, d1.loss_traj_cls: 0.0003, d1.loss_traj: 1.5573, d2.loss_traj_cls: 0.0003, d2.loss_traj: 1.5732, d3.loss_traj_cls: 0.0003, d3.loss_traj: 1.5838, d4.loss_traj_cls: 0.0003, d4.loss_traj: 1.5977, d5.loss_traj_cls: 0.0003, d5.loss_traj: 1.5986, d6.loss_traj_cls: 0.0003, d6.loss_traj: 1.6153, d7.loss_traj_cls: 0.0003, d7.loss_traj: 1.6264, d0.loss_map_cls_all: 0.3972, d0.loss_map_pts_all: 2.4968, d0.loss_map_dir_all: 0.0018, d0.loss_map_cls: 0.3972, d0.loss_map_pts: 2.4968, d0.loss_map_dir: 0.0018, d1.loss_map_cls: 0.4225, d1.loss_map_pts: 1.3168, d1.loss_map_dir: 0.0017, d2.loss_map_cls: 0.4208, d2.loss_map_pts: 1.2225, d2.loss_map_dir: 0.0016, d3.loss_map_cls: 0.4257, d3.loss_map_pts: 1.2113, d3.loss_map_dir: 0.0016, d4.loss_map_cls: 0.4296, d4.loss_map_pts: 1.2096, d4.loss_map_dir: 0.0016, d5.loss_map_cls: 0.4323, d5.loss_map_pts: 1.2111, d5.loss_map_dir: 0.0016, d6.loss_map_cls: 0.4387, d6.loss_map_pts: 1.2092, d6.loss_map_dir: 0.0016, d7.loss_map_cls: 0.4440, d7.loss_map_pts: 1.2098, d7.loss_map_dir: 0.0017, loss: 83.3206, grad_norm: 313.6270
2026-05-25 14:31:20,420 - DriveTransformer - INFO - Saving checkpoint at 1287 iterations
2026-05-25 14:31:43,305 - DriveTransformer - INFO - Iter [1300/12870]	lr: 2.926e-05, eta: 3:20:47, time: 1.209, data_time: 0.064, memory: 21575, loss_cls: 1.0097, loss_bbox: 0.9134, loss_traj: 3.2391, loss_traj_cls: 0.0006, loss_map_cls: 0.5262, loss_map_pts: 1.9956, loss_map_dir: 0.0168, d0.loss_plan_l1_fix_time: 4.1646, d0.loss_plan_l1_fix_dist: 0.5104, d1.loss_plan_l1_fix_time: 4.2085, d1.loss_plan_l1_fix_dist: 0.5441, d2.loss_plan_l1_fix_time: 4.2431, d2.loss_plan_l1_fix_dist: 0.6049, d3.loss_plan_l1_fix_time: 4.2827, d3.loss_plan_l1_fix_dist: 0.6770, d4.loss_plan_l1_fix_time: 4.3266, d4.loss_plan_l1_fix_dist: 0.7596, d5.loss_plan_l1_fix_time: 4.3725, d5.loss_plan_l1_fix_dist: 0.8513, d6.loss_plan_l1_fix_time: 4.4217, d6.loss_plan_l1_fix_dist: 0.9496, d7.loss_plan_l1_fix_time: 4.4737, d7.loss_plan_l1_fix_dist: 1.0551, d8.loss_plan_l1_fix_time: 4.5289, d8.loss_plan_l1_fix_dist: 1.1732, d0.loss_cls_all: 1.0225, d0.loss_bbox_all: 0.9098, d0.loss_cls: 1.0225, d0.loss_bbox: 0.9098, d1.loss_cls: 0.9865, d1.loss_bbox: 0.9083, d2.loss_cls: 0.9765, d2.loss_bbox: 0.8944, d3.loss_cls: 0.9822, d3.loss_bbox: 0.8842, d4.loss_cls: 0.9844, d4.loss_bbox: 0.8875, d5.loss_cls: 0.9962, d5.loss_bbox: 0.8840, d6.loss_cls: 1.0030, d6.loss_bbox: 0.8907, d7.loss_cls: 1.0073, d7.loss_bbox: 0.8991, d0.loss_traj_cls: 0.0003, d0.loss_traj: 3.1298, d1.loss_traj_cls: 0.0003, d1.loss_traj: 3.1365, d2.loss_traj_cls: 0.0003, d2.loss_traj: 3.1554, d3.loss_traj_cls: 0.0003, d3.loss_traj: 3.1359, d4.loss_traj_cls: 0.0004, d4.loss_traj: 3.1480, d5.loss_traj_cls: 0.0004, d5.loss_traj: 3.1825, d6.loss_traj_cls: 0.0004, d6.loss_traj: 3.2096, d7.loss_traj_cls: 0.0004, d7.loss_traj: 3.2221, d0.loss_map_cls_all: 0.5045, d0.loss_map_pts_all: 2.8927, d0.loss_map_dir_all: 0.0164, d0.loss_map_cls: 0.5045, d0.loss_map_pts: 2.8927, d0.loss_map_dir: 0.0164, d1.loss_map_cls: 0.5097, d1.loss_map_pts: 2.0334, d1.loss_map_dir: 0.0167, d2.loss_map_cls: 0.4989, d2.loss_map_pts: 1.9898, d2.loss_map_dir: 0.0167, d3.loss_map_cls: 0.4984, d3.loss_map_pts: 1.9861, d3.loss_map_dir: 0.0166, d4.loss_map_cls: 0.5065, d4.loss_map_pts: 1.9780, d4.loss_map_dir: 0.0167, d5.loss_map_cls: 0.5109, d5.loss_map_pts: 1.9755, d5.loss_map_dir: 0.0167, d6.loss_map_cls: 0.5185, d6.loss_map_pts: 1.9743, d6.loss_map_dir: 0.0167, d7.loss_map_cls: 0.5203, d7.loss_map_pts: 1.9836, d7.loss_map_dir: 0.0168, loss: 120.6488, grad_norm: 3579.7704
2026-05-25 14:32:38,543 - DriveTransformer - INFO - Iter [1350/12870]	lr: 2.920e-05, eta: 3:20:22, time: 1.105, data_time: 0.063, memory: 21575, loss_cls: 1.0969, loss_bbox: 0.8631, loss_traj: 3.0870, loss_traj_cls: 0.0030, loss_map_cls: 0.5263, loss_map_pts: 2.7127, loss_map_dir: 0.0429, d0.loss_plan_l1_fix_time: 3.3160, d0.loss_plan_l1_fix_dist: 0.3687, d1.loss_plan_l1_fix_time: 3.2566, d1.loss_plan_l1_fix_dist: 0.4101, d2.loss_plan_l1_fix_time: 3.2771, d2.loss_plan_l1_fix_dist: 0.4675, d3.loss_plan_l1_fix_time: 3.3074, d3.loss_plan_l1_fix_dist: 0.5282, d4.loss_plan_l1_fix_time: 3.3370, d4.loss_plan_l1_fix_dist: 0.5957, d5.loss_plan_l1_fix_time: 3.3704, d5.loss_plan_l1_fix_dist: 0.6640, d6.loss_plan_l1_fix_time: 3.4074, d6.loss_plan_l1_fix_dist: 0.7337, d7.loss_plan_l1_fix_time: 3.4450, d7.loss_plan_l1_fix_dist: 0.8081, d8.loss_plan_l1_fix_time: 3.4865, d8.loss_plan_l1_fix_dist: 0.8871, d0.loss_cls_all: 1.0521, d0.loss_bbox_all: 0.8473, d0.loss_cls: 1.0521, d0.loss_bbox: 0.8473, d1.loss_cls: 1.0632, d1.loss_bbox: 0.8517, d2.loss_cls: 1.0721, d2.loss_bbox: 0.8422, d3.loss_cls: 1.0788, d3.loss_bbox: 0.8487, d4.loss_cls: 1.0867, d4.loss_bbox: 0.8517, d5.loss_cls: 1.0932, d5.loss_bbox: 0.8457, d6.loss_cls: 1.0959, d6.loss_bbox: 0.8494, d7.loss_cls: 1.0936, d7.loss_bbox: 0.8579, d0.loss_traj_cls: 0.0004, d0.loss_traj: 2.9972, d1.loss_traj_cls: 0.0005, d1.loss_traj: 3.0087, d2.loss_traj_cls: 0.0005, d2.loss_traj: 3.0103, d3.loss_traj_cls: 0.0005, d3.loss_traj: 3.0263, d4.loss_traj_cls: 0.0005, d4.loss_traj: 3.0397, d5.loss_traj_cls: 0.0006, d5.loss_traj: 3.0331, d6.loss_traj_cls: 0.0009, d6.loss_traj: 3.0398, d7.loss_traj_cls: 0.0009, d7.loss_traj: 3.0649, d0.loss_map_cls_all: 0.4623, d0.loss_map_pts_all: 3.4206, d0.loss_map_dir_all: 0.0417, d0.loss_map_cls: 0.4623, d0.loss_map_pts: 3.4206, d0.loss_map_dir: 0.0417, d1.loss_map_cls: 0.5048, d1.loss_map_pts: 2.7835, d1.loss_map_dir: 0.0431, d2.loss_map_cls: 0.5037, d2.loss_map_pts: 2.7337, d2.loss_map_dir: 0.0429, d3.loss_map_cls: 0.5092, d3.loss_map_pts: 2.7175, d3.loss_map_dir: 0.0431, d4.loss_map_cls: 0.5151, d4.loss_map_pts: 2.7124, d4.loss_map_dir: 0.0430, d5.loss_map_cls: 0.5178, d5.loss_map_pts: 2.7104, d5.loss_map_dir: 0.0430, d6.loss_map_cls: 0.5208, d6.loss_map_pts: 2.7076, d6.loss_map_dir: 0.0430, d7.loss_map_cls: 0.5240, d7.loss_map_pts: 2.7077, d7.loss_map_dir: 0.0430, loss: 116.3710, grad_norm: 2954.9260
2026-05-25 14:33:31,755 - DriveTransformer - INFO - Iter [1400/12870]	lr: 2.914e-05, eta: 3:19:39, time: 1.064, data_time: 0.060, memory: 21575, loss_cls: 1.0004, loss_bbox: 0.8412, loss_traj: 2.2565, loss_traj_cls: 0.0014, loss_map_cls: 0.4787, loss_map_pts: 2.3605, loss_map_dir: 0.0384, d0.loss_plan_l1_fix_time: 3.8157, d0.loss_plan_l1_fix_dist: 0.4425, d1.loss_plan_l1_fix_time: 3.7453, d1.loss_plan_l1_fix_dist: 0.5079, d2.loss_plan_l1_fix_time: 3.7450, d2.loss_plan_l1_fix_dist: 0.5900, d3.loss_plan_l1_fix_time: 3.7562, d3.loss_plan_l1_fix_dist: 0.6754, d4.loss_plan_l1_fix_time: 3.7788, d4.loss_plan_l1_fix_dist: 0.7608, d5.loss_plan_l1_fix_time: 3.8050, d5.loss_plan_l1_fix_dist: 0.8493, d6.loss_plan_l1_fix_time: 3.8330, d6.loss_plan_l1_fix_dist: 0.9383, d7.loss_plan_l1_fix_time: 3.8624, d7.loss_plan_l1_fix_dist: 1.0332, d8.loss_plan_l1_fix_time: 3.8925, d8.loss_plan_l1_fix_dist: 1.1344, d0.loss_cls_all: 1.0227, d0.loss_bbox_all: 0.8346, d0.loss_cls: 1.0227, d0.loss_bbox: 0.8346, d1.loss_cls: 1.0041, d1.loss_bbox: 0.8521, d2.loss_cls: 0.9999, d2.loss_bbox: 0.8374, d3.loss_cls: 0.9977, d3.loss_bbox: 0.8341, d4.loss_cls: 0.9989, d4.loss_bbox: 0.8428, d5.loss_cls: 0.9950, d5.loss_bbox: 0.8479, d6.loss_cls: 1.0007, d6.loss_bbox: 0.8377, d7.loss_cls: 0.9985, d7.loss_bbox: 0.8405, d0.loss_traj_cls: 0.0005, d0.loss_traj: 2.3517, d1.loss_traj_cls: 0.0005, d1.loss_traj: 2.3031, d2.loss_traj_cls: 0.0005, d2.loss_traj: 2.2673, d3.loss_traj_cls: 0.0005, d3.loss_traj: 2.2743, d4.loss_traj_cls: 0.0005, d4.loss_traj: 2.2622, d5.loss_traj_cls: 0.0005, d5.loss_traj: 2.2690, d6.loss_traj_cls: 0.0007, d6.loss_traj: 2.2627, d7.loss_traj_cls: 0.0007, d7.loss_traj: 2.2656, d0.loss_map_cls_all: 0.4495, d0.loss_map_pts_all: 3.0256, d0.loss_map_dir_all: 0.0381, d0.loss_map_cls: 0.4495, d0.loss_map_pts: 3.0256, d0.loss_map_dir: 0.0381, d1.loss_map_cls: 0.4639, d1.loss_map_pts: 2.3507, d1.loss_map_dir: 0.0386, d2.loss_map_cls: 0.4523, d2.loss_map_pts: 2.3341, d2.loss_map_dir: 0.0385, d3.loss_map_cls: 0.4566, d3.loss_map_pts: 2.3342, d3.loss_map_dir: 0.0385, d4.loss_map_cls: 0.4632, d4.loss_map_pts: 2.3383, d4.loss_map_dir: 0.0385, d5.loss_map_cls: 0.4668, d5.loss_map_pts: 2.3423, d5.loss_map_dir: 0.0385, d6.loss_map_cls: 0.4706, d6.loss_map_pts: 2.3466, d6.loss_map_dir: 0.0384, d7.loss_map_cls: 0.4742, d7.loss_map_pts: 2.3536, d7.loss_map_dir: 0.0384, loss: 109.9480, grad_norm: 2802.7044
2026-05-25 14:34:21,866 - DriveTransformer - INFO - Iter [1450/12870]	lr: 2.908e-05, eta: 3:18:30, time: 1.002, data_time: 0.064, memory: 21575, loss_cls: 0.9148, loss_bbox: 0.8327, loss_traj: 1.9181, loss_traj_cls: 0.0005, loss_map_cls: 0.4410, loss_map_pts: 0.7840, loss_map_dir: 0.0043, d0.loss_plan_l1_fix_time: 3.4683, d0.loss_plan_l1_fix_dist: 0.4737, d1.loss_plan_l1_fix_time: 3.4135, d1.loss_plan_l1_fix_dist: 0.4825, d2.loss_plan_l1_fix_time: 3.3941, d2.loss_plan_l1_fix_dist: 0.5255, d3.loss_plan_l1_fix_time: 3.3875, d3.loss_plan_l1_fix_dist: 0.5771, d4.loss_plan_l1_fix_time: 3.3975, d4.loss_plan_l1_fix_dist: 0.6358, d5.loss_plan_l1_fix_time: 3.4172, d5.loss_plan_l1_fix_dist: 0.6977, d6.loss_plan_l1_fix_time: 3.4428, d6.loss_plan_l1_fix_dist: 0.7645, d7.loss_plan_l1_fix_time: 3.4735, d7.loss_plan_l1_fix_dist: 0.8370, d8.loss_plan_l1_fix_time: 3.5083, d8.loss_plan_l1_fix_dist: 0.9171, d0.loss_cls_all: 0.9073, d0.loss_bbox_all: 0.7714, d0.loss_cls: 0.9073, d0.loss_bbox: 0.7714, d1.loss_cls: 0.8946, d1.loss_bbox: 0.8093, d2.loss_cls: 0.9023, d2.loss_bbox: 0.8064, d3.loss_cls: 0.9004, d3.loss_bbox: 0.8099, d4.loss_cls: 0.8971, d4.loss_bbox: 0.8192, d5.loss_cls: 0.8995, d5.loss_bbox: 0.8239, d6.loss_cls: 0.9056, d6.loss_bbox: 0.8249, d7.loss_cls: 0.9095, d7.loss_bbox: 0.8292, d0.loss_traj_cls: 0.0004, d0.loss_traj: 1.8413, d1.loss_traj_cls: 0.0004, d1.loss_traj: 1.8331, d2.loss_traj_cls: 0.0004, d2.loss_traj: 1.8266, d3.loss_traj_cls: 0.0004, d3.loss_traj: 1.8390, d4.loss_traj_cls: 0.0004, d4.loss_traj: 1.8613, d5.loss_traj_cls: 0.0004, d5.loss_traj: 1.8641, d6.loss_traj_cls: 0.0004, d6.loss_traj: 1.8747, d7.loss_traj_cls: 0.0005, d7.loss_traj: 1.8934, d0.loss_map_cls_all: 0.4262, d0.loss_map_pts_all: 1.9468, d0.loss_map_dir_all: 0.0049, d0.loss_map_cls: 0.4262, d0.loss_map_pts: 1.9468, d0.loss_map_dir: 0.0049, d1.loss_map_cls: 0.4106, d1.loss_map_pts: 0.8638, d1.loss_map_dir: 0.0046, d2.loss_map_cls: 0.4053, d2.loss_map_pts: 0.7823, d2.loss_map_dir: 0.0045, d3.loss_map_cls: 0.4122, d3.loss_map_pts: 0.7775, d3.loss_map_dir: 0.0044, d4.loss_map_cls: 0.4192, d4.loss_map_pts: 0.7758, d4.loss_map_dir: 0.0044, d5.loss_map_cls: 0.4256, d5.loss_map_pts: 0.7747, d5.loss_map_dir: 0.0044, d6.loss_map_cls: 0.4312, d6.loss_map_pts: 0.7760, d6.loss_map_dir: 0.0044, d7.loss_map_cls: 0.4359, d7.loss_map_pts: 0.7795, d7.loss_map_dir: 0.0044, loss: 85.1916, grad_norm: 1309.4100
2026-05-25 14:35:13,259 - DriveTransformer - INFO - Iter [1500/12870]	lr: 2.902e-05, eta: 3:17:32, time: 1.028, data_time: 0.060, memory: 21575, loss_cls: 0.8825, loss_bbox: 0.9654, loss_traj: 1.6060, loss_traj_cls: 0.0007, loss_map_cls: 0.4409, loss_map_pts: 1.3169, loss_map_dir: 0.0061, d0.loss_plan_l1_fix_time: 3.2676, d0.loss_plan_l1_fix_dist: 0.5783, d1.loss_plan_l1_fix_time: 3.2650, d1.loss_plan_l1_fix_dist: 0.6137, d2.loss_plan_l1_fix_time: 3.2757, d2.loss_plan_l1_fix_dist: 0.6605, d3.loss_plan_l1_fix_time: 3.2951, d3.loss_plan_l1_fix_dist: 0.7146, d4.loss_plan_l1_fix_time: 3.3193, d4.loss_plan_l1_fix_dist: 0.7724, d5.loss_plan_l1_fix_time: 3.3443, d5.loss_plan_l1_fix_dist: 0.8328, d6.loss_plan_l1_fix_time: 3.3723, d6.loss_plan_l1_fix_dist: 0.8991, d7.loss_plan_l1_fix_time: 3.4043, d7.loss_plan_l1_fix_dist: 0.9739, d8.loss_plan_l1_fix_time: 3.4391, d8.loss_plan_l1_fix_dist: 1.0643, d0.loss_cls_all: 0.8345, d0.loss_bbox_all: 0.9752, d0.loss_cls: 0.8345, d0.loss_bbox: 0.9752, d1.loss_cls: 0.8424, d1.loss_bbox: 0.9601, d2.loss_cls: 0.8457, d2.loss_bbox: 0.9594, d3.loss_cls: 0.8442, d3.loss_bbox: 0.9586, d4.loss_cls: 0.8527, d4.loss_bbox: 0.9537, d5.loss_cls: 0.8607, d5.loss_bbox: 0.9572, d6.loss_cls: 0.8656, d6.loss_bbox: 0.9602, d7.loss_cls: 0.8762, d7.loss_bbox: 0.9575, d0.loss_traj_cls: 0.0005, d0.loss_traj: 1.4064, d1.loss_traj_cls: 0.0005, d1.loss_traj: 1.4494, d2.loss_traj_cls: 0.0005, d2.loss_traj: 1.4999, d3.loss_traj_cls: 0.0005, d3.loss_traj: 1.5259, d4.loss_traj_cls: 0.0005, d4.loss_traj: 1.5442, d5.loss_traj_cls: 0.0005, d5.loss_traj: 1.5470, d6.loss_traj_cls: 0.0006, d6.loss_traj: 1.5652, d7.loss_traj_cls: 0.0006, d7.loss_traj: 1.5816, d0.loss_map_cls_all: 0.4642, d0.loss_map_pts_all: 2.2539, d0.loss_map_dir_all: 0.0059, d0.loss_map_cls: 0.4642, d0.loss_map_pts: 2.2539, d0.loss_map_dir: 0.0059, d1.loss_map_cls: 0.4244, d1.loss_map_pts: 1.3690, d1.loss_map_dir: 0.0060, d2.loss_map_cls: 0.4251, d2.loss_map_pts: 1.3184, d2.loss_map_dir: 0.0061, d3.loss_map_cls: 0.4271, d3.loss_map_pts: 1.3113, d3.loss_map_dir: 0.0061, d4.loss_map_cls: 0.4301, d4.loss_map_pts: 1.3090, d4.loss_map_dir: 0.0061, d5.loss_map_cls: 0.4326, d5.loss_map_pts: 1.3090, d5.loss_map_dir: 0.0061, d6.loss_map_cls: 0.4344, d6.loss_map_pts: 1.3102, d6.loss_map_dir: 0.0061, d7.loss_map_cls: 0.4379, d7.loss_map_pts: 1.3124, d7.loss_map_dir: 0.0061, loss: 88.4896, grad_norm: 2118.8036
2026-05-25 14:36:04,187 - DriveTransformer - INFO - Iter [1550/12870]	lr: 2.895e-05, eta: 3:16:31, time: 1.019, data_time: 0.068, memory: 21575, loss_cls: 0.8649, loss_bbox: 0.8748, loss_traj: 1.9722, loss_traj_cls: 0.0006, loss_map_cls: 0.4284, loss_map_pts: 1.2573, loss_map_dir: 0.0063, d0.loss_plan_l1_fix_time: 3.8861, d0.loss_plan_l1_fix_dist: 0.5063, d1.loss_plan_l1_fix_time: 3.6972, d1.loss_plan_l1_fix_dist: 0.5385, d2.loss_plan_l1_fix_time: 3.6920, d2.loss_plan_l1_fix_dist: 0.5962, d3.loss_plan_l1_fix_time: 3.6975, d3.loss_plan_l1_fix_dist: 0.6611, d4.loss_plan_l1_fix_time: 3.7010, d4.loss_plan_l1_fix_dist: 0.7369, d5.loss_plan_l1_fix_time: 3.7092, d5.loss_plan_l1_fix_dist: 0.8202, d6.loss_plan_l1_fix_time: 3.7216, d6.loss_plan_l1_fix_dist: 0.9038, d7.loss_plan_l1_fix_time: 3.7418, d7.loss_plan_l1_fix_dist: 0.9943, d8.loss_plan_l1_fix_time: 3.7669, d8.loss_plan_l1_fix_dist: 1.0907, d0.loss_cls_all: 0.8463, d0.loss_bbox_all: 0.8668, d0.loss_cls: 0.8463, d0.loss_bbox: 0.8668, d1.loss_cls: 0.8374, d1.loss_bbox: 0.8697, d2.loss_cls: 0.8357, d2.loss_bbox: 0.8677, d3.loss_cls: 0.8362, d3.loss_bbox: 0.8638, d4.loss_cls: 0.8368, d4.loss_bbox: 0.8647, d5.loss_cls: 0.8413, d5.loss_bbox: 0.8654, d6.loss_cls: 0.8507, d6.loss_bbox: 0.8684, d7.loss_cls: 0.8561, d7.loss_bbox: 0.8750, d0.loss_traj_cls: 0.0004, d0.loss_traj: 1.7779, d1.loss_traj_cls: 0.0004, d1.loss_traj: 1.8167, d2.loss_traj_cls: 0.0004, d2.loss_traj: 1.8484, d3.loss_traj_cls: 0.0005, d3.loss_traj: 1.8769, d4.loss_traj_cls: 0.0005, d4.loss_traj: 1.8982, d5.loss_traj_cls: 0.0005, d5.loss_traj: 1.9143, d6.loss_traj_cls: 0.0005, d6.loss_traj: 1.9356, d7.loss_traj_cls: 0.0005, d7.loss_traj: 1.9433, d0.loss_map_cls_all: 0.4202, d0.loss_map_pts_all: 2.1606, d0.loss_map_dir_all: 0.0061, d0.loss_map_cls: 0.4202, d0.loss_map_pts: 2.1606, d0.loss_map_dir: 0.0061, d1.loss_map_cls: 0.3883, d1.loss_map_pts: 1.2981, d1.loss_map_dir: 0.0064, d2.loss_map_cls: 0.4041, d2.loss_map_pts: 1.2404, d2.loss_map_dir: 0.0064, d3.loss_map_cls: 0.4118, d3.loss_map_pts: 1.2366, d3.loss_map_dir: 0.0064, d4.loss_map_cls: 0.4167, d4.loss_map_pts: 1.2387, d4.loss_map_dir: 0.0064, d5.loss_map_cls: 0.4198, d5.loss_map_pts: 1.2432, d5.loss_map_dir: 0.0063, d6.loss_map_cls: 0.4230, d6.loss_map_pts: 1.2483, d6.loss_map_dir: 0.0063, d7.loss_map_cls: 0.4255, d7.loss_map_pts: 1.2531, d7.loss_map_dir: 0.0063, loss: 93.1418, grad_norm: 3661.8194
2026-05-25 14:36:54,951 - DriveTransformer - INFO - Iter [1600/12870]	lr: 2.888e-05, eta: 3:15:30, time: 1.015, data_time: 0.062, memory: 21575, loss_cls: 0.8635, loss_bbox: 0.8960, loss_traj: 1.9237, loss_traj_cls: 0.0005, loss_map_cls: 0.4963, loss_map_pts: 1.7083, loss_map_dir: 0.0088, d0.loss_plan_l1_fix_time: 3.2784, d0.loss_plan_l1_fix_dist: 0.4648, d1.loss_plan_l1_fix_time: 3.0689, d1.loss_plan_l1_fix_dist: 0.4916, d2.loss_plan_l1_fix_time: 3.0870, d2.loss_plan_l1_fix_dist: 0.5332, d3.loss_plan_l1_fix_time: 3.1225, d3.loss_plan_l1_fix_dist: 0.5803, d4.loss_plan_l1_fix_time: 3.1661, d4.loss_plan_l1_fix_dist: 0.6361, d5.loss_plan_l1_fix_time: 3.2141, d5.loss_plan_l1_fix_dist: 0.6974, d6.loss_plan_l1_fix_time: 3.2640, d6.loss_plan_l1_fix_dist: 0.7657, d7.loss_plan_l1_fix_time: 3.3143, d7.loss_plan_l1_fix_dist: 0.8424, d8.loss_plan_l1_fix_time: 3.3651, d8.loss_plan_l1_fix_dist: 0.9301, d0.loss_cls_all: 0.8543, d0.loss_bbox_all: 0.9383, d0.loss_cls: 0.8543, d0.loss_bbox: 0.9383, d1.loss_cls: 0.8498, d1.loss_bbox: 0.9131, d2.loss_cls: 0.8491, d2.loss_bbox: 0.9077, d3.loss_cls: 0.8531, d3.loss_bbox: 0.9019, d4.loss_cls: 0.8486, d4.loss_bbox: 0.9026, d5.loss_cls: 0.8487, d5.loss_bbox: 0.8992, d6.loss_cls: 0.8503, d6.loss_bbox: 0.8978, d7.loss_cls: 0.8572, d7.loss_bbox: 0.8945, d0.loss_traj_cls: 0.0004, d0.loss_traj: 2.0527, d1.loss_traj_cls: 0.0004, d1.loss_traj: 2.0124, d2.loss_traj_cls: 0.0004, d2.loss_traj: 1.9924, d3.loss_traj_cls: 0.0004, d3.loss_traj: 1.9725, d4.loss_traj_cls: 0.0004, d4.loss_traj: 1.9451, d5.loss_traj_cls: 0.0004, d5.loss_traj: 1.9334, d6.loss_traj_cls: 0.0004, d6.loss_traj: 1.9337, d7.loss_traj_cls: 0.0004, d7.loss_traj: 1.9227, d0.loss_map_cls_all: 0.4882, d0.loss_map_pts_all: 2.3669, d0.loss_map_dir_all: 0.0085, d0.loss_map_cls: 0.4882, d0.loss_map_pts: 2.3669, d0.loss_map_dir: 0.0085, d1.loss_map_cls: 0.4696, d1.loss_map_pts: 1.7256, d1.loss_map_dir: 0.0088, d2.loss_map_cls: 0.4765, d2.loss_map_pts: 1.6912, d2.loss_map_dir: 0.0088, d3.loss_map_cls: 0.4815, d3.loss_map_pts: 1.6904, d3.loss_map_dir: 0.0088, d4.loss_map_cls: 0.4842, d4.loss_map_pts: 1.6907, d4.loss_map_dir: 0.0088, d5.loss_map_cls: 0.4874, d5.loss_map_pts: 1.6926, d5.loss_map_dir: 0.0088, d6.loss_map_cls: 0.4899, d6.loss_map_pts: 1.6973, d6.loss_map_dir: 0.0088, d7.loss_map_cls: 0.4933, d7.loss_map_pts: 1.7021, d7.loss_map_dir: 0.0088, loss: 93.4071, grad_norm: 2310.2420
2026-05-25 14:37:46,038 - DriveTransformer - INFO - Iter [1650/12870]	lr: 2.881e-05, eta: 3:14:31, time: 1.022, data_time: 0.061, memory: 21575, loss_cls: 0.8940, loss_bbox: 0.7563, loss_traj: 3.3264, loss_traj_cls: 0.0004, loss_map_cls: 0.6063, loss_map_pts: 2.3825, loss_map_dir: 0.0231, d0.loss_plan_l1_fix_time: 3.1431, d0.loss_plan_l1_fix_dist: 0.4336, d1.loss_plan_l1_fix_time: 2.8587, d1.loss_plan_l1_fix_dist: 0.5050, d2.loss_plan_l1_fix_time: 2.8814, d2.loss_plan_l1_fix_dist: 0.5821, d3.loss_plan_l1_fix_time: 2.9195, d3.loss_plan_l1_fix_dist: 0.6624, d4.loss_plan_l1_fix_time: 2.9585, d4.loss_plan_l1_fix_dist: 0.7477, d5.loss_plan_l1_fix_time: 2.9970, d5.loss_plan_l1_fix_dist: 0.8369, d6.loss_plan_l1_fix_time: 3.0398, d6.loss_plan_l1_fix_dist: 0.9325, d7.loss_plan_l1_fix_time: 3.0864, d7.loss_plan_l1_fix_dist: 1.0337, d8.loss_plan_l1_fix_time: 3.1380, d8.loss_plan_l1_fix_dist: 1.1417, d0.loss_cls_all: 0.9048, d0.loss_bbox_all: 0.7830, d0.loss_cls: 0.9048, d0.loss_bbox: 0.7830, d1.loss_cls: 0.8936, d1.loss_bbox: 0.7968, d2.loss_cls: 0.8927, d2.loss_bbox: 0.7982, d3.loss_cls: 0.8932, d3.loss_bbox: 0.7844, d4.loss_cls: 0.8936, d4.loss_bbox: 0.7792, d5.loss_cls: 0.8910, d5.loss_bbox: 0.7669, d6.loss_cls: 0.8924, d6.loss_bbox: 0.7569, d7.loss_cls: 0.8924, d7.loss_bbox: 0.7540, d0.loss_traj_cls: 0.0004, d0.loss_traj: 3.0662, d1.loss_traj_cls: 0.0004, d1.loss_traj: 3.1158, d2.loss_traj_cls: 0.0004, d2.loss_traj: 3.1538, d3.loss_traj_cls: 0.0004, d3.loss_traj: 3.1922, d4.loss_traj_cls: 0.0004, d4.loss_traj: 3.2193, d5.loss_traj_cls: 0.0004, d5.loss_traj: 3.2407, d6.loss_traj_cls: 0.0004, d6.loss_traj: 3.2702, d7.loss_traj_cls: 0.0004, d7.loss_traj: 3.3052, d0.loss_map_cls_all: 0.5943, d0.loss_map_pts_all: 2.7644, d0.loss_map_dir_all: 0.0221, d0.loss_map_cls: 0.5943, d0.loss_map_pts: 2.7644, d0.loss_map_dir: 0.0221, d1.loss_map_cls: 0.5881, d1.loss_map_pts: 2.3745, d1.loss_map_dir: 0.0229, d2.loss_map_cls: 0.5880, d2.loss_map_pts: 2.3498, d2.loss_map_dir: 0.0229, d3.loss_map_cls: 0.5850, d3.loss_map_pts: 2.3476, d3.loss_map_dir: 0.0229, d4.loss_map_cls: 0.5912, d4.loss_map_pts: 2.3502, d4.loss_map_dir: 0.0231, d5.loss_map_cls: 0.5943, d5.loss_map_pts: 2.3576, d5.loss_map_dir: 0.0229, d6.loss_map_cls: 0.6005, d6.loss_map_pts: 2.3627, d6.loss_map_dir: 0.0230, d7.loss_map_cls: 0.6031, d7.loss_map_pts: 2.3720, d7.loss_map_dir: 0.0230, loss: 110.1011, grad_norm: 5888.7287
2026-05-25 14:38:36,325 - DriveTransformer - INFO - Iter [1700/12870]	lr: 2.874e-05, eta: 3:13:28, time: 1.006, data_time: 0.060, memory: 21575, loss_cls: 0.9647, loss_bbox: 0.8926, loss_traj: 3.2110, loss_traj_cls: 0.0004, loss_map_cls: 0.5319, loss_map_pts: 1.7229, loss_map_dir: 0.0147, d0.loss_plan_l1_fix_time: 4.9118, d0.loss_plan_l1_fix_dist: 0.7003, d1.loss_plan_l1_fix_time: 4.8295, d1.loss_plan_l1_fix_dist: 0.7042, d2.loss_plan_l1_fix_time: 4.8349, d2.loss_plan_l1_fix_dist: 0.7249, d3.loss_plan_l1_fix_time: 4.8474, d3.loss_plan_l1_fix_dist: 0.7520, d4.loss_plan_l1_fix_time: 4.8626, d4.loss_plan_l1_fix_dist: 0.7852, d5.loss_plan_l1_fix_time: 4.8796, d5.loss_plan_l1_fix_dist: 0.8260, d6.loss_plan_l1_fix_time: 4.8996, d6.loss_plan_l1_fix_dist: 0.8723, d7.loss_plan_l1_fix_time: 4.9233, d7.loss_plan_l1_fix_dist: 0.9282, d8.loss_plan_l1_fix_time: 4.9502, d8.loss_plan_l1_fix_dist: 0.9957, d0.loss_cls_all: 0.9163, d0.loss_bbox_all: 0.8921, d0.loss_cls: 0.9163, d0.loss_bbox: 0.8921, d1.loss_cls: 0.9216, d1.loss_bbox: 0.9090, d2.loss_cls: 0.9266, d2.loss_bbox: 0.8924, d3.loss_cls: 0.9330, d3.loss_bbox: 0.8790, d4.loss_cls: 0.9412, d4.loss_bbox: 0.8712, d5.loss_cls: 0.9464, d5.loss_bbox: 0.8731, d6.loss_cls: 0.9521, d6.loss_bbox: 0.8814, d7.loss_cls: 0.9580, d7.loss_bbox: 0.8882, d0.loss_traj_cls: 0.0004, d0.loss_traj: 2.9726, d1.loss_traj_cls: 0.0004, d1.loss_traj: 2.9914, d2.loss_traj_cls: 0.0004, d2.loss_traj: 3.0387, d3.loss_traj_cls: 0.0004, d3.loss_traj: 3.0846, d4.loss_traj_cls: 0.0004, d4.loss_traj: 3.1206, d5.loss_traj_cls: 0.0004, d5.loss_traj: 3.1361, d6.loss_traj_cls: 0.0004, d6.loss_traj: 3.1768, d7.loss_traj_cls: 0.0004, d7.loss_traj: 3.1871, d0.loss_map_cls_all: 0.4899, d0.loss_map_pts_all: 2.3149, d0.loss_map_dir_all: 0.0148, d0.loss_map_cls: 0.4899, d0.loss_map_pts: 2.3149, d0.loss_map_dir: 0.0148, d1.loss_map_cls: 0.4921, d1.loss_map_pts: 1.7525, d1.loss_map_dir: 0.0146, d2.loss_map_cls: 0.4998, d2.loss_map_pts: 1.7176, d2.loss_map_dir: 0.0147, d3.loss_map_cls: 0.5057, d3.loss_map_pts: 1.7117, d3.loss_map_dir: 0.0147, d4.loss_map_cls: 0.5117, d4.loss_map_pts: 1.7104, d4.loss_map_dir: 0.0147, d5.loss_map_cls: 0.5183, d5.loss_map_pts: 1.7106, d5.loss_map_dir: 0.0147, d6.loss_map_cls: 0.5227, d6.loss_map_pts: 1.7143, d6.loss_map_dir: 0.0147, d7.loss_map_cls: 0.5246, d7.loss_map_pts: 1.7204, d7.loss_map_dir: 0.0147, loss: 121.0216, grad_norm: 2311.5171
2026-05-25 14:38:53,546 - DriveTransformer - INFO - Saving checkpoint at 1716 iterations
2026-05-25 14:39:38,393 - DriveTransformer - INFO - Iter [1750/12870]	lr: 2.867e-05, eta: 3:13:40, time: 1.241, data_time: 0.062, memory: 21575, loss_cls: 0.9955, loss_bbox: 0.9587, loss_traj: 3.5430, loss_traj_cls: 0.0006, loss_map_cls: 0.5829, loss_map_pts: 3.3156, loss_map_dir: 0.0481, d0.loss_plan_l1_fix_time: 5.8636, d0.loss_plan_l1_fix_dist: 0.7590, d1.loss_plan_l1_fix_time: 5.8528, d1.loss_plan_l1_fix_dist: 0.7981, d2.loss_plan_l1_fix_time: 5.8695, d2.loss_plan_l1_fix_dist: 0.8967, d3.loss_plan_l1_fix_time: 5.8844, d3.loss_plan_l1_fix_dist: 1.0102, d4.loss_plan_l1_fix_time: 5.8999, d4.loss_plan_l1_fix_dist: 1.1295, d5.loss_plan_l1_fix_time: 5.9173, d5.loss_plan_l1_fix_dist: 1.2459, d6.loss_plan_l1_fix_time: 5.9372, d6.loss_plan_l1_fix_dist: 1.3651, d7.loss_plan_l1_fix_time: 5.9597, d7.loss_plan_l1_fix_dist: 1.4935, d8.loss_plan_l1_fix_time: 5.9862, d8.loss_plan_l1_fix_dist: 1.6319, d0.loss_cls_all: 0.9284, d0.loss_bbox_all: 0.9795, d0.loss_cls: 0.9284, d0.loss_bbox: 0.9795, d1.loss_cls: 0.9401, d1.loss_bbox: 0.9770, d2.loss_cls: 0.9562, d2.loss_bbox: 0.9633, d3.loss_cls: 0.9622, d3.loss_bbox: 0.9550, d4.loss_cls: 0.9666, d4.loss_bbox: 0.9439, d5.loss_cls: 0.9674, d5.loss_bbox: 0.9454, d6.loss_cls: 0.9761, d6.loss_bbox: 0.9551, d7.loss_cls: 0.9860, d7.loss_bbox: 0.9553, d0.loss_traj_cls: 0.0005, d0.loss_traj: 3.1548, d1.loss_traj_cls: 0.0005, d1.loss_traj: 3.1772, d2.loss_traj_cls: 0.0005, d2.loss_traj: 3.2462, d3.loss_traj_cls: 0.0005, d3.loss_traj: 3.3078, d4.loss_traj_cls: 0.0005, d4.loss_traj: 3.3850, d5.loss_traj_cls: 0.0005, d5.loss_traj: 3.4498, d6.loss_traj_cls: 0.0005, d6.loss_traj: 3.4728, d7.loss_traj_cls: 0.0005, d7.loss_traj: 3.5189, d0.loss_map_cls_all: 0.5343, d0.loss_map_pts_all: 3.5684, d0.loss_map_dir_all: 0.0477, d0.loss_map_cls: 0.5343, d0.loss_map_pts: 3.5684, d0.loss_map_dir: 0.0477, d1.loss_map_cls: 0.5581, d1.loss_map_pts: 3.3191, d1.loss_map_dir: 0.0484, d2.loss_map_cls: 0.5433, d2.loss_map_pts: 3.2980, d2.loss_map_dir: 0.0482, d3.loss_map_cls: 0.5426, d3.loss_map_pts: 3.2953, d3.loss_map_dir: 0.0479, d4.loss_map_cls: 0.5506, d4.loss_map_pts: 3.2956, d4.loss_map_dir: 0.0479, d5.loss_map_cls: 0.5618, d5.loss_map_pts: 3.2979, d5.loss_map_dir: 0.0478, d6.loss_map_cls: 0.5710, d6.loss_map_pts: 3.3024, d6.loss_map_dir: 0.0479, d7.loss_map_cls: 0.5772, d7.loss_map_pts: 3.3087, d7.loss_map_dir: 0.0480, loss: 152.5853, grad_norm: 6098.4973
2026-05-25 14:40:34,575 - DriveTransformer - INFO - Iter [1800/12870]	lr: 2.859e-05, eta: 3:13:12, time: 1.124, data_time: 0.066, memory: 21575, loss_cls: 0.9508, loss_bbox: 1.0220, loss_traj: 1.9012, loss_traj_cls: 0.0007, loss_map_cls: 0.5810, loss_map_pts: 3.0522, loss_map_dir: 0.0475, d0.loss_plan_l1_fix_time: 4.8004, d0.loss_plan_l1_fix_dist: 0.7064, d1.loss_plan_l1_fix_time: 4.8231, d1.loss_plan_l1_fix_dist: 0.7258, d2.loss_plan_l1_fix_time: 4.8476, d2.loss_plan_l1_fix_dist: 0.7622, d3.loss_plan_l1_fix_time: 4.8709, d3.loss_plan_l1_fix_dist: 0.8068, d4.loss_plan_l1_fix_time: 4.8957, d4.loss_plan_l1_fix_dist: 0.8612, d5.loss_plan_l1_fix_time: 4.9245, d5.loss_plan_l1_fix_dist: 0.9273, d6.loss_plan_l1_fix_time: 4.9540, d6.loss_plan_l1_fix_dist: 1.0040, d7.loss_plan_l1_fix_time: 4.9844, d7.loss_plan_l1_fix_dist: 1.0958, d8.loss_plan_l1_fix_time: 5.0151, d8.loss_plan_l1_fix_dist: 1.2024, d0.loss_cls_all: 0.9069, d0.loss_bbox_all: 1.0055, d0.loss_cls: 0.9069, d0.loss_bbox: 1.0055, d1.loss_cls: 0.9122, d1.loss_bbox: 0.9939, d2.loss_cls: 0.9196, d2.loss_bbox: 0.9956, d3.loss_cls: 0.9222, d3.loss_bbox: 0.9946, d4.loss_cls: 0.9298, d4.loss_bbox: 0.9986, d5.loss_cls: 0.9336, d5.loss_bbox: 1.0004, d6.loss_cls: 0.9372, d6.loss_bbox: 1.0072, d7.loss_cls: 0.9433, d7.loss_bbox: 1.0173, d0.loss_traj_cls: 0.0005, d0.loss_traj: 1.8134, d1.loss_traj_cls: 0.0005, d1.loss_traj: 1.8295, d2.loss_traj_cls: 0.0005, d2.loss_traj: 1.8337, d3.loss_traj_cls: 0.0005, d3.loss_traj: 1.8299, d4.loss_traj_cls: 0.0006, d4.loss_traj: 1.8465, d5.loss_traj_cls: 0.0006, d5.loss_traj: 1.8528, d6.loss_traj_cls: 0.0006, d6.loss_traj: 1.8717, d7.loss_traj_cls: 0.0006, d7.loss_traj: 1.8967, d0.loss_map_cls_all: 0.5605, d0.loss_map_pts_all: 3.3667, d0.loss_map_dir_all: 0.0466, d0.loss_map_cls: 0.5605, d0.loss_map_pts: 3.3667, d0.loss_map_dir: 0.0466, d1.loss_map_cls: 0.5671, d1.loss_map_pts: 3.0956, d1.loss_map_dir: 0.0473, d2.loss_map_cls: 0.5694, d2.loss_map_pts: 3.0642, d2.loss_map_dir: 0.0474, d3.loss_map_cls: 0.5766, d3.loss_map_pts: 3.0520, d3.loss_map_dir: 0.0474, d4.loss_map_cls: 0.5795, d4.loss_map_pts: 3.0484, d4.loss_map_dir: 0.0474, d5.loss_map_cls: 0.5810, d5.loss_map_pts: 3.0474, d5.loss_map_dir: 0.0473, d6.loss_map_cls: 0.5794, d6.loss_map_pts: 3.0492, d6.loss_map_dir: 0.0475, d7.loss_map_cls: 0.5807, d7.loss_map_pts: 3.0504, d7.loss_map_dir: 0.0474, loss: 125.5923, grad_norm: 2579.3459
2026-05-25 14:41:28,574 - DriveTransformer - INFO - Iter [1850/12870]	lr: 2.851e-05, eta: 3:12:29, time: 1.080, data_time: 0.061, memory: 21575, loss_cls: 0.9244, loss_bbox: 0.9631, loss_traj: 1.9506, loss_traj_cls: 0.0006, loss_map_cls: 0.5807, loss_map_pts: 2.1761, loss_map_dir: 0.0288, d0.loss_plan_l1_fix_time: 4.2116, d0.loss_plan_l1_fix_dist: 0.5832, d1.loss_plan_l1_fix_time: 4.2450, d1.loss_plan_l1_fix_dist: 0.5865, d2.loss_plan_l1_fix_time: 4.2745, d2.loss_plan_l1_fix_dist: 0.6056, d3.loss_plan_l1_fix_time: 4.3061, d3.loss_plan_l1_fix_dist: 0.6319, d4.loss_plan_l1_fix_time: 4.3416, d4.loss_plan_l1_fix_dist: 0.6676, d5.loss_plan_l1_fix_time: 4.3802, d5.loss_plan_l1_fix_dist: 0.7148, d6.loss_plan_l1_fix_time: 4.4231, d6.loss_plan_l1_fix_dist: 0.7696, d7.loss_plan_l1_fix_time: 4.4687, d7.loss_plan_l1_fix_dist: 0.8349, d8.loss_plan_l1_fix_time: 4.5186, d8.loss_plan_l1_fix_dist: 0.9197, d0.loss_cls_all: 0.9000, d0.loss_bbox_all: 0.9413, d0.loss_cls: 0.9000, d0.loss_bbox: 0.9413, d1.loss_cls: 0.8955, d1.loss_bbox: 0.9421, d2.loss_cls: 0.8963, d2.loss_bbox: 0.9489, d3.loss_cls: 0.8995, d3.loss_bbox: 0.9579, d4.loss_cls: 0.9024, d4.loss_bbox: 0.9592, d5.loss_cls: 0.9073, d5.loss_bbox: 0.9542, d6.loss_cls: 0.9089, d6.loss_bbox: 0.9575, d7.loss_cls: 0.9125, d7.loss_bbox: 0.9618, d0.loss_traj_cls: 0.0005, d0.loss_traj: 1.8585, d1.loss_traj_cls: 0.0005, d1.loss_traj: 1.8724, d2.loss_traj_cls: 0.0005, d2.loss_traj: 1.8876, d3.loss_traj_cls: 0.0005, d3.loss_traj: 1.9053, d4.loss_traj_cls: 0.0005, d4.loss_traj: 1.9070, d5.loss_traj_cls: 0.0005, d5.loss_traj: 1.9135, d6.loss_traj_cls: 0.0005, d6.loss_traj: 1.9157, d7.loss_traj_cls: 0.0005, d7.loss_traj: 1.9286, d0.loss_map_cls_all: 0.5653, d0.loss_map_pts_all: 2.6705, d0.loss_map_dir_all: 0.0279, d0.loss_map_cls: 0.5653, d0.loss_map_pts: 2.6705, d0.loss_map_dir: 0.0279, d1.loss_map_cls: 0.5448, d1.loss_map_pts: 2.2286, d1.loss_map_dir: 0.0289, d2.loss_map_cls: 0.5519, d2.loss_map_pts: 2.1860, d2.loss_map_dir: 0.0291, d3.loss_map_cls: 0.5598, d3.loss_map_pts: 2.1757, d3.loss_map_dir: 0.0289, d4.loss_map_cls: 0.5655, d4.loss_map_pts: 2.1716, d4.loss_map_dir: 0.0288, d5.loss_map_cls: 0.5719, d5.loss_map_pts: 2.1711, d5.loss_map_dir: 0.0288, d6.loss_map_cls: 0.5740, d6.loss_map_pts: 2.1721, d6.loss_map_dir: 0.0288, d7.loss_map_cls: 0.5777, d7.loss_map_pts: 2.1741, d7.loss_map_dir: 0.0288, loss: 109.9410, grad_norm: 1637.6715
2026-05-25 14:42:25,279 - DriveTransformer - INFO - Iter [1900/12870]	lr: 2.843e-05, eta: 3:12:02, time: 1.134, data_time: 0.067, memory: 21575, loss_cls: 0.9386, loss_bbox: 1.0603, loss_traj: 2.2788, loss_traj_cls: 0.0006, loss_map_cls: 0.5267, loss_map_pts: 2.8773, loss_map_dir: 0.0491, d0.loss_plan_l1_fix_time: 4.2448, d0.loss_plan_l1_fix_dist: 0.7617, d1.loss_plan_l1_fix_time: 4.1103, d1.loss_plan_l1_fix_dist: 0.7687, d2.loss_plan_l1_fix_time: 4.1478, d2.loss_plan_l1_fix_dist: 0.7867, d3.loss_plan_l1_fix_time: 4.1911, d3.loss_plan_l1_fix_dist: 0.8182, d4.loss_plan_l1_fix_time: 4.2349, d4.loss_plan_l1_fix_dist: 0.8651, d5.loss_plan_l1_fix_time: 4.2797, d5.loss_plan_l1_fix_dist: 0.9239, d6.loss_plan_l1_fix_time: 4.3289, d6.loss_plan_l1_fix_dist: 0.9939, d7.loss_plan_l1_fix_time: 4.3822, d7.loss_plan_l1_fix_dist: 1.0745, d8.loss_plan_l1_fix_time: 4.4398, d8.loss_plan_l1_fix_dist: 1.1669, d0.loss_cls_all: 0.9130, d0.loss_bbox_all: 1.0508, d0.loss_cls: 0.9130, d0.loss_bbox: 1.0508, d1.loss_cls: 0.9091, d1.loss_bbox: 1.0495, d2.loss_cls: 0.9089, d2.loss_bbox: 1.0328, d3.loss_cls: 0.9118, d3.loss_bbox: 1.0287, d4.loss_cls: 0.9167, d4.loss_bbox: 1.0310, d5.loss_cls: 0.9239, d5.loss_bbox: 1.0367, d6.loss_cls: 0.9268, d6.loss_bbox: 1.0421, d7.loss_cls: 0.9297, d7.loss_bbox: 1.0543, d0.loss_traj_cls: 0.0005, d0.loss_traj: 2.1172, d1.loss_traj_cls: 0.0005, d1.loss_traj: 2.1575, d2.loss_traj_cls: 0.0005, d2.loss_traj: 2.1850, d3.loss_traj_cls: 0.0005, d3.loss_traj: 2.2025, d4.loss_traj_cls: 0.0005, d4.loss_traj: 2.2236, d5.loss_traj_cls: 0.0006, d5.loss_traj: 2.2363, d6.loss_traj_cls: 0.0006, d6.loss_traj: 2.2495, d7.loss_traj_cls: 0.0006, d7.loss_traj: 2.2537, d0.loss_map_cls_all: 0.5050, d0.loss_map_pts_all: 3.3296, d0.loss_map_dir_all: 0.0476, d0.loss_map_cls: 0.5050, d0.loss_map_pts: 3.3296, d0.loss_map_dir: 0.0476, d1.loss_map_cls: 0.5174, d1.loss_map_pts: 2.9010, d1.loss_map_dir: 0.0494, d2.loss_map_cls: 0.5191, d2.loss_map_pts: 2.8668, d2.loss_map_dir: 0.0493, d3.loss_map_cls: 0.5220, d3.loss_map_pts: 2.8593, d3.loss_map_dir: 0.0492, d4.loss_map_cls: 0.5229, d4.loss_map_pts: 2.8570, d4.loss_map_dir: 0.0492, d5.loss_map_cls: 0.5222, d5.loss_map_pts: 2.8601, d5.loss_map_dir: 0.0491, d6.loss_map_cls: 0.5232, d6.loss_map_pts: 2.8646, d6.loss_map_dir: 0.0491, d7.loss_map_cls: 0.5257, d7.loss_map_pts: 2.8705, d7.loss_map_dir: 0.0491, loss: 121.3502, grad_norm: 2587.6346
2026-05-25 14:43:22,278 - DriveTransformer - INFO - Iter [1950/12870]	lr: 2.835e-05, eta: 3:11:34, time: 1.140, data_time: 0.066, memory: 21575, loss_cls: 0.9813, loss_bbox: 0.9977, loss_traj: 1.8966, loss_traj_cls: 0.0004, loss_map_cls: 0.6145, loss_map_pts: 2.8748, loss_map_dir: 0.0486, d0.loss_plan_l1_fix_time: 3.0080, d0.loss_plan_l1_fix_dist: 0.3222, d1.loss_plan_l1_fix_time: 3.0539, d1.loss_plan_l1_fix_dist: 0.3614, d2.loss_plan_l1_fix_time: 3.0835, d2.loss_plan_l1_fix_dist: 0.4147, d3.loss_plan_l1_fix_time: 3.1143, d3.loss_plan_l1_fix_dist: 0.4713, d4.loss_plan_l1_fix_time: 3.1436, d4.loss_plan_l1_fix_dist: 0.5302, d5.loss_plan_l1_fix_time: 3.1735, d5.loss_plan_l1_fix_dist: 0.5914, d6.loss_plan_l1_fix_time: 3.2061, d6.loss_plan_l1_fix_dist: 0.6541, d7.loss_plan_l1_fix_time: 3.2395, d7.loss_plan_l1_fix_dist: 0.7205, d8.loss_plan_l1_fix_time: 3.2770, d8.loss_plan_l1_fix_dist: 0.7912, d0.loss_cls_all: 0.9721, d0.loss_bbox_all: 0.9860, d0.loss_cls: 0.9721, d0.loss_bbox: 0.9860, d1.loss_cls: 0.9835, d1.loss_bbox: 0.9785, d2.loss_cls: 0.9828, d2.loss_bbox: 0.9726, d3.loss_cls: 0.9813, d3.loss_bbox: 0.9759, d4.loss_cls: 0.9809, d4.loss_bbox: 0.9753, d5.loss_cls: 0.9754, d5.loss_bbox: 0.9827, d6.loss_cls: 0.9769, d6.loss_bbox: 0.9900, d7.loss_cls: 0.9801, d7.loss_bbox: 0.9903, d0.loss_traj_cls: 0.0004, d0.loss_traj: 1.8413, d1.loss_traj_cls: 0.0004, d1.loss_traj: 1.8710, d2.loss_traj_cls: 0.0004, d2.loss_traj: 1.8787, d3.loss_traj_cls: 0.0004, d3.loss_traj: 1.8822, d4.loss_traj_cls: 0.0004, d4.loss_traj: 1.9096, d5.loss_traj_cls: 0.0004, d5.loss_traj: 1.9235, d6.loss_traj_cls: 0.0004, d6.loss_traj: 1.9102, d7.loss_traj_cls: 0.0004, d7.loss_traj: 1.8937, d0.loss_map_cls_all: 0.6097, d0.loss_map_pts_all: 3.0986, d0.loss_map_dir_all: 0.0472, d0.loss_map_cls: 0.6097, d0.loss_map_pts: 3.0986, d0.loss_map_dir: 0.0472, d1.loss_map_cls: 0.6127, d1.loss_map_pts: 2.8915, d1.loss_map_dir: 0.0478, d2.loss_map_cls: 0.6162, d2.loss_map_pts: 2.8660, d2.loss_map_dir: 0.0483, d3.loss_map_cls: 0.6190, d3.loss_map_pts: 2.8567, d3.loss_map_dir: 0.0484, d4.loss_map_cls: 0.6186, d4.loss_map_pts: 2.8556, d4.loss_map_dir: 0.0485, d5.loss_map_cls: 0.6164, d5.loss_map_pts: 2.8599, d5.loss_map_dir: 0.0485, d6.loss_map_cls: 0.6127, d6.loss_map_pts: 2.8645, d6.loss_map_dir: 0.0485, d7.loss_map_cls: 0.6142, d7.loss_map_pts: 2.8690, d7.loss_map_dir: 0.0485, loss: 105.5484, grad_norm: 3911.8116
2026-05-25 14:44:13,014 - DriveTransformer - INFO - Exp name: drivetransformer_large_single_gpu_24g_30epoch.py
2026-05-25 14:44:13,014 - DriveTransformer - INFO - Iter [2000/12870]	lr: 2.827e-05, eta: 3:10:32, time: 1.015, data_time: 0.061, memory: 21575, loss_cls: 0.9247, loss_bbox: 0.8583, loss_traj: 3.5467, loss_traj_cls: 0.0003, loss_map_cls: 0.4380, loss_map_pts: 0.9693, loss_map_dir: 0.0068, d0.loss_plan_l1_fix_time: 2.5907, d0.loss_plan_l1_fix_dist: 0.2520, d1.loss_plan_l1_fix_time: 2.5750, d1.loss_plan_l1_fix_dist: 0.2728, d2.loss_plan_l1_fix_time: 2.5850, d2.loss_plan_l1_fix_dist: 0.3073, d3.loss_plan_l1_fix_time: 2.5957, d3.loss_plan_l1_fix_dist: 0.3476, d4.loss_plan_l1_fix_time: 2.6120, d4.loss_plan_l1_fix_dist: 0.3915, d5.loss_plan_l1_fix_time: 2.6309, d5.loss_plan_l1_fix_dist: 0.4374, d6.loss_plan_l1_fix_time: 2.6519, d6.loss_plan_l1_fix_dist: 0.4869, d7.loss_plan_l1_fix_time: 2.6733, d7.loss_plan_l1_fix_dist: 0.5413, d8.loss_plan_l1_fix_time: 2.6989, d8.loss_plan_l1_fix_dist: 0.6031, d0.loss_cls_all: 0.9085, d0.loss_bbox_all: 0.8262, d0.loss_cls: 0.9085, d0.loss_bbox: 0.8262, d1.loss_cls: 0.9088, d1.loss_bbox: 0.8182, d2.loss_cls: 0.9077, d2.loss_bbox: 0.8171, d3.loss_cls: 0.9057, d3.loss_bbox: 0.8256, d4.loss_cls: 0.9079, d4.loss_bbox: 0.8329, d5.loss_cls: 0.9112, d5.loss_bbox: 0.8393, d6.loss_cls: 0.9144, d6.loss_bbox: 0.8441, d7.loss_cls: 0.9169, d7.loss_bbox: 0.8516, d0.loss_traj_cls: 0.0003, d0.loss_traj: 3.4289, d1.loss_traj_cls: 0.0003, d1.loss_traj: 3.4487, d2.loss_traj_cls: 0.0003, d2.loss_traj: 3.4508, d3.loss_traj_cls: 0.0003, d3.loss_traj: 3.4528, d4.loss_traj_cls: 0.0003, d4.loss_traj: 3.4625, d5.loss_traj_cls: 0.0003, d5.loss_traj: 3.4819, d6.loss_traj_cls: 0.0003, d6.loss_traj: 3.5121, d7.loss_traj_cls: 0.0003, d7.loss_traj: 3.5167, d0.loss_map_cls_all: 0.4352, d0.loss_map_pts_all: 1.9118, d0.loss_map_dir_all: 0.0074, d0.loss_map_cls: 0.4352, d0.loss_map_pts: 1.9118, d0.loss_map_dir: 0.0074, d1.loss_map_cls: 0.4088, d1.loss_map_pts: 1.0049, d1.loss_map_dir: 0.0070, d2.loss_map_cls: 0.4036, d2.loss_map_pts: 0.9517, d2.loss_map_dir: 0.0068, d3.loss_map_cls: 0.4184, d3.loss_map_pts: 0.9435, d3.loss_map_dir: 0.0068, d4.loss_map_cls: 0.4236, d4.loss_map_pts: 0.9469, d4.loss_map_dir: 0.0068, d5.loss_map_cls: 0.4289, d5.loss_map_pts: 0.9499, d5.loss_map_dir: 0.0068, d6.loss_map_cls: 0.4333, d6.loss_map_pts: 0.9542, d6.loss_map_dir: 0.0068, d7.loss_map_cls: 0.4359, d7.loss_map_pts: 0.9611, d7.loss_map_dir: 0.0068, loss: 91.8460, grad_norm: 295.2329
2026-05-25 14:45:03,330 - DriveTransformer - INFO - Iter [2050/12870]	lr: 2.818e-05, eta: 3:09:27, time: 1.006, data_time: 0.062, memory: 21575, loss_cls: 0.8419, loss_bbox: 0.8048, loss_traj: 2.9231, loss_traj_cls: 0.0004, loss_map_cls: 0.3370, loss_map_pts: 0.8323, loss_map_dir: 0.0051, d0.loss_plan_l1_fix_time: 4.2714, d0.loss_plan_l1_fix_dist: 0.6022, d1.loss_plan_l1_fix_time: 4.1654, d1.loss_plan_l1_fix_dist: 0.5411, d2.loss_plan_l1_fix_time: 4.1482, d2.loss_plan_l1_fix_dist: 0.5462, d3.loss_plan_l1_fix_time: 4.1504, d3.loss_plan_l1_fix_dist: 0.5666, d4.loss_plan_l1_fix_time: 4.1624, d4.loss_plan_l1_fix_dist: 0.5981, d5.loss_plan_l1_fix_time: 4.1805, d5.loss_plan_l1_fix_dist: 0.6353, d6.loss_plan_l1_fix_time: 4.2037, d6.loss_plan_l1_fix_dist: 0.6778, d7.loss_plan_l1_fix_time: 4.2326, d7.loss_plan_l1_fix_dist: 0.7289, d8.loss_plan_l1_fix_time: 4.2659, d8.loss_plan_l1_fix_dist: 0.7928, d0.loss_cls_all: 0.8136, d0.loss_bbox_all: 0.8173, d0.loss_cls: 0.8136, d0.loss_bbox: 0.8173, d1.loss_cls: 0.8281, d1.loss_bbox: 0.8258, d2.loss_cls: 0.8295, d2.loss_bbox: 0.8175, d3.loss_cls: 0.8331, d3.loss_bbox: 0.8066, d4.loss_cls: 0.8311, d4.loss_bbox: 0.8080, d5.loss_cls: 0.8325, d5.loss_bbox: 0.8039, d6.loss_cls: 0.8353, d6.loss_bbox: 0.8012, d7.loss_cls: 0.8402, d7.loss_bbox: 0.7999, d0.loss_traj_cls: 0.0003, d0.loss_traj: 2.7141, d1.loss_traj_cls: 0.0003, d1.loss_traj: 2.6788, d2.loss_traj_cls: 0.0003, d2.loss_traj: 2.6988, d3.loss_traj_cls: 0.0003, d3.loss_traj: 2.7388, d4.loss_traj_cls: 0.0003, d4.loss_traj: 2.7699, d5.loss_traj_cls: 0.0003, d5.loss_traj: 2.7819, d6.loss_traj_cls: 0.0004, d6.loss_traj: 2.8391, d7.loss_traj_cls: 0.0004, d7.loss_traj: 2.8751, d0.loss_map_cls_all: 0.3630, d0.loss_map_pts_all: 1.8967, d0.loss_map_dir_all: 0.0055, d0.loss_map_cls: 0.3630, d0.loss_map_pts: 1.8967, d0.loss_map_dir: 0.0055, d1.loss_map_cls: 0.3112, d1.loss_map_pts: 0.8391, d1.loss_map_dir: 0.0051, d2.loss_map_cls: 0.3135, d2.loss_map_pts: 0.8115, d2.loss_map_dir: 0.0050, d3.loss_map_cls: 0.3207, d3.loss_map_pts: 0.8109, d3.loss_map_dir: 0.0051, d4.loss_map_cls: 0.3278, d4.loss_map_pts: 0.8136, d4.loss_map_dir: 0.0051, d5.loss_map_cls: 0.3306, d5.loss_map_pts: 0.8179, d5.loss_map_dir: 0.0051, d6.loss_map_cls: 0.3330, d6.loss_map_pts: 0.8221, d6.loss_map_dir: 0.0051, d7.loss_map_cls: 0.3357, d7.loss_map_pts: 0.8267, d7.loss_map_dir: 0.0052, loss: 98.6484, grad_norm: 266.9943
2026-05-25 14:45:54,625 - DriveTransformer - INFO - Iter [2100/12870]	lr: 2.809e-05, eta: 3:08:28, time: 1.026, data_time: 0.061, memory: 21575, loss_cls: 0.7761, loss_bbox: 0.7388, loss_traj: 1.2649, loss_traj_cls: 0.0004, loss_map_cls: 0.3126, loss_map_pts: 1.3026, loss_map_dir: 0.0067, d0.loss_plan_l1_fix_time: 3.0684, d0.loss_plan_l1_fix_dist: 0.6235, d1.loss_plan_l1_fix_time: 3.0761, d1.loss_plan_l1_fix_dist: 0.5576, d2.loss_plan_l1_fix_time: 3.0882, d2.loss_plan_l1_fix_dist: 0.5657, d3.loss_plan_l1_fix_time: 3.1084, d3.loss_plan_l1_fix_dist: 0.5902, d4.loss_plan_l1_fix_time: 3.1338, d4.loss_plan_l1_fix_dist: 0.6207, d5.loss_plan_l1_fix_time: 3.1623, d5.loss_plan_l1_fix_dist: 0.6562, d6.loss_plan_l1_fix_time: 3.1921, d6.loss_plan_l1_fix_dist: 0.6972, d7.loss_plan_l1_fix_time: 3.2240, d7.loss_plan_l1_fix_dist: 0.7479, d8.loss_plan_l1_fix_time: 3.2599, d8.loss_plan_l1_fix_dist: 0.8155, d0.loss_cls_all: 0.7449, d0.loss_bbox_all: 0.7793, d0.loss_cls: 0.7449, d0.loss_bbox: 0.7793, d1.loss_cls: 0.7579, d1.loss_bbox: 0.7611, d2.loss_cls: 0.7635, d2.loss_bbox: 0.7580, d3.loss_cls: 0.7663, d3.loss_bbox: 0.7620, d4.loss_cls: 0.7674, d4.loss_bbox: 0.7500, d5.loss_cls: 0.7730, d5.loss_bbox: 0.7333, d6.loss_cls: 0.7753, d6.loss_bbox: 0.7277, d7.loss_cls: 0.7751, d7.loss_bbox: 0.7323, d0.loss_traj_cls: 0.0003, d0.loss_traj: 1.1105, d1.loss_traj_cls: 0.0003, d1.loss_traj: 1.1157, d2.loss_traj_cls: 0.0003, d2.loss_traj: 1.1362, d3.loss_traj_cls: 0.0003, d3.loss_traj: 1.1526, d4.loss_traj_cls: 0.0003, d4.loss_traj: 1.1813, d5.loss_traj_cls: 0.0003, d5.loss_traj: 1.1999, d6.loss_traj_cls: 0.0003, d6.loss_traj: 1.2209, d7.loss_traj_cls: 0.0003, d7.loss_traj: 1.2166, d0.loss_map_cls_all: 0.3617, d0.loss_map_pts_all: 2.1953, d0.loss_map_dir_all: 0.0069, d0.loss_map_cls: 0.3617, d0.loss_map_pts: 2.1953, d0.loss_map_dir: 0.0069, d1.loss_map_cls: 0.2988, d1.loss_map_pts: 1.3068, d1.loss_map_dir: 0.0068, d2.loss_map_cls: 0.2983, d2.loss_map_pts: 1.2835, d2.loss_map_dir: 0.0068, d3.loss_map_cls: 0.3002, d3.loss_map_pts: 1.2845, d3.loss_map_dir: 0.0067, d4.loss_map_cls: 0.3051, d4.loss_map_pts: 1.2861, d4.loss_map_dir: 0.0067, d5.loss_map_cls: 0.3082, d5.loss_map_pts: 1.2876, d5.loss_map_dir: 0.0067, d6.loss_map_cls: 0.3095, d6.loss_map_pts: 1.2913, d6.loss_map_dir: 0.0067, d7.loss_map_cls: 0.3111, d7.loss_map_pts: 1.2967, d7.loss_map_dir: 0.0067, loss: 77.9200, grad_norm: 414.7431
2026-05-25 14:46:41,859 - DriveTransformer - INFO - Saving checkpoint at 2145 iterations
2026-05-25 14:46:58,962 - DriveTransformer - INFO - Iter [2150/12870]	lr: 2.800e-05, eta: 3:08:35, time: 1.287, data_time: 0.063, memory: 21575, loss_cls: 0.6940, loss_bbox: 0.7627, loss_traj: 0.8540, loss_traj_cls: 0.0003, loss_map_cls: 0.3779, loss_map_pts: 1.1631, loss_map_dir: 0.0070, d0.loss_plan_l1_fix_time: 1.8704, d0.loss_plan_l1_fix_dist: 0.3723, d1.loss_plan_l1_fix_time: 1.8624, d1.loss_plan_l1_fix_dist: 0.3987, d2.loss_plan_l1_fix_time: 1.8648, d2.loss_plan_l1_fix_dist: 0.4461, d3.loss_plan_l1_fix_time: 1.8880, d3.loss_plan_l1_fix_dist: 0.4963, d4.loss_plan_l1_fix_time: 1.9156, d4.loss_plan_l1_fix_dist: 0.5488, d5.loss_plan_l1_fix_time: 1.9432, d5.loss_plan_l1_fix_dist: 0.6024, d6.loss_plan_l1_fix_time: 1.9728, d6.loss_plan_l1_fix_dist: 0.6540, d7.loss_plan_l1_fix_time: 2.0053, d7.loss_plan_l1_fix_dist: 0.7089, d8.loss_plan_l1_fix_time: 2.0412, d8.loss_plan_l1_fix_dist: 0.7734, d0.loss_cls_all: 0.6615, d0.loss_bbox_all: 0.7406, d0.loss_cls: 0.6615, d0.loss_bbox: 0.7406, d1.loss_cls: 0.6629, d1.loss_bbox: 0.7673, d2.loss_cls: 0.6686, d2.loss_bbox: 0.7640, d3.loss_cls: 0.6682, d3.loss_bbox: 0.7582, d4.loss_cls: 0.6723, d4.loss_bbox: 0.7590, d5.loss_cls: 0.6774, d5.loss_bbox: 0.7700, d6.loss_cls: 0.6869, d6.loss_bbox: 0.7573, d7.loss_cls: 0.6936, d7.loss_bbox: 0.7557, d0.loss_traj_cls: 0.0003, d0.loss_traj: 0.6752, d1.loss_traj_cls: 0.0003, d1.loss_traj: 0.7223, d2.loss_traj_cls: 0.0003, d2.loss_traj: 0.7579, d3.loss_traj_cls: 0.0003, d3.loss_traj: 0.7945, d4.loss_traj_cls: 0.0003, d4.loss_traj: 0.8177, d5.loss_traj_cls: 0.0003, d5.loss_traj: 0.8321, d6.loss_traj_cls: 0.0003, d6.loss_traj: 0.8489, d7.loss_traj_cls: 0.0003, d7.loss_traj: 0.8595, d0.loss_map_cls_all: 0.4369, d0.loss_map_pts_all: 2.0196, d0.loss_map_dir_all: 0.0064, d0.loss_map_cls: 0.4369, d0.loss_map_pts: 2.0196, d0.loss_map_dir: 0.0064, d1.loss_map_cls: 0.3692, d1.loss_map_pts: 1.1684, d1.loss_map_dir: 0.0069, d2.loss_map_cls: 0.3697, d2.loss_map_pts: 1.1485, d2.loss_map_dir: 0.0069, d3.loss_map_cls: 0.3691, d3.loss_map_pts: 1.1513, d3.loss_map_dir: 0.0070, d4.loss_map_cls: 0.3715, d4.loss_map_pts: 1.1530, d4.loss_map_dir: 0.0070, d5.loss_map_cls: 0.3736, d5.loss_map_pts: 1.1556, d5.loss_map_dir: 0.0070, d6.loss_map_cls: 0.3750, d6.loss_map_pts: 1.1580, d6.loss_map_dir: 0.0071, d7.loss_map_cls: 0.3763, d7.loss_map_pts: 1.1615, d7.loss_map_dir: 0.0070, loss: 61.0758, grad_norm: 2252.5521
2026-05-25 14:47:49,888 - DriveTransformer - INFO - Iter [2200/12870]	lr: 2.791e-05, eta: 3:07:33, time: 1.018, data_time: 0.063, memory: 21575, loss_cls: 0.9200, loss_bbox: 0.7271, loss_traj: 2.4135, loss_traj_cls: 0.0003, loss_map_cls: 0.3078, loss_map_pts: 1.3119, loss_map_dir: 0.0052, d0.loss_plan_l1_fix_time: 3.2133, d0.loss_plan_l1_fix_dist: 0.4369, d1.loss_plan_l1_fix_time: 3.2308, d1.loss_plan_l1_fix_dist: 0.4435, d2.loss_plan_l1_fix_time: 3.2688, d2.loss_plan_l1_fix_dist: 0.4758, d3.loss_plan_l1_fix_time: 3.3038, d3.loss_plan_l1_fix_dist: 0.5225, d4.loss_plan_l1_fix_time: 3.3374, d4.loss_plan_l1_fix_dist: 0.5786, d5.loss_plan_l1_fix_time: 3.3707, d5.loss_plan_l1_fix_dist: 0.6419, d6.loss_plan_l1_fix_time: 3.4073, d6.loss_plan_l1_fix_dist: 0.7132, d7.loss_plan_l1_fix_time: 3.4451, d7.loss_plan_l1_fix_dist: 0.7913, d8.loss_plan_l1_fix_time: 3.4850, d8.loss_plan_l1_fix_dist: 0.8758, d0.loss_cls_all: 0.6678, d0.loss_bbox_all: 0.8597, d0.loss_cls: 0.6678, d0.loss_bbox: 0.8597, d1.loss_cls: 0.6759, d1.loss_bbox: 0.8429, d2.loss_cls: 0.6907, d2.loss_bbox: 0.8260, d3.loss_cls: 0.7174, d3.loss_bbox: 0.8042, d4.loss_cls: 0.7569, d4.loss_bbox: 0.7751, d5.loss_cls: 0.8094, d5.loss_bbox: 0.7457, d6.loss_cls: 0.8446, d6.loss_bbox: 0.7319, d7.loss_cls: 0.8741, d7.loss_bbox: 0.7263, d0.loss_traj_cls: 0.0002, d0.loss_traj: 2.3077, d1.loss_traj_cls: 0.0002, d1.loss_traj: 2.3391, d2.loss_traj_cls: 0.0003, d2.loss_traj: 2.3666, d3.loss_traj_cls: 0.0003, d3.loss_traj: 2.3793, d4.loss_traj_cls: 0.0003, d4.loss_traj: 2.3910, d5.loss_traj_cls: 0.0003, d5.loss_traj: 2.3816, d6.loss_traj_cls: 0.0003, d6.loss_traj: 2.3942, d7.loss_traj_cls: 0.0003, d7.loss_traj: 2.4004, d0.loss_map_cls_all: 0.3824, d0.loss_map_pts_all: 2.0693, d0.loss_map_dir_all: 0.0052, d0.loss_map_cls: 0.3824, d0.loss_map_pts: 2.0693, d0.loss_map_dir: 0.0052, d1.loss_map_cls: 0.2925, d1.loss_map_pts: 1.3434, d1.loss_map_dir: 0.0052, d2.loss_map_cls: 0.2893, d2.loss_map_pts: 1.3054, d2.loss_map_dir: 0.0052, d3.loss_map_cls: 0.2931, d3.loss_map_pts: 1.2992, d3.loss_map_dir: 0.0052, d4.loss_map_cls: 0.2966, d4.loss_map_pts: 1.2995, d4.loss_map_dir: 0.0052, d5.loss_map_cls: 0.3001, d5.loss_map_pts: 1.3020, d5.loss_map_dir: 0.0052, d6.loss_map_cls: 0.3029, d6.loss_map_pts: 1.3044, d6.loss_map_dir: 0.0053, d7.loss_map_cls: 0.3043, d7.loss_map_pts: 1.3092, d7.loss_map_dir: 0.0052, loss: 90.2579, grad_norm: 1894.0139
2026-05-25 14:48:40,982 - DriveTransformer - INFO - Iter [2250/12870]	lr: 2.782e-05, eta: 3:06:32, time: 1.022, data_time: 0.061, memory: 21575, loss_cls: 0.8358, loss_bbox: 0.9216, loss_traj: 1.7122, loss_traj_cls: 0.0003, loss_map_cls: 0.2354, loss_map_pts: 1.6315, loss_map_dir: 0.0030, d0.loss_plan_l1_fix_time: 4.2163, d0.loss_plan_l1_fix_dist: 0.5860, d1.loss_plan_l1_fix_time: 4.0866, d1.loss_plan_l1_fix_dist: 0.5884, d2.loss_plan_l1_fix_time: 4.0940, d2.loss_plan_l1_fix_dist: 0.6081, d3.loss_plan_l1_fix_time: 4.1134, d3.loss_plan_l1_fix_dist: 0.6266, d4.loss_plan_l1_fix_time: 4.1385, d4.loss_plan_l1_fix_dist: 0.6465, d5.loss_plan_l1_fix_time: 4.1696, d5.loss_plan_l1_fix_dist: 0.6752, d6.loss_plan_l1_fix_time: 4.2035, d6.loss_plan_l1_fix_dist: 0.7269, d7.loss_plan_l1_fix_time: 4.2430, d7.loss_plan_l1_fix_dist: 0.8085, d8.loss_plan_l1_fix_time: 4.2877, d8.loss_plan_l1_fix_dist: 0.9231, d0.loss_cls_all: 0.8424, d0.loss_bbox_all: 0.9273, d0.loss_cls: 0.8424, d0.loss_bbox: 0.9273, d1.loss_cls: 0.8347, d1.loss_bbox: 0.9258, d2.loss_cls: 0.8315, d2.loss_bbox: 0.9171, d3.loss_cls: 0.8324, d3.loss_bbox: 0.9099, d4.loss_cls: 0.8337, d4.loss_bbox: 0.9130, d5.loss_cls: 0.8347, d5.loss_bbox: 0.9132, d6.loss_cls: 0.8351, d6.loss_bbox: 0.9159, d7.loss_cls: 0.8376, d7.loss_bbox: 0.9135, d0.loss_traj_cls: 0.0003, d0.loss_traj: 1.7618, d1.loss_traj_cls: 0.0003, d1.loss_traj: 1.7204, d2.loss_traj_cls: 0.0003, d2.loss_traj: 1.7172, d3.loss_traj_cls: 0.0003, d3.loss_traj: 1.6932, d4.loss_traj_cls: 0.0003, d4.loss_traj: 1.6849, d5.loss_traj_cls: 0.0003, d5.loss_traj: 1.6844, d6.loss_traj_cls: 0.0003, d6.loss_traj: 1.6829, d7.loss_traj_cls: 0.0003, d7.loss_traj: 1.6791, d0.loss_map_cls_all: 0.3504, d0.loss_map_pts_all: 2.2780, d0.loss_map_dir_all: 0.0031, d0.loss_map_cls: 0.3504, d0.loss_map_pts: 2.2780, d0.loss_map_dir: 0.0031, d1.loss_map_cls: 0.2447, d1.loss_map_pts: 1.6148, d1.loss_map_dir: 0.0030, d2.loss_map_cls: 0.2368, d2.loss_map_pts: 1.5966, d2.loss_map_dir: 0.0030, d3.loss_map_cls: 0.2345, d3.loss_map_pts: 1.5949, d3.loss_map_dir: 0.0030, d4.loss_map_cls: 0.2348, d4.loss_map_pts: 1.5965, d4.loss_map_dir: 0.0030, d5.loss_map_cls: 0.2351, d5.loss_map_pts: 1.6016, d5.loss_map_dir: 0.0030, d6.loss_map_cls: 0.2331, d6.loss_map_pts: 1.6113, d6.loss_map_dir: 0.0030, d7.loss_map_cls: 0.2345, d7.loss_map_pts: 1.6196, d7.loss_map_dir: 0.0030, loss: 96.6686, grad_norm: 1235.7496
2026-05-25 14:49:32,463 - DriveTransformer - INFO - Iter [2300/12870]	lr: 2.772e-05, eta: 3:05:34, time: 1.030, data_time: 0.063, memory: 21575, loss_cls: 0.9047, loss_bbox: 0.9115, loss_traj: 1.7901, loss_traj_cls: 0.0003, loss_map_cls: 0.3425, loss_map_pts: 1.1399, loss_map_dir: 0.0040, d0.loss_plan_l1_fix_time: 1.7208, d0.loss_plan_l1_fix_dist: 0.3701, d1.loss_plan_l1_fix_time: 1.6215, d1.loss_plan_l1_fix_dist: 0.3707, d2.loss_plan_l1_fix_time: 1.6362, d2.loss_plan_l1_fix_dist: 0.3897, d3.loss_plan_l1_fix_time: 1.6580, d3.loss_plan_l1_fix_dist: 0.4118, d4.loss_plan_l1_fix_time: 1.6837, d4.loss_plan_l1_fix_dist: 0.4365, d5.loss_plan_l1_fix_time: 1.7124, d5.loss_plan_l1_fix_dist: 0.4649, d6.loss_plan_l1_fix_time: 1.7428, d6.loss_plan_l1_fix_dist: 0.5008, d7.loss_plan_l1_fix_time: 1.7735, d7.loss_plan_l1_fix_dist: 0.5477, d8.loss_plan_l1_fix_time: 1.8047, d8.loss_plan_l1_fix_dist: 0.6105, d0.loss_cls_all: 0.9150, d0.loss_bbox_all: 0.9176, d0.loss_cls: 0.9150, d0.loss_bbox: 0.9176, d1.loss_cls: 0.9051, d1.loss_bbox: 0.9300, d2.loss_cls: 0.9059, d2.loss_bbox: 0.9120, d3.loss_cls: 0.9092, d3.loss_bbox: 0.9073, d4.loss_cls: 0.9056, d4.loss_bbox: 0.9129, d5.loss_cls: 0.9048, d5.loss_bbox: 0.9134, d6.loss_cls: 0.9053, d6.loss_bbox: 0.9098, d7.loss_cls: 0.9062, d7.loss_bbox: 0.9065, d0.loss_traj_cls: 0.0003, d0.loss_traj: 1.8061, d1.loss_traj_cls: 0.0003, d1.loss_traj: 1.8144, d2.loss_traj_cls: 0.0003, d2.loss_traj: 1.8119, d3.loss_traj_cls: 0.0003, d3.loss_traj: 1.8386, d4.loss_traj_cls: 0.0003, d4.loss_traj: 1.8309, d5.loss_traj_cls: 0.0003, d5.loss_traj: 1.8117, d6.loss_traj_cls: 0.0003, d6.loss_traj: 1.8082, d7.loss_traj_cls: 0.0003, d7.loss_traj: 1.7972, d0.loss_map_cls_all: 0.3984, d0.loss_map_pts_all: 1.7705, d0.loss_map_dir_all: 0.0040, d0.loss_map_cls: 0.3984, d0.loss_map_pts: 1.7705, d0.loss_map_dir: 0.0040, d1.loss_map_cls: 0.3319, d1.loss_map_pts: 1.1482, d1.loss_map_dir: 0.0040, d2.loss_map_cls: 0.3336, d2.loss_map_pts: 1.1292, d2.loss_map_dir: 0.0040, d3.loss_map_cls: 0.3375, d3.loss_map_pts: 1.1265, d3.loss_map_dir: 0.0040, d4.loss_map_cls: 0.3405, d4.loss_map_pts: 1.1242, d4.loss_map_dir: 0.0040, d5.loss_map_cls: 0.3422, d5.loss_map_pts: 1.1245, d5.loss_map_dir: 0.0040, d6.loss_map_cls: 0.3425, d6.loss_map_pts: 1.1278, d6.loss_map_dir: 0.0040, d7.loss_map_cls: 0.3431, d7.loss_map_pts: 1.1323, d7.loss_map_dir: 0.0040, loss: 70.1278, grad_norm: 638.1562
2026-05-25 14:50:20,588 - DriveTransformer - INFO - Iter [2350/12870]	lr: 2.762e-05, eta: 3:04:21, time: 0.963, data_time: 0.057, memory: 21575, loss_cls: 0.9243, loss_bbox: 0.9613, loss_traj: 2.1063, loss_traj_cls: 0.0004, loss_map_cls: 0.4594, loss_map_pts: 0.9324, loss_map_dir: 0.0049, d0.loss_plan_l1_fix_time: 3.5515, d0.loss_plan_l1_fix_dist: 0.3243, d1.loss_plan_l1_fix_time: 3.5510, d1.loss_plan_l1_fix_dist: 0.3368, d2.loss_plan_l1_fix_time: 3.5587, d2.loss_plan_l1_fix_dist: 0.3651, d3.loss_plan_l1_fix_time: 3.5705, d3.loss_plan_l1_fix_dist: 0.3952, d4.loss_plan_l1_fix_time: 3.5851, d4.loss_plan_l1_fix_dist: 0.4287, d5.loss_plan_l1_fix_time: 3.6023, d5.loss_plan_l1_fix_dist: 0.4657, d6.loss_plan_l1_fix_time: 3.6197, d6.loss_plan_l1_fix_dist: 0.5066, d7.loss_plan_l1_fix_time: 3.6375, d7.loss_plan_l1_fix_dist: 0.5527, d8.loss_plan_l1_fix_time: 3.6574, d8.loss_plan_l1_fix_dist: 0.6075, d0.loss_cls_all: 0.9090, d0.loss_bbox_all: 0.9598, d0.loss_cls: 0.9090, d0.loss_bbox: 0.9598, d1.loss_cls: 0.8964, d1.loss_bbox: 0.9872, d2.loss_cls: 0.9008, d2.loss_bbox: 0.9750, d3.loss_cls: 0.9070, d3.loss_bbox: 0.9637, d4.loss_cls: 0.9080, d4.loss_bbox: 0.9612, d5.loss_cls: 0.9123, d5.loss_bbox: 0.9572, d6.loss_cls: 0.9154, d6.loss_bbox: 0.9598, d7.loss_cls: 0.9179, d7.loss_bbox: 0.9615, d0.loss_traj_cls: 0.0004, d0.loss_traj: 2.1230, d1.loss_traj_cls: 0.0004, d1.loss_traj: 2.1028, d2.loss_traj_cls: 0.0004, d2.loss_traj: 2.1105, d3.loss_traj_cls: 0.0004, d3.loss_traj: 2.0902, d4.loss_traj_cls: 0.0004, d4.loss_traj: 2.0691, d5.loss_traj_cls: 0.0004, d5.loss_traj: 2.0729, d6.loss_traj_cls: 0.0004, d6.loss_traj: 2.0837, d7.loss_traj_cls: 0.0004, d7.loss_traj: 2.1026, d0.loss_map_cls_all: 0.4447, d0.loss_map_pts_all: 1.2667, d0.loss_map_dir_all: 0.0049, d0.loss_map_cls: 0.4447, d0.loss_map_pts: 1.2667, d0.loss_map_dir: 0.0049, d1.loss_map_cls: 0.4204, d1.loss_map_pts: 0.9575, d1.loss_map_dir: 0.0049, d2.loss_map_cls: 0.4323, d2.loss_map_pts: 0.9396, d2.loss_map_dir: 0.0049, d3.loss_map_cls: 0.4399, d3.loss_map_pts: 0.9336, d3.loss_map_dir: 0.0049, d4.loss_map_cls: 0.4461, d4.loss_map_pts: 0.9295, d4.loss_map_dir: 0.0049, d5.loss_map_cls: 0.4487, d5.loss_map_pts: 0.9303, d5.loss_map_dir: 0.0049, d6.loss_map_cls: 0.4526, d6.loss_map_pts: 0.9300, d6.loss_map_dir: 0.0049, d7.loss_map_cls: 0.4554, d7.loss_map_pts: 0.9308, d7.loss_map_dir: 0.0049, loss: 88.4377, grad_norm: 800.4694
2026-05-25 14:51:08,881 - DriveTransformer - INFO - Iter [2400/12870]	lr: 2.753e-05, eta: 3:03:10, time: 0.966, data_time: 0.059, memory: 21575, loss_cls: 0.9635, loss_bbox: 0.8962, loss_traj: 1.1106, loss_traj_cls: 0.0005, loss_map_cls: 0.5121, loss_map_pts: 1.2986, loss_map_dir: 0.0135, d0.loss_plan_l1_fix_time: 2.4659, d0.loss_plan_l1_fix_dist: 0.3650, d1.loss_plan_l1_fix_time: 2.4302, d1.loss_plan_l1_fix_dist: 0.3657, d2.loss_plan_l1_fix_time: 2.4508, d2.loss_plan_l1_fix_dist: 0.3855, d3.loss_plan_l1_fix_time: 2.4805, d3.loss_plan_l1_fix_dist: 0.4117, d4.loss_plan_l1_fix_time: 2.5148, d4.loss_plan_l1_fix_dist: 0.4437, d5.loss_plan_l1_fix_time: 2.5534, d5.loss_plan_l1_fix_dist: 0.4832, d6.loss_plan_l1_fix_time: 2.5987, d6.loss_plan_l1_fix_dist: 0.5268, d7.loss_plan_l1_fix_time: 2.6491, d7.loss_plan_l1_fix_dist: 0.5802, d8.loss_plan_l1_fix_time: 2.7051, d8.loss_plan_l1_fix_dist: 0.6466, d0.loss_cls_all: 0.9476, d0.loss_bbox_all: 0.9025, d0.loss_cls: 0.9476, d0.loss_bbox: 0.9025, d1.loss_cls: 0.9442, d1.loss_bbox: 0.8807, d2.loss_cls: 0.9441, d2.loss_bbox: 0.8758, d3.loss_cls: 0.9425, d3.loss_bbox: 0.8765, d4.loss_cls: 0.9478, d4.loss_bbox: 0.8741, d5.loss_cls: 0.9505, d5.loss_bbox: 0.8838, d6.loss_cls: 0.9558, d6.loss_bbox: 0.8837, d7.loss_cls: 0.9554, d7.loss_bbox: 0.8909, d0.loss_traj_cls: 0.0004, d0.loss_traj: 0.9575, d1.loss_traj_cls: 0.0004, d1.loss_traj: 0.9958, d2.loss_traj_cls: 0.0004, d2.loss_traj: 1.0302, d3.loss_traj_cls: 0.0004, d3.loss_traj: 1.0428, d4.loss_traj_cls: 0.0004, d4.loss_traj: 1.0908, d5.loss_traj_cls: 0.0004, d5.loss_traj: 1.0875, d6.loss_traj_cls: 0.0004, d6.loss_traj: 1.1018, d7.loss_traj_cls: 0.0005, d7.loss_traj: 1.0892, d0.loss_map_cls_all: 0.4426, d0.loss_map_pts_all: 1.7397, d0.loss_map_dir_all: 0.0125, d0.loss_map_cls: 0.4426, d0.loss_map_pts: 1.7397, d0.loss_map_dir: 0.0125, d1.loss_map_cls: 0.4480, d1.loss_map_pts: 1.3516, d1.loss_map_dir: 0.0136, d2.loss_map_cls: 0.4665, d2.loss_map_pts: 1.3008, d2.loss_map_dir: 0.0135, d3.loss_map_cls: 0.4791, d3.loss_map_pts: 1.2882, d3.loss_map_dir: 0.0135, d4.loss_map_cls: 0.4873, d4.loss_map_pts: 1.2870, d4.loss_map_dir: 0.0135, d5.loss_map_cls: 0.4961, d5.loss_map_pts: 1.2859, d5.loss_map_dir: 0.0135, d6.loss_map_cls: 0.5005, d6.loss_map_pts: 1.2902, d6.loss_map_dir: 0.0135, d7.loss_map_cls: 0.5067, d7.loss_map_pts: 1.2936, d7.loss_map_dir: 0.0135, loss: 73.7219, grad_norm: 2355.8775
2026-05-25 14:51:56,591 - DriveTransformer - INFO - Iter [2450/12870]	lr: 2.742e-05, eta: 3:01:57, time: 0.954, data_time: 0.059, memory: 21575, loss_cls: 1.0062, loss_bbox: 0.9866, loss_traj: 2.6771, loss_traj_cls: 0.0004, loss_map_cls: 0.3826, loss_map_pts: 1.4953, loss_map_dir: 0.0068, d0.loss_plan_l1_fix_time: 3.7452, d0.loss_plan_l1_fix_dist: 0.3349, d1.loss_plan_l1_fix_time: 3.6987, d1.loss_plan_l1_fix_dist: 0.3389, d2.loss_plan_l1_fix_time: 3.7087, d2.loss_plan_l1_fix_dist: 0.3621, d3.loss_plan_l1_fix_time: 3.7247, d3.loss_plan_l1_fix_dist: 0.3901, d4.loss_plan_l1_fix_time: 3.7417, d4.loss_plan_l1_fix_dist: 0.4218, d5.loss_plan_l1_fix_time: 3.7624, d5.loss_plan_l1_fix_dist: 0.4545, d6.loss_plan_l1_fix_time: 3.7852, d6.loss_plan_l1_fix_dist: 0.4909, d7.loss_plan_l1_fix_time: 3.8097, d7.loss_plan_l1_fix_dist: 0.5316, d8.loss_plan_l1_fix_time: 3.8378, d8.loss_plan_l1_fix_dist: 0.5819, d0.loss_cls_all: 1.0024, d0.loss_bbox_all: 0.9728, d0.loss_cls: 1.0024, d0.loss_bbox: 0.9728, d1.loss_cls: 1.0009, d1.loss_bbox: 0.9630, d2.loss_cls: 0.9938, d2.loss_bbox: 0.9691, d3.loss_cls: 0.9981, d3.loss_bbox: 0.9713, d4.loss_cls: 1.0032, d4.loss_bbox: 0.9742, d5.loss_cls: 1.0048, d5.loss_bbox: 0.9775, d6.loss_cls: 1.0052, d6.loss_bbox: 0.9788, d7.loss_cls: 1.0076, d7.loss_bbox: 0.9851, d0.loss_traj_cls: 0.0003, d0.loss_traj: 2.5345, d1.loss_traj_cls: 0.0003, d1.loss_traj: 2.5607, d2.loss_traj_cls: 0.0004, d2.loss_traj: 2.5960, d3.loss_traj_cls: 0.0004, d3.loss_traj: 2.6268, d4.loss_traj_cls: 0.0004, d4.loss_traj: 2.6449, d5.loss_traj_cls: 0.0004, d5.loss_traj: 2.6626, d6.loss_traj_cls: 0.0004, d6.loss_traj: 2.6653, d7.loss_traj_cls: 0.0004, d7.loss_traj: 2.6707, d0.loss_map_cls_all: 0.4044, d0.loss_map_pts_all: 1.6885, d0.loss_map_dir_all: 0.0067, d0.loss_map_cls: 0.4044, d0.loss_map_pts: 1.6885, d0.loss_map_dir: 0.0067, d1.loss_map_cls: 0.3728, d1.loss_map_pts: 1.4944, d1.loss_map_dir: 0.0069, d2.loss_map_cls: 0.3684, d2.loss_map_pts: 1.4596, d2.loss_map_dir: 0.0068, d3.loss_map_cls: 0.3718, d3.loss_map_pts: 1.4570, d3.loss_map_dir: 0.0068, d4.loss_map_cls: 0.3712, d4.loss_map_pts: 1.4618, d4.loss_map_dir: 0.0068, d5.loss_map_cls: 0.3733, d5.loss_map_pts: 1.4680, d5.loss_map_dir: 0.0068, d6.loss_map_cls: 0.3769, d6.loss_map_pts: 1.4750, d6.loss_map_dir: 0.0068, d7.loss_map_cls: 0.3784, d7.loss_map_pts: 1.4853, d7.loss_map_dir: 0.0068, loss: 100.1837, grad_norm: 2148.3289
2026-05-25 14:52:45,501 - DriveTransformer - INFO - Iter [2500/12870]	lr: 2.732e-05, eta: 3:00:50, time: 0.978, data_time: 0.059, memory: 21575, loss_cls: 0.9469, loss_bbox: 0.9322, loss_traj: 3.4225, loss_traj_cls: 0.0003, loss_map_cls: 0.5223, loss_map_pts: 2.0939, loss_map_dir: 0.0287, d0.loss_plan_l1_fix_time: 3.1606, d0.loss_plan_l1_fix_dist: 0.2828, d1.loss_plan_l1_fix_time: 3.1243, d1.loss_plan_l1_fix_dist: 0.2831, d2.loss_plan_l1_fix_time: 3.1459, d2.loss_plan_l1_fix_dist: 0.3085, d3.loss_plan_l1_fix_time: 3.1735, d3.loss_plan_l1_fix_dist: 0.3397, d4.loss_plan_l1_fix_time: 3.2030, d4.loss_plan_l1_fix_dist: 0.3733, d5.loss_plan_l1_fix_time: 3.2369, d5.loss_plan_l1_fix_dist: 0.4087, d6.loss_plan_l1_fix_time: 3.2750, d6.loss_plan_l1_fix_dist: 0.4453, d7.loss_plan_l1_fix_time: 3.3169, d7.loss_plan_l1_fix_dist: 0.4867, d8.loss_plan_l1_fix_time: 3.3646, d8.loss_plan_l1_fix_dist: 0.5360, d0.loss_cls_all: 0.9074, d0.loss_bbox_all: 0.9153, d0.loss_cls: 0.9074, d0.loss_bbox: 0.9153, d1.loss_cls: 0.9103, d1.loss_bbox: 0.9240, d2.loss_cls: 0.9208, d2.loss_bbox: 0.9206, d3.loss_cls: 0.9237, d3.loss_bbox: 0.9217, d4.loss_cls: 0.9290, d4.loss_bbox: 0.9176, d5.loss_cls: 0.9342, d5.loss_bbox: 0.9146, d6.loss_cls: 0.9416, d6.loss_bbox: 0.9156, d7.loss_cls: 0.9449, d7.loss_bbox: 0.9257, d0.loss_traj_cls: 0.0002, d0.loss_traj: 3.3493, d1.loss_traj_cls: 0.0002, d1.loss_traj: 3.3396, d2.loss_traj_cls: 0.0002, d2.loss_traj: 3.3568, d3.loss_traj_cls: 0.0002, d3.loss_traj: 3.3936, d4.loss_traj_cls: 0.0002, d4.loss_traj: 3.4156, d5.loss_traj_cls: 0.0003, d5.loss_traj: 3.4160, d6.loss_traj_cls: 0.0003, d6.loss_traj: 3.4185, d7.loss_traj_cls: 0.0003, d7.loss_traj: 3.4117, d0.loss_map_cls_all: 0.5381, d0.loss_map_pts_all: 2.0689, d0.loss_map_dir_all: 0.0277, d0.loss_map_cls: 0.5381, d0.loss_map_pts: 2.0689, d0.loss_map_dir: 0.0277, d1.loss_map_cls: 0.5231, d1.loss_map_pts: 2.1037, d1.loss_map_dir: 0.0282, d2.loss_map_cls: 0.5065, d2.loss_map_pts: 2.0600, d2.loss_map_dir: 0.0285, d3.loss_map_cls: 0.5121, d3.loss_map_pts: 2.0485, d3.loss_map_dir: 0.0285, d4.loss_map_cls: 0.5112, d4.loss_map_pts: 2.0544, d4.loss_map_dir: 0.0283, d5.loss_map_cls: 0.5129, d5.loss_map_pts: 2.0624, d5.loss_map_dir: 0.0283, d6.loss_map_cls: 0.5180, d6.loss_map_pts: 2.0709, d6.loss_map_dir: 0.0286, d7.loss_map_cls: 0.5199, d7.loss_map_pts: 2.0831, d7.loss_map_dir: 0.0284, loss: 107.6590, grad_norm: 4235.5974
2026-05-25 14:53:32,277 - DriveTransformer - INFO - Iter [2550/12870]	lr: 2.722e-05, eta: 2:59:35, time: 0.936, data_time: 0.060, memory: 21575, loss_cls: 0.8944, loss_bbox: 0.8652, loss_traj: 4.0160, loss_traj_cls: 0.0003, loss_map_cls: 0.2458, loss_map_pts: 0.4977, loss_map_dir: 0.0011, d0.loss_plan_l1_fix_time: 1.2746, d0.loss_plan_l1_fix_dist: 0.1640, d1.loss_plan_l1_fix_time: 1.1683, d1.loss_plan_l1_fix_dist: 0.1872, d2.loss_plan_l1_fix_time: 1.1757, d2.loss_plan_l1_fix_dist: 0.2206, d3.loss_plan_l1_fix_time: 1.1947, d3.loss_plan_l1_fix_dist: 0.2546, d4.loss_plan_l1_fix_time: 1.2168, d4.loss_plan_l1_fix_dist: 0.2897, d5.loss_plan_l1_fix_time: 1.2415, d5.loss_plan_l1_fix_dist: 0.3255, d6.loss_plan_l1_fix_time: 1.2680, d6.loss_plan_l1_fix_dist: 0.3626, d7.loss_plan_l1_fix_time: 1.2955, d7.loss_plan_l1_fix_dist: 0.4027, d8.loss_plan_l1_fix_time: 1.3232, d8.loss_plan_l1_fix_dist: 0.4478, d0.loss_cls_all: 0.8550, d0.loss_bbox_all: 0.8536, d0.loss_cls: 0.8550, d0.loss_bbox: 0.8536, d1.loss_cls: 0.8491, d1.loss_bbox: 0.8735, d2.loss_cls: 0.8527, d2.loss_bbox: 0.8834, d3.loss_cls: 0.8594, d3.loss_bbox: 0.8723, d4.loss_cls: 0.8681, d4.loss_bbox: 0.8623, d5.loss_cls: 0.8748, d5.loss_bbox: 0.8622, d6.loss_cls: 0.8843, d6.loss_bbox: 0.8599, d7.loss_cls: 0.8910, d7.loss_bbox: 0.8610, d0.loss_traj_cls: 0.0002, d0.loss_traj: 4.0139, d1.loss_traj_cls: 0.0002, d1.loss_traj: 3.9561, d2.loss_traj_cls: 0.0002, d2.loss_traj: 3.9216, d3.loss_traj_cls: 0.0002, d3.loss_traj: 3.9308, d4.loss_traj_cls: 0.0002, d4.loss_traj: 3.9732, d5.loss_traj_cls: 0.0002, d5.loss_traj: 3.9708, d6.loss_traj_cls: 0.0003, d6.loss_traj: 3.9906, d7.loss_traj_cls: 0.0003, d7.loss_traj: 4.0138, d0.loss_map_cls_all: 0.2137, d0.loss_map_pts_all: 0.6981, d0.loss_map_dir_all: 0.0016, d0.loss_map_cls: 0.2137, d0.loss_map_pts: 0.6981, d0.loss_map_dir: 0.0016, d1.loss_map_cls: 0.2644, d1.loss_map_pts: 0.4725, d1.loss_map_dir: 0.0014, d2.loss_map_cls: 0.2305, d2.loss_map_pts: 0.4675, d2.loss_map_dir: 0.0013, d3.loss_map_cls: 0.2312, d3.loss_map_pts: 0.4671, d3.loss_map_dir: 0.0012, d4.loss_map_cls: 0.2349, d4.loss_map_pts: 0.4712, d4.loss_map_dir: 0.0012, d5.loss_map_cls: 0.2371, d5.loss_map_pts: 0.4757, d5.loss_map_dir: 0.0011, d6.loss_map_cls: 0.2392, d6.loss_map_pts: 0.4811, d6.loss_map_dir: 0.0011, d7.loss_map_cls: 0.2404, d7.loss_map_pts: 0.4895, d7.loss_map_dir: 0.0011, loss: 74.5148, grad_norm: 339.0740
2026-05-25 14:53:54,637 - DriveTransformer - INFO - Saving checkpoint at 2574 iterations
2026-05-25 14:54:30,484 - DriveTransformer - INFO - Iter [2600/12870]	lr: 2.711e-05, eta: 2:59:07, time: 1.164, data_time: 0.061, memory: 21575, loss_cls: 0.8696, loss_bbox: 0.8627, loss_traj: 2.1425, loss_traj_cls: 0.0004, loss_map_cls: 0.4472, loss_map_pts: 1.3462, loss_map_dir: 0.0141, d0.loss_plan_l1_fix_time: 3.1346, d0.loss_plan_l1_fix_dist: 0.5386, d1.loss_plan_l1_fix_time: 3.1500, d1.loss_plan_l1_fix_dist: 0.5157, d2.loss_plan_l1_fix_time: 3.1747, d2.loss_plan_l1_fix_dist: 0.5199, d3.loss_plan_l1_fix_time: 3.1984, d3.loss_plan_l1_fix_dist: 0.5361, d4.loss_plan_l1_fix_time: 3.2230, d4.loss_plan_l1_fix_dist: 0.5636, d5.loss_plan_l1_fix_time: 3.2499, d5.loss_plan_l1_fix_dist: 0.5972, d6.loss_plan_l1_fix_time: 3.2784, d6.loss_plan_l1_fix_dist: 0.6367, d7.loss_plan_l1_fix_time: 3.3092, d7.loss_plan_l1_fix_dist: 0.6834, d8.loss_plan_l1_fix_time: 3.3422, d8.loss_plan_l1_fix_dist: 0.7355, d0.loss_cls_all: 0.8369, d0.loss_bbox_all: 0.8678, d0.loss_cls: 0.8369, d0.loss_bbox: 0.8678, d1.loss_cls: 0.8491, d1.loss_bbox: 0.8443, d2.loss_cls: 0.8474, d2.loss_bbox: 0.8445, d3.loss_cls: 0.8509, d3.loss_bbox: 0.8571, d4.loss_cls: 0.8512, d4.loss_bbox: 0.8654, d5.loss_cls: 0.8538, d5.loss_bbox: 0.8777, d6.loss_cls: 0.8608, d6.loss_bbox: 0.8662, d7.loss_cls: 0.8666, d7.loss_bbox: 0.8605, d0.loss_traj_cls: 0.0003, d0.loss_traj: 2.3628, d1.loss_traj_cls: 0.0004, d1.loss_traj: 2.2323, d2.loss_traj_cls: 0.0004, d2.loss_traj: 2.1958, d3.loss_traj_cls: 0.0004, d3.loss_traj: 2.1392, d4.loss_traj_cls: 0.0004, d4.loss_traj: 2.1333, d5.loss_traj_cls: 0.0004, d5.loss_traj: 2.1332, d6.loss_traj_cls: 0.0004, d6.loss_traj: 2.1258, d7.loss_traj_cls: 0.0004, d7.loss_traj: 2.1322, d0.loss_map_cls_all: 0.4182, d0.loss_map_pts_all: 1.5326, d0.loss_map_dir_all: 0.0140, d0.loss_map_cls: 0.4182, d0.loss_map_pts: 1.5326, d0.loss_map_dir: 0.0140, d1.loss_map_cls: 0.4161, d1.loss_map_pts: 1.3422, d1.loss_map_dir: 0.0140, d2.loss_map_cls: 0.4115, d2.loss_map_pts: 1.3316, d2.loss_map_dir: 0.0141, d3.loss_map_cls: 0.4149, d3.loss_map_pts: 1.3300, d3.loss_map_dir: 0.0142, d4.loss_map_cls: 0.4215, d4.loss_map_pts: 1.3290, d4.loss_map_dir: 0.0142, d5.loss_map_cls: 0.4278, d5.loss_map_pts: 1.3322, d5.loss_map_dir: 0.0142, d6.loss_map_cls: 0.4363, d6.loss_map_pts: 1.3361, d6.loss_map_dir: 0.0142, d7.loss_map_cls: 0.4418, d7.loss_map_pts: 1.3416, d7.loss_map_dir: 0.0142, loss: 89.2741, grad_norm: 1638.0544
2026-05-25 14:55:26,841 - DriveTransformer - INFO - Iter [2650/12870]	lr: 2.700e-05, eta: 2:58:30, time: 1.127, data_time: 0.064, memory: 21575, loss_cls: 0.8781, loss_bbox: 0.8477, loss_traj: 2.4586, loss_traj_cls: 0.0005, loss_map_cls: 0.4412, loss_map_pts: 2.3539, loss_map_dir: 0.0398, d0.loss_plan_l1_fix_time: 4.6402, d0.loss_plan_l1_fix_dist: 0.5137, d1.loss_plan_l1_fix_time: 4.6163, d1.loss_plan_l1_fix_dist: 0.5355, d2.loss_plan_l1_fix_time: 4.6373, d2.loss_plan_l1_fix_dist: 0.5756, d3.loss_plan_l1_fix_time: 4.6597, d3.loss_plan_l1_fix_dist: 0.6178, d4.loss_plan_l1_fix_time: 4.6859, d4.loss_plan_l1_fix_dist: 0.6602, d5.loss_plan_l1_fix_time: 4.7144, d5.loss_plan_l1_fix_dist: 0.7047, d6.loss_plan_l1_fix_time: 4.7443, d6.loss_plan_l1_fix_dist: 0.7532, d7.loss_plan_l1_fix_time: 4.7766, d7.loss_plan_l1_fix_dist: 0.8141, d8.loss_plan_l1_fix_time: 4.8121, d8.loss_plan_l1_fix_dist: 0.8975, d0.loss_cls_all: 0.8640, d0.loss_bbox_all: 0.8860, d0.loss_cls: 0.8640, d0.loss_bbox: 0.8860, d1.loss_cls: 0.8670, d1.loss_bbox: 0.8666, d2.loss_cls: 0.8687, d2.loss_bbox: 0.8625, d3.loss_cls: 0.8694, d3.loss_bbox: 0.8480, d4.loss_cls: 0.8710, d4.loss_bbox: 0.8369, d5.loss_cls: 0.8735, d5.loss_bbox: 0.8328, d6.loss_cls: 0.8727, d6.loss_bbox: 0.8372, d7.loss_cls: 0.8779, d7.loss_bbox: 0.8448, d0.loss_traj_cls: 0.0004, d0.loss_traj: 2.2053, d1.loss_traj_cls: 0.0004, d1.loss_traj: 2.2662, d2.loss_traj_cls: 0.0004, d2.loss_traj: 2.3466, d3.loss_traj_cls: 0.0004, d3.loss_traj: 2.3701, d4.loss_traj_cls: 0.0005, d4.loss_traj: 2.3946, d5.loss_traj_cls: 0.0005, d5.loss_traj: 2.4254, d6.loss_traj_cls: 0.0005, d6.loss_traj: 2.4436, d7.loss_traj_cls: 0.0005, d7.loss_traj: 2.4575, d0.loss_map_cls_all: 0.4611, d0.loss_map_pts_all: 2.7517, d0.loss_map_dir_all: 0.0404, d0.loss_map_cls: 0.4611, d0.loss_map_pts: 2.7517, d0.loss_map_dir: 0.0404, d1.loss_map_cls: 0.4365, d1.loss_map_pts: 2.4063, d1.loss_map_dir: 0.0401, d2.loss_map_cls: 0.4280, d2.loss_map_pts: 2.3715, d2.loss_map_dir: 0.0401, d3.loss_map_cls: 0.4245, d3.loss_map_pts: 2.3618, d3.loss_map_dir: 0.0400, d4.loss_map_cls: 0.4285, d4.loss_map_pts: 2.3555, d4.loss_map_dir: 0.0400, d5.loss_map_cls: 0.4312, d5.loss_map_pts: 2.3523, d5.loss_map_dir: 0.0399, d6.loss_map_cls: 0.4350, d6.loss_map_pts: 2.3512, d6.loss_map_dir: 0.0399, d7.loss_map_cls: 0.4375, d7.loss_map_pts: 2.3520, d7.loss_map_dir: 0.0399, loss: 116.1785, grad_norm: 2391.0936
2026-05-25 14:56:21,465 - DriveTransformer - INFO - Iter [2700/12870]	lr: 2.689e-05, eta: 2:57:46, time: 1.092, data_time: 0.062, memory: 21575, loss_cls: 0.8516, loss_bbox: 0.8291, loss_traj: 1.8006, loss_traj_cls: 0.0005, loss_map_cls: 0.4176, loss_map_pts: 2.2361, loss_map_dir: 0.0452, d0.loss_plan_l1_fix_time: 2.3631, d0.loss_plan_l1_fix_dist: 0.4541, d1.loss_plan_l1_fix_time: 2.3787, d1.loss_plan_l1_fix_dist: 0.4700, d2.loss_plan_l1_fix_time: 2.3918, d2.loss_plan_l1_fix_dist: 0.4990, d3.loss_plan_l1_fix_time: 2.4073, d3.loss_plan_l1_fix_dist: 0.5335, d4.loss_plan_l1_fix_time: 2.4244, d4.loss_plan_l1_fix_dist: 0.5736, d5.loss_plan_l1_fix_time: 2.4446, d5.loss_plan_l1_fix_dist: 0.6177, d6.loss_plan_l1_fix_time: 2.4663, d6.loss_plan_l1_fix_dist: 0.6653, d7.loss_plan_l1_fix_time: 2.4892, d7.loss_plan_l1_fix_dist: 0.7208, d8.loss_plan_l1_fix_time: 2.5137, d8.loss_plan_l1_fix_dist: 0.7843, d0.loss_cls_all: 0.8370, d0.loss_bbox_all: 0.8733, d0.loss_cls: 0.8370, d0.loss_bbox: 0.8733, d1.loss_cls: 0.8359, d1.loss_bbox: 0.8930, d2.loss_cls: 0.8430, d2.loss_bbox: 0.8844, d3.loss_cls: 0.8435, d3.loss_bbox: 0.8772, d4.loss_cls: 0.8476, d4.loss_bbox: 0.8583, d5.loss_cls: 0.8464, d5.loss_bbox: 0.8453, d6.loss_cls: 0.8481, d6.loss_bbox: 0.8377, d7.loss_cls: 0.8505, d7.loss_bbox: 0.8296, d0.loss_traj_cls: 0.0004, d0.loss_traj: 1.8990, d1.loss_traj_cls: 0.0004, d1.loss_traj: 1.8134, d2.loss_traj_cls: 0.0004, d2.loss_traj: 1.7740, d3.loss_traj_cls: 0.0004, d3.loss_traj: 1.7726, d4.loss_traj_cls: 0.0004, d4.loss_traj: 1.7698, d5.loss_traj_cls: 0.0005, d5.loss_traj: 1.7732, d6.loss_traj_cls: 0.0005, d6.loss_traj: 1.7831, d7.loss_traj_cls: 0.0005, d7.loss_traj: 1.7970, d0.loss_map_cls_all: 0.4096, d0.loss_map_pts_all: 2.7664, d0.loss_map_dir_all: 0.0451, d0.loss_map_cls: 0.4096, d0.loss_map_pts: 2.7664, d0.loss_map_dir: 0.0451, d1.loss_map_cls: 0.3977, d1.loss_map_pts: 2.3564, d1.loss_map_dir: 0.0450, d2.loss_map_cls: 0.3989, d2.loss_map_pts: 2.2811, d2.loss_map_dir: 0.0452, d3.loss_map_cls: 0.4024, d3.loss_map_pts: 2.2502, d3.loss_map_dir: 0.0452, d4.loss_map_cls: 0.4064, d4.loss_map_pts: 2.2358, d4.loss_map_dir: 0.0452, d5.loss_map_cls: 0.4078, d5.loss_map_pts: 2.2321, d5.loss_map_dir: 0.0452, d6.loss_map_cls: 0.4105, d6.loss_map_pts: 2.2326, d6.loss_map_dir: 0.0452, d7.loss_map_cls: 0.4143, d7.loss_map_pts: 2.2339, d7.loss_map_dir: 0.0451, loss: 88.5438, grad_norm: 3149.5192
2026-05-25 14:57:12,421 - DriveTransformer - INFO - Iter [2750/12870]	lr: 2.678e-05, eta: 2:56:48, time: 1.019, data_time: 0.061, memory: 21575, loss_cls: 0.7987, loss_bbox: 0.8147, loss_traj: 2.8485, loss_traj_cls: 0.0005, loss_map_cls: 0.4866, loss_map_pts: 1.4498, loss_map_dir: 0.0115, d0.loss_plan_l1_fix_time: 3.8762, d0.loss_plan_l1_fix_dist: 0.3841, d1.loss_plan_l1_fix_time: 3.8128, d1.loss_plan_l1_fix_dist: 0.3842, d2.loss_plan_l1_fix_time: 3.8065, d2.loss_plan_l1_fix_dist: 0.3930, d3.loss_plan_l1_fix_time: 3.8121, d3.loss_plan_l1_fix_dist: 0.4112, d4.loss_plan_l1_fix_time: 3.8230, d4.loss_plan_l1_fix_dist: 0.4385, d5.loss_plan_l1_fix_time: 3.8373, d5.loss_plan_l1_fix_dist: 0.4739, d6.loss_plan_l1_fix_time: 3.8535, d6.loss_plan_l1_fix_dist: 0.5149, d7.loss_plan_l1_fix_time: 3.8725, d7.loss_plan_l1_fix_dist: 0.5630, d8.loss_plan_l1_fix_time: 3.8943, d8.loss_plan_l1_fix_dist: 0.6176, d0.loss_cls_all: 0.7959, d0.loss_bbox_all: 0.8635, d0.loss_cls: 0.7959, d0.loss_bbox: 0.8635, d1.loss_cls: 0.7828, d1.loss_bbox: 0.8527, d2.loss_cls: 0.7815, d2.loss_bbox: 0.8512, d3.loss_cls: 0.7798, d3.loss_bbox: 0.8544, d4.loss_cls: 0.7823, d4.loss_bbox: 0.8496, d5.loss_cls: 0.7869, d5.loss_bbox: 0.8420, d6.loss_cls: 0.7923, d6.loss_bbox: 0.8393, d7.loss_cls: 0.7969, d7.loss_bbox: 0.8175, d0.loss_traj_cls: 0.0004, d0.loss_traj: 2.9811, d1.loss_traj_cls: 0.0004, d1.loss_traj: 2.7776, d2.loss_traj_cls: 0.0004, d2.loss_traj: 2.7200, d3.loss_traj_cls: 0.0004, d3.loss_traj: 2.7311, d4.loss_traj_cls: 0.0004, d4.loss_traj: 2.7554, d5.loss_traj_cls: 0.0004, d5.loss_traj: 2.7556, d6.loss_traj_cls: 0.0004, d6.loss_traj: 2.7944, d7.loss_traj_cls: 0.0004, d7.loss_traj: 2.8213, d0.loss_map_cls_all: 0.4467, d0.loss_map_pts_all: 1.7696, d0.loss_map_dir_all: 0.0121, d0.loss_map_cls: 0.4467, d0.loss_map_pts: 1.7696, d0.loss_map_dir: 0.0121, d1.loss_map_cls: 0.4600, d1.loss_map_pts: 1.3879, d1.loss_map_dir: 0.0114, d2.loss_map_cls: 0.4596, d2.loss_map_pts: 1.4008, d2.loss_map_dir: 0.0114, d3.loss_map_cls: 0.4650, d3.loss_map_pts: 1.4093, d3.loss_map_dir: 0.0115, d4.loss_map_cls: 0.4708, d4.loss_map_pts: 1.4166, d4.loss_map_dir: 0.0115, d5.loss_map_cls: 0.4763, d5.loss_map_pts: 1.4236, d5.loss_map_dir: 0.0116, d6.loss_map_cls: 0.4795, d6.loss_map_pts: 1.4312, d6.loss_map_dir: 0.0115, d7.loss_map_cls: 0.4827, d7.loss_map_pts: 1.4411, d7.loss_map_dir: 0.0115, loss: 99.9885, grad_norm: 2247.3271
2026-05-25 14:58:07,580 - DriveTransformer - INFO - Iter [2800/12870]	lr: 2.667e-05, eta: 2:56:06, time: 1.103, data_time: 0.071, memory: 21575, loss_cls: 0.8278, loss_bbox: 0.8506, loss_traj: 2.5658, loss_traj_cls: 0.0005, loss_map_cls: 0.4495, loss_map_pts: 2.5273, loss_map_dir: 0.0382, d0.loss_plan_l1_fix_time: 4.7126, d0.loss_plan_l1_fix_dist: 0.7388, d1.loss_plan_l1_fix_time: 4.6972, d1.loss_plan_l1_fix_dist: 0.7377, d2.loss_plan_l1_fix_time: 4.7229, d2.loss_plan_l1_fix_dist: 0.7534, d3.loss_plan_l1_fix_time: 4.7539, d3.loss_plan_l1_fix_dist: 0.7783, d4.loss_plan_l1_fix_time: 4.7875, d4.loss_plan_l1_fix_dist: 0.8096, d5.loss_plan_l1_fix_time: 4.8226, d5.loss_plan_l1_fix_dist: 0.8461, d6.loss_plan_l1_fix_time: 4.8591, d6.loss_plan_l1_fix_dist: 0.8900, d7.loss_plan_l1_fix_time: 4.8963, d7.loss_plan_l1_fix_dist: 0.9428, d8.loss_plan_l1_fix_time: 4.9341, d8.loss_plan_l1_fix_dist: 1.0098, d0.loss_cls_all: 0.7997, d0.loss_bbox_all: 0.8517, d0.loss_cls: 0.7997, d0.loss_bbox: 0.8517, d1.loss_cls: 0.7915, d1.loss_bbox: 0.8588, d2.loss_cls: 0.7971, d2.loss_bbox: 0.8567, d3.loss_cls: 0.8072, d3.loss_bbox: 0.8611, d4.loss_cls: 0.8115, d4.loss_bbox: 0.8499, d5.loss_cls: 0.8161, d5.loss_bbox: 0.8542, d6.loss_cls: 0.8184, d6.loss_bbox: 0.8531, d7.loss_cls: 0.8257, d7.loss_bbox: 0.8469, d0.loss_traj_cls: 0.0004, d0.loss_traj: 2.2899, d1.loss_traj_cls: 0.0004, d1.loss_traj: 2.2760, d2.loss_traj_cls: 0.0004, d2.loss_traj: 2.3491, d3.loss_traj_cls: 0.0004, d3.loss_traj: 2.4132, d4.loss_traj_cls: 0.0004, d4.loss_traj: 2.4415, d5.loss_traj_cls: 0.0005, d5.loss_traj: 2.4689, d6.loss_traj_cls: 0.0005, d6.loss_traj: 2.5012, d7.loss_traj_cls: 0.0005, d7.loss_traj: 2.5315, d0.loss_map_cls_all: 0.4863, d0.loss_map_pts_all: 2.8802, d0.loss_map_dir_all: 0.0378, d0.loss_map_cls: 0.4863, d0.loss_map_pts: 2.8802, d0.loss_map_dir: 0.0378, d1.loss_map_cls: 0.4387, d1.loss_map_pts: 2.5705, d1.loss_map_dir: 0.0382, d2.loss_map_cls: 0.4384, d2.loss_map_pts: 2.5392, d2.loss_map_dir: 0.0382, d3.loss_map_cls: 0.4417, d3.loss_map_pts: 2.5276, d3.loss_map_dir: 0.0382, d4.loss_map_cls: 0.4446, d4.loss_map_pts: 2.5223, d4.loss_map_dir: 0.0382, d5.loss_map_cls: 0.4463, d5.loss_map_pts: 2.5200, d5.loss_map_dir: 0.0382, d6.loss_map_cls: 0.4478, d6.loss_map_pts: 2.5197, d6.loss_map_dir: 0.0382, d7.loss_map_cls: 0.4496, d7.loss_map_pts: 2.5216, d7.loss_map_dir: 0.0382, loss: 120.0824, grad_norm: 4472.9396
2026-05-25 14:59:02,740 - DriveTransformer - INFO - Iter [2850/12870]	lr: 2.655e-05, eta: 2:55:23, time: 1.103, data_time: 0.063, memory: 21575, loss_cls: 0.7916, loss_bbox: 0.8830, loss_traj: 1.3967, loss_traj_cls: 0.0005, loss_map_cls: 0.4378, loss_map_pts: 2.3639, loss_map_dir: 0.0472, d0.loss_plan_l1_fix_time: 4.8073, d0.loss_plan_l1_fix_dist: 0.5693, d1.loss_plan_l1_fix_time: 4.3571, d1.loss_plan_l1_fix_dist: 0.5283, d2.loss_plan_l1_fix_time: 4.2889, d2.loss_plan_l1_fix_dist: 0.5442, d3.loss_plan_l1_fix_time: 4.2651, d3.loss_plan_l1_fix_dist: 0.5810, d4.loss_plan_l1_fix_time: 4.2580, d4.loss_plan_l1_fix_dist: 0.6351, d5.loss_plan_l1_fix_time: 4.2625, d5.loss_plan_l1_fix_dist: 0.6999, d6.loss_plan_l1_fix_time: 4.2762, d6.loss_plan_l1_fix_dist: 0.7698, d7.loss_plan_l1_fix_time: 4.2977, d7.loss_plan_l1_fix_dist: 0.8484, d8.loss_plan_l1_fix_time: 4.3256, d8.loss_plan_l1_fix_dist: 0.9384, d0.loss_cls_all: 0.8317, d0.loss_bbox_all: 0.9090, d0.loss_cls: 0.8317, d0.loss_bbox: 0.9090, d1.loss_cls: 0.8166, d1.loss_bbox: 0.9239, d2.loss_cls: 0.8115, d2.loss_bbox: 0.9157, d3.loss_cls: 0.8059, d3.loss_bbox: 0.9195, d4.loss_cls: 0.7978, d4.loss_bbox: 0.9038, d5.loss_cls: 0.7969, d5.loss_bbox: 0.8909, d6.loss_cls: 0.7950, d6.loss_bbox: 0.8863, d7.loss_cls: 0.7925, d7.loss_bbox: 0.8796, d0.loss_traj_cls: 0.0004, d0.loss_traj: 1.3751, d1.loss_traj_cls: 0.0004, d1.loss_traj: 1.3473, d2.loss_traj_cls: 0.0004, d2.loss_traj: 1.3342, d3.loss_traj_cls: 0.0004, d3.loss_traj: 1.3379, d4.loss_traj_cls: 0.0004, d4.loss_traj: 1.3488, d5.loss_traj_cls: 0.0005, d5.loss_traj: 1.3619, d6.loss_traj_cls: 0.0005, d6.loss_traj: 1.3701, d7.loss_traj_cls: 0.0005, d7.loss_traj: 1.3835, d0.loss_map_cls_all: 0.4301, d0.loss_map_pts_all: 3.0018, d0.loss_map_dir_all: 0.0469, d0.loss_map_cls: 0.4301, d0.loss_map_pts: 3.0018, d0.loss_map_dir: 0.0469, d1.loss_map_cls: 0.4141, d1.loss_map_pts: 2.5353, d1.loss_map_dir: 0.0469, d2.loss_map_cls: 0.4242, d2.loss_map_pts: 2.4175, d2.loss_map_dir: 0.0471, d3.loss_map_cls: 0.4310, d3.loss_map_pts: 2.3807, d3.loss_map_dir: 0.0472, d4.loss_map_cls: 0.4323, d4.loss_map_pts: 2.3707, d4.loss_map_dir: 0.0472, d5.loss_map_cls: 0.4343, d5.loss_map_pts: 2.3649, d5.loss_map_dir: 0.0472, d6.loss_map_cls: 0.4348, d6.loss_map_pts: 2.3639, d6.loss_map_dir: 0.0472, d7.loss_map_cls: 0.4368, d7.loss_map_pts: 2.3632, d7.loss_map_dir: 0.0472, loss: 104.5446, grad_norm: 3440.4443
2026-05-25 14:59:54,238 - DriveTransformer - INFO - Iter [2900/12870]	lr: 2.643e-05, eta: 2:54:27, time: 1.030, data_time: 0.061, memory: 21575, loss_cls: 0.8495, loss_bbox: 0.7785, loss_traj: 1.9618, loss_traj_cls: 0.0004, loss_map_cls: 0.4775, loss_map_pts: 1.4259, loss_map_dir: 0.0178, d0.loss_plan_l1_fix_time: 3.5946, d0.loss_plan_l1_fix_dist: 0.3391, d1.loss_plan_l1_fix_time: 3.5532, d1.loss_plan_l1_fix_dist: 0.3520, d2.loss_plan_l1_fix_time: 3.5643, d2.loss_plan_l1_fix_dist: 0.3911, d3.loss_plan_l1_fix_time: 3.5808, d3.loss_plan_l1_fix_dist: 0.4420, d4.loss_plan_l1_fix_time: 3.6022, d4.loss_plan_l1_fix_dist: 0.4979, d5.loss_plan_l1_fix_time: 3.6273, d5.loss_plan_l1_fix_dist: 0.5524, d6.loss_plan_l1_fix_time: 3.6534, d6.loss_plan_l1_fix_dist: 0.6080, d7.loss_plan_l1_fix_time: 3.6802, d7.loss_plan_l1_fix_dist: 0.6648, d8.loss_plan_l1_fix_time: 3.7082, d8.loss_plan_l1_fix_dist: 0.7291, d0.loss_cls_all: 0.8335, d0.loss_bbox_all: 0.8038, d0.loss_cls: 0.8335, d0.loss_bbox: 0.8038, d1.loss_cls: 0.8366, d1.loss_bbox: 0.7833, d2.loss_cls: 0.8478, d2.loss_bbox: 0.7700, d3.loss_cls: 0.8481, d3.loss_bbox: 0.7918, d4.loss_cls: 0.8431, d4.loss_bbox: 0.7858, d5.loss_cls: 0.8421, d5.loss_bbox: 0.7796, d6.loss_cls: 0.8427, d6.loss_bbox: 0.7782, d7.loss_cls: 0.8465, d7.loss_bbox: 0.7800, d0.loss_traj_cls: 0.0003, d0.loss_traj: 2.6043, d1.loss_traj_cls: 0.0003, d1.loss_traj: 2.4048, d2.loss_traj_cls: 0.0003, d2.loss_traj: 2.2854, d3.loss_traj_cls: 0.0004, d3.loss_traj: 2.1726, d4.loss_traj_cls: 0.0004, d4.loss_traj: 2.1135, d5.loss_traj_cls: 0.0004, d5.loss_traj: 2.0679, d6.loss_traj_cls: 0.0004, d6.loss_traj: 2.0268, d7.loss_traj_cls: 0.0004, d7.loss_traj: 1.9816, d0.loss_map_cls_all: 0.5053, d0.loss_map_pts_all: 1.8659, d0.loss_map_dir_all: 0.0175, d0.loss_map_cls: 0.5053, d0.loss_map_pts: 1.8659, d0.loss_map_dir: 0.0175, d1.loss_map_cls: 0.4458, d1.loss_map_pts: 1.5096, d1.loss_map_dir: 0.0176, d2.loss_map_cls: 0.4481, d2.loss_map_pts: 1.4621, d2.loss_map_dir: 0.0178, d3.loss_map_cls: 0.4541, d3.loss_map_pts: 1.4387, d3.loss_map_dir: 0.0178, d4.loss_map_cls: 0.4603, d4.loss_map_pts: 1.4278, d4.loss_map_dir: 0.0178, d5.loss_map_cls: 0.4629, d5.loss_map_pts: 1.4238, d5.loss_map_dir: 0.0179, d6.loss_map_cls: 0.4686, d6.loss_map_pts: 1.4220, d6.loss_map_dir: 0.0179, d7.loss_map_cls: 0.4741, d7.loss_map_pts: 1.4229, d7.loss_map_dir: 0.0178, loss: 93.1844, grad_norm: 1478.6790
2026-05-25 15:00:44,822 - DriveTransformer - INFO - Iter [2950/12870]	lr: 2.632e-05, eta: 2:53:28, time: 1.012, data_time: 0.060, memory: 21575, loss_cls: 0.8563, loss_bbox: 0.8756, loss_traj: 2.5952, loss_traj_cls: 0.0005, loss_map_cls: 0.3585, loss_map_pts: 1.0566, loss_map_dir: 0.0094, d0.loss_plan_l1_fix_time: 3.2223, d0.loss_plan_l1_fix_dist: 0.3923, d1.loss_plan_l1_fix_time: 3.2301, d1.loss_plan_l1_fix_dist: 0.4113, d2.loss_plan_l1_fix_time: 3.2389, d2.loss_plan_l1_fix_dist: 0.4450, d3.loss_plan_l1_fix_time: 3.2512, d3.loss_plan_l1_fix_dist: 0.4833, d4.loss_plan_l1_fix_time: 3.2651, d4.loss_plan_l1_fix_dist: 0.5254, d5.loss_plan_l1_fix_time: 3.2800, d5.loss_plan_l1_fix_dist: 0.5709, d6.loss_plan_l1_fix_time: 3.2982, d6.loss_plan_l1_fix_dist: 0.6204, d7.loss_plan_l1_fix_time: 3.3196, d7.loss_plan_l1_fix_dist: 0.6727, d8.loss_plan_l1_fix_time: 3.3444, d8.loss_plan_l1_fix_dist: 0.7306, d0.loss_cls_all: 0.8427, d0.loss_bbox_all: 0.8967, d0.loss_cls: 0.8427, d0.loss_bbox: 0.8967, d1.loss_cls: 0.8385, d1.loss_bbox: 0.9171, d2.loss_cls: 0.8375, d2.loss_bbox: 0.9281, d3.loss_cls: 0.8406, d3.loss_bbox: 0.9162, d4.loss_cls: 0.8465, d4.loss_bbox: 0.8939, d5.loss_cls: 0.8482, d5.loss_bbox: 0.8865, d6.loss_cls: 0.8494, d6.loss_bbox: 0.8821, d7.loss_cls: 0.8521, d7.loss_bbox: 0.8735, d0.loss_traj_cls: 0.0004, d0.loss_traj: 2.6452, d1.loss_traj_cls: 0.0004, d1.loss_traj: 2.5884, d2.loss_traj_cls: 0.0004, d2.loss_traj: 2.5697, d3.loss_traj_cls: 0.0005, d3.loss_traj: 2.5861, d4.loss_traj_cls: 0.0005, d4.loss_traj: 2.5750, d5.loss_traj_cls: 0.0005, d5.loss_traj: 2.5859, d6.loss_traj_cls: 0.0005, d6.loss_traj: 2.5994, d7.loss_traj_cls: 0.0005, d7.loss_traj: 2.6013, d0.loss_map_cls_all: 0.4240, d0.loss_map_pts_all: 1.4017, d0.loss_map_dir_all: 0.0096, d0.loss_map_cls: 0.4240, d0.loss_map_pts: 1.4017, d0.loss_map_dir: 0.0096, d1.loss_map_cls: 0.3443, d1.loss_map_pts: 1.0784, d1.loss_map_dir: 0.0094, d2.loss_map_cls: 0.3432, d2.loss_map_pts: 1.0553, d2.loss_map_dir: 0.0094, d3.loss_map_cls: 0.3470, d3.loss_map_pts: 1.0483, d3.loss_map_dir: 0.0094, d4.loss_map_cls: 0.3505, d4.loss_map_pts: 1.0465, d4.loss_map_dir: 0.0093, d5.loss_map_cls: 0.3525, d5.loss_map_pts: 1.0469, d5.loss_map_dir: 0.0093, d6.loss_map_cls: 0.3552, d6.loss_map_pts: 1.0477, d6.loss_map_dir: 0.0093, d7.loss_map_cls: 0.3572, d7.loss_map_pts: 1.0510, d7.loss_map_dir: 0.0094, loss: 90.0578, grad_norm: 253.1194
2026-05-25 15:01:35,169 - DriveTransformer - INFO - Exp name: drivetransformer_large_single_gpu_24g_30epoch.py
2026-05-25 15:01:35,170 - DriveTransformer - INFO - Iter [3000/12870]	lr: 2.620e-05, eta: 2:52:28, time: 1.007, data_time: 0.059, memory: 21575, loss_cls: 0.8298, loss_bbox: 0.8782, loss_traj: 2.4201, loss_traj_cls: 0.0005, loss_map_cls: 0.3865, loss_map_pts: 1.4708, loss_map_dir: 0.0072, d0.loss_plan_l1_fix_time: 4.2777, d0.loss_plan_l1_fix_dist: 0.5156, d1.loss_plan_l1_fix_time: 4.0854, d1.loss_plan_l1_fix_dist: 0.5242, d2.loss_plan_l1_fix_time: 4.0562, d2.loss_plan_l1_fix_dist: 0.5489, d3.loss_plan_l1_fix_time: 4.0513, d3.loss_plan_l1_fix_dist: 0.5801, d4.loss_plan_l1_fix_time: 4.0552, d4.loss_plan_l1_fix_dist: 0.6164, d5.loss_plan_l1_fix_time: 4.0679, d5.loss_plan_l1_fix_dist: 0.6570, d6.loss_plan_l1_fix_time: 4.0856, d6.loss_plan_l1_fix_dist: 0.7015, d7.loss_plan_l1_fix_time: 4.1073, d7.loss_plan_l1_fix_dist: 0.7500, d8.loss_plan_l1_fix_time: 4.1320, d8.loss_plan_l1_fix_dist: 0.8042, d0.loss_cls_all: 0.7886, d0.loss_bbox_all: 0.9078, d0.loss_cls: 0.7886, d0.loss_bbox: 0.9078, d1.loss_cls: 0.7891, d1.loss_bbox: 0.9295, d2.loss_cls: 0.7930, d2.loss_bbox: 0.9018, d3.loss_cls: 0.7988, d3.loss_bbox: 0.9120, d4.loss_cls: 0.8074, d4.loss_bbox: 0.8983, d5.loss_cls: 0.8137, d5.loss_bbox: 0.8874, d6.loss_cls: 0.8174, d6.loss_bbox: 0.8897, d7.loss_cls: 0.8248, d7.loss_bbox: 0.8867, d0.loss_traj_cls: 0.0004, d0.loss_traj: 2.4919, d1.loss_traj_cls: 0.0004, d1.loss_traj: 2.4122, d2.loss_traj_cls: 0.0004, d2.loss_traj: 2.3731, d3.loss_traj_cls: 0.0004, d3.loss_traj: 2.3833, d4.loss_traj_cls: 0.0005, d4.loss_traj: 2.3830, d5.loss_traj_cls: 0.0005, d5.loss_traj: 2.3761, d6.loss_traj_cls: 0.0005, d6.loss_traj: 2.3826, d7.loss_traj_cls: 0.0005, d7.loss_traj: 2.3781, d0.loss_map_cls_all: 0.4343, d0.loss_map_pts_all: 1.7598, d0.loss_map_dir_all: 0.0067, d0.loss_map_cls: 0.4343, d0.loss_map_pts: 1.7598, d0.loss_map_dir: 0.0067, d1.loss_map_cls: 0.3577, d1.loss_map_pts: 1.4970, d1.loss_map_dir: 0.0072, d2.loss_map_cls: 0.3617, d2.loss_map_pts: 1.4755, d2.loss_map_dir: 0.0071, d3.loss_map_cls: 0.3722, d3.loss_map_pts: 1.4674, d3.loss_map_dir: 0.0072, d4.loss_map_cls: 0.3764, d4.loss_map_pts: 1.4659, d4.loss_map_dir: 0.0072, d5.loss_map_cls: 0.3806, d5.loss_map_pts: 1.4658, d5.loss_map_dir: 0.0072, d6.loss_map_cls: 0.3823, d6.loss_map_pts: 1.4667, d6.loss_map_dir: 0.0072, d7.loss_map_cls: 0.3841, d7.loss_map_pts: 1.4690, d7.loss_map_dir: 0.0072, loss: 100.5101, grad_norm: 3651.8623
2026-05-25 15:01:38,089 - DriveTransformer - INFO - Saving checkpoint at 3003 iterations
2026-05-25 15:02:37,601 - DriveTransformer - INFO - Iter [3050/12870]	lr: 2.607e-05, eta: 2:52:08, time: 1.249, data_time: 0.060, memory: 21575, loss_cls: 0.8686, loss_bbox: 0.9123, loss_traj: 2.2339, loss_traj_cls: 0.0005, loss_map_cls: 0.4703, loss_map_pts: 1.6884, loss_map_dir: 0.0102, d0.loss_plan_l1_fix_time: 2.6818, d0.loss_plan_l1_fix_dist: 0.4162, d1.loss_plan_l1_fix_time: 2.6246, d1.loss_plan_l1_fix_dist: 0.4298, d2.loss_plan_l1_fix_time: 2.6648, d2.loss_plan_l1_fix_dist: 0.4478, d3.loss_plan_l1_fix_time: 2.7075, d3.loss_plan_l1_fix_dist: 0.4715, d4.loss_plan_l1_fix_time: 2.7530, d4.loss_plan_l1_fix_dist: 0.5002, d5.loss_plan_l1_fix_time: 2.8035, d5.loss_plan_l1_fix_dist: 0.5320, d6.loss_plan_l1_fix_time: 2.8557, d6.loss_plan_l1_fix_dist: 0.5691, d7.loss_plan_l1_fix_time: 2.9102, d7.loss_plan_l1_fix_dist: 0.6123, d8.loss_plan_l1_fix_time: 2.9684, d8.loss_plan_l1_fix_dist: 0.6615, d0.loss_cls_all: 0.8541, d0.loss_bbox_all: 0.9358, d0.loss_cls: 0.8541, d0.loss_bbox: 0.9358, d1.loss_cls: 0.8593, d1.loss_bbox: 0.9326, d2.loss_cls: 0.8553, d2.loss_bbox: 0.9247, d3.loss_cls: 0.8564, d3.loss_bbox: 0.9326, d4.loss_cls: 0.8559, d4.loss_bbox: 0.9276, d5.loss_cls: 0.8562, d5.loss_bbox: 0.9214, d6.loss_cls: 0.8611, d6.loss_bbox: 0.9194, d7.loss_cls: 0.8659, d7.loss_bbox: 0.9165, d0.loss_traj_cls: 0.0004, d0.loss_traj: 2.4282, d1.loss_traj_cls: 0.0004, d1.loss_traj: 2.3391, d2.loss_traj_cls: 0.0004, d2.loss_traj: 2.2606, d3.loss_traj_cls: 0.0004, d3.loss_traj: 2.2311, d4.loss_traj_cls: 0.0005, d4.loss_traj: 2.2285, d5.loss_traj_cls: 0.0005, d5.loss_traj: 2.2110, d6.loss_traj_cls: 0.0005, d6.loss_traj: 2.2484, d7.loss_traj_cls: 0.0005, d7.loss_traj: 2.2507, d0.loss_map_cls_all: 0.5143, d0.loss_map_pts_all: 1.8335, d0.loss_map_dir_all: 0.0095, d0.loss_map_cls: 0.5143, d0.loss_map_pts: 1.8335, d0.loss_map_dir: 0.0095, d1.loss_map_cls: 0.4506, d1.loss_map_pts: 1.7050, d1.loss_map_dir: 0.0101, d2.loss_map_cls: 0.4458, d2.loss_map_pts: 1.6896, d2.loss_map_dir: 0.0101, d3.loss_map_cls: 0.4519, d3.loss_map_pts: 1.6836, d3.loss_map_dir: 0.0101, d4.loss_map_cls: 0.4559, d4.loss_map_pts: 1.6852, d4.loss_map_dir: 0.0101, d5.loss_map_cls: 0.4606, d5.loss_map_pts: 1.6847, d5.loss_map_dir: 0.0101, d6.loss_map_cls: 0.4615, d6.loss_map_pts: 1.6870, d6.loss_map_dir: 0.0101, d7.loss_map_cls: 0.4662, d7.loss_map_pts: 1.6871, d7.loss_map_dir: 0.0102, loss: 89.8603, grad_norm: 4971.0830
2026-05-25 15:03:29,477 - DriveTransformer - INFO - Iter [3100/12870]	lr: 2.595e-05, eta: 2:51:13, time: 1.038, data_time: 0.063, memory: 21575, loss_cls: 0.8913, loss_bbox: 0.9299, loss_traj: 2.5914, loss_traj_cls: 0.0005, loss_map_cls: 0.6106, loss_map_pts: 2.5253, loss_map_dir: 0.0252, d0.loss_plan_l1_fix_time: 3.1054, d0.loss_plan_l1_fix_dist: 0.4305, d1.loss_plan_l1_fix_time: 3.0430, d1.loss_plan_l1_fix_dist: 0.4415, d2.loss_plan_l1_fix_time: 3.0543, d2.loss_plan_l1_fix_dist: 0.4750, d3.loss_plan_l1_fix_time: 3.0745, d3.loss_plan_l1_fix_dist: 0.5147, d4.loss_plan_l1_fix_time: 3.1003, d4.loss_plan_l1_fix_dist: 0.5571, d5.loss_plan_l1_fix_time: 3.1279, d5.loss_plan_l1_fix_dist: 0.6020, d6.loss_plan_l1_fix_time: 3.1570, d6.loss_plan_l1_fix_dist: 0.6515, d7.loss_plan_l1_fix_time: 3.1866, d7.loss_plan_l1_fix_dist: 0.7073, d8.loss_plan_l1_fix_time: 3.2189, d8.loss_plan_l1_fix_dist: 0.7696, d0.loss_cls_all: 0.8733, d0.loss_bbox_all: 0.9753, d0.loss_cls: 0.8733, d0.loss_bbox: 0.9753, d1.loss_cls: 0.8663, d1.loss_bbox: 0.9780, d2.loss_cls: 0.8698, d2.loss_bbox: 0.9884, d3.loss_cls: 0.8709, d3.loss_bbox: 0.9781, d4.loss_cls: 0.8788, d4.loss_bbox: 0.9541, d5.loss_cls: 0.8809, d5.loss_bbox: 0.9437, d6.loss_cls: 0.8826, d6.loss_bbox: 0.9410, d7.loss_cls: 0.8885, d7.loss_bbox: 0.9339, d0.loss_traj_cls: 0.0005, d0.loss_traj: 2.5814, d1.loss_traj_cls: 0.0005, d1.loss_traj: 2.4701, d2.loss_traj_cls: 0.0005, d2.loss_traj: 2.4728, d3.loss_traj_cls: 0.0005, d3.loss_traj: 2.4966, d4.loss_traj_cls: 0.0005, d4.loss_traj: 2.5164, d5.loss_traj_cls: 0.0005, d5.loss_traj: 2.5298, d6.loss_traj_cls: 0.0005, d6.loss_traj: 2.5621, d7.loss_traj_cls: 0.0005, d7.loss_traj: 2.5857, d0.loss_map_cls_all: 0.5976, d0.loss_map_pts_all: 2.4863, d0.loss_map_dir_all: 0.0248, d0.loss_map_cls: 0.5976, d0.loss_map_pts: 2.4863, d0.loss_map_dir: 0.0248, d1.loss_map_cls: 0.5695, d1.loss_map_pts: 2.4748, d1.loss_map_dir: 0.0244, d2.loss_map_cls: 0.5789, d2.loss_map_pts: 2.4706, d2.loss_map_dir: 0.0245, d3.loss_map_cls: 0.5923, d3.loss_map_pts: 2.4701, d3.loss_map_dir: 0.0247, d4.loss_map_cls: 0.6037, d4.loss_map_pts: 2.4729, d4.loss_map_dir: 0.0248, d5.loss_map_cls: 0.6071, d5.loss_map_pts: 2.4841, d5.loss_map_dir: 0.0249, d6.loss_map_cls: 0.6067, d6.loss_map_pts: 2.5008, d6.loss_map_dir: 0.0252, d7.loss_map_cls: 0.6087, d7.loss_map_pts: 2.5145, d7.loss_map_dir: 0.0253, loss: 105.5080, grad_norm: 5557.1539
2026-05-25 15:04:21,703 - DriveTransformer - INFO - Iter [3150/12870]	lr: 2.582e-05, eta: 2:50:20, time: 1.045, data_time: 0.064, memory: 21575, loss_cls: 0.8874, loss_bbox: 0.9358, loss_traj: 2.7906, loss_traj_cls: 0.0005, loss_map_cls: 0.4937, loss_map_pts: 1.9965, loss_map_dir: 0.0095, d0.loss_plan_l1_fix_time: 3.3480, d0.loss_plan_l1_fix_dist: 0.6409, d1.loss_plan_l1_fix_time: 3.3027, d1.loss_plan_l1_fix_dist: 0.6247, d2.loss_plan_l1_fix_time: 3.3063, d2.loss_plan_l1_fix_dist: 0.6290, d3.loss_plan_l1_fix_time: 3.3168, d3.loss_plan_l1_fix_dist: 0.6441, d4.loss_plan_l1_fix_time: 3.3295, d4.loss_plan_l1_fix_dist: 0.6672, d5.loss_plan_l1_fix_time: 3.3454, d5.loss_plan_l1_fix_dist: 0.6986, d6.loss_plan_l1_fix_time: 3.3638, d6.loss_plan_l1_fix_dist: 0.7361, d7.loss_plan_l1_fix_time: 3.3853, d7.loss_plan_l1_fix_dist: 0.7822, d8.loss_plan_l1_fix_time: 3.4105, d8.loss_plan_l1_fix_dist: 0.8380, d0.loss_cls_all: 0.8712, d0.loss_bbox_all: 0.9416, d0.loss_cls: 0.8712, d0.loss_bbox: 0.9416, d1.loss_cls: 0.8513, d1.loss_bbox: 0.9547, d2.loss_cls: 0.8485, d2.loss_bbox: 0.9367, d3.loss_cls: 0.8521, d3.loss_bbox: 0.9383, d4.loss_cls: 0.8598, d4.loss_bbox: 0.9389, d5.loss_cls: 0.8707, d5.loss_bbox: 0.9150, d6.loss_cls: 0.8737, d6.loss_bbox: 0.9211, d7.loss_cls: 0.8870, d7.loss_bbox: 0.9288, d0.loss_traj_cls: 0.0004, d0.loss_traj: 2.2701, d1.loss_traj_cls: 0.0004, d1.loss_traj: 2.3575, d2.loss_traj_cls: 0.0004, d2.loss_traj: 2.4414, d3.loss_traj_cls: 0.0004, d3.loss_traj: 2.5631, d4.loss_traj_cls: 0.0004, d4.loss_traj: 2.6465, d5.loss_traj_cls: 0.0004, d5.loss_traj: 2.7006, d6.loss_traj_cls: 0.0004, d6.loss_traj: 2.6946, d7.loss_traj_cls: 0.0005, d7.loss_traj: 2.7306, d0.loss_map_cls_all: 0.4766, d0.loss_map_pts_all: 2.0922, d0.loss_map_dir_all: 0.0089, d0.loss_map_cls: 0.4766, d0.loss_map_pts: 2.0922, d0.loss_map_dir: 0.0089, d1.loss_map_cls: 0.4520, d1.loss_map_pts: 1.9846, d1.loss_map_dir: 0.0095, d2.loss_map_cls: 0.4719, d2.loss_map_pts: 1.9682, d2.loss_map_dir: 0.0095, d3.loss_map_cls: 0.4753, d3.loss_map_pts: 1.9729, d3.loss_map_dir: 0.0094, d4.loss_map_cls: 0.4856, d4.loss_map_pts: 1.9708, d4.loss_map_dir: 0.0095, d5.loss_map_cls: 0.4918, d5.loss_map_pts: 1.9729, d5.loss_map_dir: 0.0095, d6.loss_map_cls: 0.4906, d6.loss_map_pts: 1.9824, d6.loss_map_dir: 0.0095, d7.loss_map_cls: 0.4927, d7.loss_map_pts: 1.9899, d7.loss_map_dir: 0.0095, loss: 102.5164, grad_norm: 2513.3617
2026-05-25 15:05:13,389 - DriveTransformer - INFO - Iter [3200/12870]	lr: 2.570e-05, eta: 2:49:24, time: 1.034, data_time: 0.063, memory: 21575, loss_cls: 0.9042, loss_bbox: 0.9042, loss_traj: 2.3291, loss_traj_cls: 0.0005, loss_map_cls: 0.4902, loss_map_pts: 1.9460, loss_map_dir: 0.0132, d0.loss_plan_l1_fix_time: 4.4308, d0.loss_plan_l1_fix_dist: 0.6756, d1.loss_plan_l1_fix_time: 4.4337, d1.loss_plan_l1_fix_dist: 0.6807, d2.loss_plan_l1_fix_time: 4.4527, d2.loss_plan_l1_fix_dist: 0.6957, d3.loss_plan_l1_fix_time: 4.4767, d3.loss_plan_l1_fix_dist: 0.7123, d4.loss_plan_l1_fix_time: 4.5020, d4.loss_plan_l1_fix_dist: 0.7311, d5.loss_plan_l1_fix_time: 4.5271, d5.loss_plan_l1_fix_dist: 0.7565, d6.loss_plan_l1_fix_time: 4.5546, d6.loss_plan_l1_fix_dist: 0.7924, d7.loss_plan_l1_fix_time: 4.5845, d7.loss_plan_l1_fix_dist: 0.8429, d8.loss_plan_l1_fix_time: 4.6169, d8.loss_plan_l1_fix_dist: 0.9123, d0.loss_cls_all: 0.9234, d0.loss_bbox_all: 0.9112, d0.loss_cls: 0.9234, d0.loss_bbox: 0.9112, d1.loss_cls: 0.9113, d1.loss_bbox: 0.9015, d2.loss_cls: 0.9105, d2.loss_bbox: 0.9047, d3.loss_cls: 0.9058, d3.loss_bbox: 0.9010, d4.loss_cls: 0.9043, d4.loss_bbox: 0.9011, d5.loss_cls: 0.9070, d5.loss_bbox: 0.8973, d6.loss_cls: 0.9030, d6.loss_bbox: 0.8987, d7.loss_cls: 0.9008, d7.loss_bbox: 0.9002, d0.loss_traj_cls: 0.0004, d0.loss_traj: 2.3052, d1.loss_traj_cls: 0.0004, d1.loss_traj: 2.2839, d2.loss_traj_cls: 0.0004, d2.loss_traj: 2.2563, d3.loss_traj_cls: 0.0004, d3.loss_traj: 2.2671, d4.loss_traj_cls: 0.0004, d4.loss_traj: 2.2870, d5.loss_traj_cls: 0.0004, d5.loss_traj: 2.2885, d6.loss_traj_cls: 0.0004, d6.loss_traj: 2.2927, d7.loss_traj_cls: 0.0004, d7.loss_traj: 2.3184, d0.loss_map_cls_all: 0.5187, d0.loss_map_pts_all: 2.1578, d0.loss_map_dir_all: 0.0135, d0.loss_map_cls: 0.5187, d0.loss_map_pts: 2.1578, d0.loss_map_dir: 0.0135, d1.loss_map_cls: 0.4793, d1.loss_map_pts: 1.9383, d1.loss_map_dir: 0.0133, d2.loss_map_cls: 0.4832, d2.loss_map_pts: 1.9115, d2.loss_map_dir: 0.0132, d3.loss_map_cls: 0.4819, d3.loss_map_pts: 1.9135, d3.loss_map_dir: 0.0132, d4.loss_map_cls: 0.4840, d4.loss_map_pts: 1.9173, d4.loss_map_dir: 0.0132, d5.loss_map_cls: 0.4839, d5.loss_map_pts: 1.9228, d5.loss_map_dir: 0.0132, d6.loss_map_cls: 0.4862, d6.loss_map_pts: 1.9296, d6.loss_map_dir: 0.0132, d7.loss_map_cls: 0.4878, d7.loss_map_pts: 1.9381, d7.loss_map_dir: 0.0132, loss: 110.9144, grad_norm: 1447.3472
2026-05-25 15:06:06,802 - DriveTransformer - INFO - Iter [3250/12870]	lr: 2.557e-05, eta: 2:48:34, time: 1.068, data_time: 0.065, memory: 21575, loss_cls: 0.8719, loss_bbox: 0.7234, loss_traj: 0.7562, loss_traj_cls: 0.0003, loss_map_cls: 0.5602, loss_map_pts: 1.9394, loss_map_dir: 0.0268, d0.loss_plan_l1_fix_time: 2.0874, d0.loss_plan_l1_fix_dist: 0.4088, d1.loss_plan_l1_fix_time: 2.0465, d1.loss_plan_l1_fix_dist: 0.4515, d2.loss_plan_l1_fix_time: 2.0324, d2.loss_plan_l1_fix_dist: 0.5127, d3.loss_plan_l1_fix_time: 2.0322, d3.loss_plan_l1_fix_dist: 0.5816, d4.loss_plan_l1_fix_time: 2.0431, d4.loss_plan_l1_fix_dist: 0.6575, d5.loss_plan_l1_fix_time: 2.0600, d5.loss_plan_l1_fix_dist: 0.7333, d6.loss_plan_l1_fix_time: 2.0826, d6.loss_plan_l1_fix_dist: 0.8129, d7.loss_plan_l1_fix_time: 2.1106, d7.loss_plan_l1_fix_dist: 0.8975, d8.loss_plan_l1_fix_time: 2.1425, d8.loss_plan_l1_fix_dist: 0.9914, d0.loss_cls_all: 0.8753, d0.loss_bbox_all: 0.7577, d0.loss_cls: 0.8753, d0.loss_bbox: 0.7577, d1.loss_cls: 0.8513, d1.loss_bbox: 0.7412, d2.loss_cls: 0.8529, d2.loss_bbox: 0.7281, d3.loss_cls: 0.8566, d3.loss_bbox: 0.7541, d4.loss_cls: 0.8585, d4.loss_bbox: 0.7354, d5.loss_cls: 0.8670, d5.loss_bbox: 0.7200, d6.loss_cls: 0.8676, d6.loss_bbox: 0.7146, d7.loss_cls: 0.8708, d7.loss_bbox: 0.7128, d0.loss_traj_cls: 0.0003, d0.loss_traj: 0.6551, d1.loss_traj_cls: 0.0003, d1.loss_traj: 0.6652, d2.loss_traj_cls: 0.0003, d2.loss_traj: 0.7155, d3.loss_traj_cls: 0.0003, d3.loss_traj: 0.7350, d4.loss_traj_cls: 0.0003, d4.loss_traj: 0.7436, d5.loss_traj_cls: 0.0003, d5.loss_traj: 0.7421, d6.loss_traj_cls: 0.0003, d6.loss_traj: 0.7464, d7.loss_traj_cls: 0.0003, d7.loss_traj: 0.7545, d0.loss_map_cls_all: 0.5956, d0.loss_map_pts_all: 2.1977, d0.loss_map_dir_all: 0.0264, d0.loss_map_cls: 0.5956, d0.loss_map_pts: 2.1977, d0.loss_map_dir: 0.0264, d1.loss_map_cls: 0.5490, d1.loss_map_pts: 1.9588, d1.loss_map_dir: 0.0268, d2.loss_map_cls: 0.5480, d2.loss_map_pts: 1.9285, d2.loss_map_dir: 0.0268, d3.loss_map_cls: 0.5502, d3.loss_map_pts: 1.9253, d3.loss_map_dir: 0.0266, d4.loss_map_cls: 0.5552, d4.loss_map_pts: 1.9254, d4.loss_map_dir: 0.0267, d5.loss_map_cls: 0.5557, d5.loss_map_pts: 1.9289, d5.loss_map_dir: 0.0267, d6.loss_map_cls: 0.5568, d6.loss_map_pts: 1.9316, d6.loss_map_dir: 0.0267, d7.loss_map_cls: 0.5598, d7.loss_map_pts: 1.9353, d7.loss_map_dir: 0.0267, loss: 72.9542, grad_norm: 5635.9813
2026-05-25 15:06:58,107 - DriveTransformer - INFO - Iter [3300/12870]	lr: 2.544e-05, eta: 2:47:38, time: 1.026, data_time: 0.059, memory: 21575, loss_cls: 0.8288, loss_bbox: 0.7486, loss_traj: 1.5997, loss_traj_cls: 0.0004, loss_map_cls: 0.3755, loss_map_pts: 1.8415, loss_map_dir: 0.0405, d0.loss_plan_l1_fix_time: 2.8685, d0.loss_plan_l1_fix_dist: 0.3103, d1.loss_plan_l1_fix_time: 2.8179, d1.loss_plan_l1_fix_dist: 0.3287, d2.loss_plan_l1_fix_time: 2.8240, d2.loss_plan_l1_fix_dist: 0.3720, d3.loss_plan_l1_fix_time: 2.8395, d3.loss_plan_l1_fix_dist: 0.4239, d4.loss_plan_l1_fix_time: 2.8584, d4.loss_plan_l1_fix_dist: 0.4815, d5.loss_plan_l1_fix_time: 2.8793, d5.loss_plan_l1_fix_dist: 0.5417, d6.loss_plan_l1_fix_time: 2.9016, d6.loss_plan_l1_fix_dist: 0.6047, d7.loss_plan_l1_fix_time: 2.9268, d7.loss_plan_l1_fix_dist: 0.6714, d8.loss_plan_l1_fix_time: 2.9544, d8.loss_plan_l1_fix_dist: 0.7409, d0.loss_cls_all: 0.7947, d0.loss_bbox_all: 0.7793, d0.loss_cls: 0.7947, d0.loss_bbox: 0.7793, d1.loss_cls: 0.7940, d1.loss_bbox: 0.7652, d2.loss_cls: 0.7999, d2.loss_bbox: 0.7466, d3.loss_cls: 0.8021, d3.loss_bbox: 0.7517, d4.loss_cls: 0.8043, d4.loss_bbox: 0.7463, d5.loss_cls: 0.8097, d5.loss_bbox: 0.7381, d6.loss_cls: 0.8170, d6.loss_bbox: 0.7345, d7.loss_cls: 0.8232, d7.loss_bbox: 0.7425, d0.loss_traj_cls: 0.0003, d0.loss_traj: 1.4488, d1.loss_traj_cls: 0.0003, d1.loss_traj: 1.4928, d2.loss_traj_cls: 0.0003, d2.loss_traj: 1.5187, d3.loss_traj_cls: 0.0003, d3.loss_traj: 1.5334, d4.loss_traj_cls: 0.0003, d4.loss_traj: 1.5524, d5.loss_traj_cls: 0.0003, d5.loss_traj: 1.5652, d6.loss_traj_cls: 0.0003, d6.loss_traj: 1.5743, d7.loss_traj_cls: 0.0003, d7.loss_traj: 1.5816, d0.loss_map_cls_all: 0.4327, d0.loss_map_pts_all: 2.3846, d0.loss_map_dir_all: 0.0409, d0.loss_map_cls: 0.4327, d0.loss_map_pts: 2.3846, d0.loss_map_dir: 0.0409, d1.loss_map_cls: 0.3534, d1.loss_map_pts: 1.8847, d1.loss_map_dir: 0.0405, d2.loss_map_cls: 0.3574, d2.loss_map_pts: 1.8234, d2.loss_map_dir: 0.0405, d3.loss_map_cls: 0.3592, d3.loss_map_pts: 1.8161, d3.loss_map_dir: 0.0405, d4.loss_map_cls: 0.3620, d4.loss_map_pts: 1.8184, d4.loss_map_dir: 0.0405, d5.loss_map_cls: 0.3659, d5.loss_map_pts: 1.8218, d5.loss_map_dir: 0.0406, d6.loss_map_cls: 0.3693, d6.loss_map_pts: 1.8264, d6.loss_map_dir: 0.0406, d7.loss_map_cls: 0.3719, d7.loss_map_pts: 1.8330, d7.loss_map_dir: 0.0405, loss: 83.4367, grad_norm: 3399.2491
2026-05-25 15:07:51,009 - DriveTransformer - INFO - Iter [3350/12870]	lr: 2.531e-05, eta: 2:46:47, time: 1.058, data_time: 0.061, memory: 21575, loss_cls: 0.7617, loss_bbox: 0.8184, loss_traj: 1.3193, loss_traj_cls: 0.0004, loss_map_cls: 0.3058, loss_map_pts: 1.5739, loss_map_dir: 0.0492, d0.loss_plan_l1_fix_time: 3.6996, d0.loss_plan_l1_fix_dist: 0.3575, d1.loss_plan_l1_fix_time: 3.6350, d1.loss_plan_l1_fix_dist: 0.3526, d2.loss_plan_l1_fix_time: 3.6307, d2.loss_plan_l1_fix_dist: 0.3809, d3.loss_plan_l1_fix_time: 3.6394, d3.loss_plan_l1_fix_dist: 0.4215, d4.loss_plan_l1_fix_time: 3.6520, d4.loss_plan_l1_fix_dist: 0.4694, d5.loss_plan_l1_fix_time: 3.6677, d5.loss_plan_l1_fix_dist: 0.5202, d6.loss_plan_l1_fix_time: 3.6883, d6.loss_plan_l1_fix_dist: 0.5764, d7.loss_plan_l1_fix_time: 3.7115, d7.loss_plan_l1_fix_dist: 0.6393, d8.loss_plan_l1_fix_time: 3.7371, d8.loss_plan_l1_fix_dist: 0.7096, d0.loss_cls_all: 0.7239, d0.loss_bbox_all: 0.8316, d0.loss_cls: 0.7239, d0.loss_bbox: 0.8316, d1.loss_cls: 0.7273, d1.loss_bbox: 0.8387, d2.loss_cls: 0.7364, d2.loss_bbox: 0.8352, d3.loss_cls: 0.7414, d3.loss_bbox: 0.8300, d4.loss_cls: 0.7488, d4.loss_bbox: 0.8250, d5.loss_cls: 0.7506, d5.loss_bbox: 0.8211, d6.loss_cls: 0.7541, d6.loss_bbox: 0.8138, d7.loss_cls: 0.7574, d7.loss_bbox: 0.8219, d0.loss_traj_cls: 0.0003, d0.loss_traj: 1.2153, d1.loss_traj_cls: 0.0003, d1.loss_traj: 1.2333, d2.loss_traj_cls: 0.0003, d2.loss_traj: 1.2340, d3.loss_traj_cls: 0.0003, d3.loss_traj: 1.2486, d4.loss_traj_cls: 0.0003, d4.loss_traj: 1.2555, d5.loss_traj_cls: 0.0003, d5.loss_traj: 1.2728, d6.loss_traj_cls: 0.0004, d6.loss_traj: 1.2944, d7.loss_traj_cls: 0.0004, d7.loss_traj: 1.3075, d0.loss_map_cls_all: 0.3339, d0.loss_map_pts_all: 2.5163, d0.loss_map_dir_all: 0.0492, d0.loss_map_cls: 0.3339, d0.loss_map_pts: 2.5163, d0.loss_map_dir: 0.0492, d1.loss_map_cls: 0.2861, d1.loss_map_pts: 1.7507, d1.loss_map_dir: 0.0489, d2.loss_map_cls: 0.2960, d2.loss_map_pts: 1.5881, d2.loss_map_dir: 0.0491, d3.loss_map_cls: 0.2953, d3.loss_map_pts: 1.5615, d3.loss_map_dir: 0.0492, d4.loss_map_cls: 0.2979, d4.loss_map_pts: 1.5600, d4.loss_map_dir: 0.0492, d5.loss_map_cls: 0.3004, d5.loss_map_pts: 1.5615, d5.loss_map_dir: 0.0492, d6.loss_map_cls: 0.3019, d6.loss_map_pts: 1.5658, d6.loss_map_dir: 0.0493, d7.loss_map_cls: 0.3037, d7.loss_map_pts: 1.5699, d7.loss_map_dir: 0.0493, loss: 85.8759, grad_norm: 3493.0951
2026-05-25 15:08:41,836 - DriveTransformer - INFO - Iter [3400/12870]	lr: 2.518e-05, eta: 2:45:49, time: 1.017, data_time: 0.064, memory: 21575, loss_cls: 0.8725, loss_bbox: 0.8284, loss_traj: 2.7212, loss_traj_cls: 0.0003, loss_map_cls: 0.2999, loss_map_pts: 1.8931, loss_map_dir: 0.0214, d0.loss_plan_l1_fix_time: 2.1504, d0.loss_plan_l1_fix_dist: 0.2922, d1.loss_plan_l1_fix_time: 2.1803, d1.loss_plan_l1_fix_dist: 0.3263, d2.loss_plan_l1_fix_time: 2.1977, d2.loss_plan_l1_fix_dist: 0.3699, d3.loss_plan_l1_fix_time: 2.2148, d3.loss_plan_l1_fix_dist: 0.4168, d4.loss_plan_l1_fix_time: 2.2329, d4.loss_plan_l1_fix_dist: 0.4663, d5.loss_plan_l1_fix_time: 2.2538, d5.loss_plan_l1_fix_dist: 0.5183, d6.loss_plan_l1_fix_time: 2.2794, d6.loss_plan_l1_fix_dist: 0.5697, d7.loss_plan_l1_fix_time: 2.3076, d7.loss_plan_l1_fix_dist: 0.6222, d8.loss_plan_l1_fix_time: 2.3371, d8.loss_plan_l1_fix_dist: 0.6785, d0.loss_cls_all: 0.8543, d0.loss_bbox_all: 0.8390, d0.loss_cls: 0.8543, d0.loss_bbox: 0.8390, d1.loss_cls: 0.8373, d1.loss_bbox: 0.8554, d2.loss_cls: 0.8592, d2.loss_bbox: 0.8327, d3.loss_cls: 0.8581, d3.loss_bbox: 0.8374, d4.loss_cls: 0.8614, d4.loss_bbox: 0.8320, d5.loss_cls: 0.8684, d5.loss_bbox: 0.8305, d6.loss_cls: 0.8730, d6.loss_bbox: 0.8294, d7.loss_cls: 0.8704, d7.loss_bbox: 0.8257, d0.loss_traj_cls: 0.0003, d0.loss_traj: 2.5668, d1.loss_traj_cls: 0.0003, d1.loss_traj: 2.5550, d2.loss_traj_cls: 0.0003, d2.loss_traj: 2.5857, d3.loss_traj_cls: 0.0003, d3.loss_traj: 2.5893, d4.loss_traj_cls: 0.0003, d4.loss_traj: 2.6192, d5.loss_traj_cls: 0.0003, d5.loss_traj: 2.6518, d6.loss_traj_cls: 0.0003, d6.loss_traj: 2.6752, d7.loss_traj_cls: 0.0003, d7.loss_traj: 2.6962, d0.loss_map_cls_all: 0.3430, d0.loss_map_pts_all: 2.5208, d0.loss_map_dir_all: 0.0221, d0.loss_map_cls: 0.3430, d0.loss_map_pts: 2.5208, d0.loss_map_dir: 0.0221, d1.loss_map_cls: 0.2519, d1.loss_map_pts: 2.1014, d1.loss_map_dir: 0.0212, d2.loss_map_cls: 0.2700, d2.loss_map_pts: 1.9437, d2.loss_map_dir: 0.0215, d3.loss_map_cls: 0.2733, d3.loss_map_pts: 1.8935, d3.loss_map_dir: 0.0214, d4.loss_map_cls: 0.2827, d4.loss_map_pts: 1.8840, d4.loss_map_dir: 0.0214, d5.loss_map_cls: 0.2865, d5.loss_map_pts: 1.8838, d5.loss_map_dir: 0.0214, d6.loss_map_cls: 0.2922, d6.loss_map_pts: 1.8849, d6.loss_map_dir: 0.0213, d7.loss_map_cls: 0.2963, d7.loss_map_pts: 1.8886, d7.loss_map_dir: 0.0214, loss: 88.6044, grad_norm: 3730.0399
2026-05-25 15:09:12,928 - DriveTransformer - INFO - Saving checkpoint at 3432 iterations
2026-05-25 15:09:40,077 - DriveTransformer - INFO - Iter [3450/12870]	lr: 2.504e-05, eta: 2:45:12, time: 1.165, data_time: 0.059, memory: 21575, loss_cls: 0.8234, loss_bbox: 0.7362, loss_traj: 1.7680, loss_traj_cls: 0.0003, loss_map_cls: 0.1446, loss_map_pts: 1.0683, loss_map_dir: 0.0053, d0.loss_plan_l1_fix_time: 2.3142, d0.loss_plan_l1_fix_dist: 0.3218, d1.loss_plan_l1_fix_time: 2.3007, d1.loss_plan_l1_fix_dist: 0.3356, d2.loss_plan_l1_fix_time: 2.3097, d2.loss_plan_l1_fix_dist: 0.3598, d3.loss_plan_l1_fix_time: 2.3217, d3.loss_plan_l1_fix_dist: 0.3846, d4.loss_plan_l1_fix_time: 2.3330, d4.loss_plan_l1_fix_dist: 0.4089, d5.loss_plan_l1_fix_time: 2.3457, d5.loss_plan_l1_fix_dist: 0.4336, d6.loss_plan_l1_fix_time: 2.3599, d6.loss_plan_l1_fix_dist: 0.4604, d7.loss_plan_l1_fix_time: 2.3754, d7.loss_plan_l1_fix_dist: 0.4891, d8.loss_plan_l1_fix_time: 2.3923, d8.loss_plan_l1_fix_dist: 0.5206, d0.loss_cls_all: 0.8229, d0.loss_bbox_all: 0.7395, d0.loss_cls: 0.8229, d0.loss_bbox: 0.7395, d1.loss_cls: 0.8174, d1.loss_bbox: 0.7464, d2.loss_cls: 0.8170, d2.loss_bbox: 0.7356, d3.loss_cls: 0.8157, d3.loss_bbox: 0.7379, d4.loss_cls: 0.8153, d4.loss_bbox: 0.7342, d5.loss_cls: 0.8176, d5.loss_bbox: 0.7295, d6.loss_cls: 0.8157, d6.loss_bbox: 0.7316, d7.loss_cls: 0.8196, d7.loss_bbox: 0.7319, d0.loss_traj_cls: 0.0003, d0.loss_traj: 1.9289, d1.loss_traj_cls: 0.0003, d1.loss_traj: 1.8106, d2.loss_traj_cls: 0.0003, d2.loss_traj: 1.7565, d3.loss_traj_cls: 0.0003, d3.loss_traj: 1.7476, d4.loss_traj_cls: 0.0003, d4.loss_traj: 1.7507, d5.loss_traj_cls: 0.0003, d5.loss_traj: 1.7468, d6.loss_traj_cls: 0.0003, d6.loss_traj: 1.7470, d7.loss_traj_cls: 0.0003, d7.loss_traj: 1.7546, d0.loss_map_cls_all: 0.2435, d0.loss_map_pts_all: 1.5813, d0.loss_map_dir_all: 0.0055, d0.loss_map_cls: 0.2435, d0.loss_map_pts: 1.5813, d0.loss_map_dir: 0.0055, d1.loss_map_cls: 0.1293, d1.loss_map_pts: 1.0641, d1.loss_map_dir: 0.0053, d2.loss_map_cls: 0.1339, d2.loss_map_pts: 1.0443, d2.loss_map_dir: 0.0053, d3.loss_map_cls: 0.1366, d3.loss_map_pts: 1.0449, d3.loss_map_dir: 0.0052, d4.loss_map_cls: 0.1381, d4.loss_map_pts: 1.0479, d4.loss_map_dir: 0.0053, d5.loss_map_cls: 0.1388, d5.loss_map_pts: 1.0521, d5.loss_map_dir: 0.0053, d6.loss_map_cls: 0.1414, d6.loss_map_pts: 1.0559, d6.loss_map_dir: 0.0053, d7.loss_map_cls: 0.1431, d7.loss_map_pts: 1.0612, d7.loss_map_dir: 0.0053, loss: 69.5768, grad_norm: 393.1924
2026-05-25 15:10:31,047 - DriveTransformer - INFO - Iter [3500/12870]	lr: 2.490e-05, eta: 2:44:15, time: 1.019, data_time: 0.060, memory: 21575, loss_cls: 0.8048, loss_bbox: 0.6997, loss_traj: 2.3943, loss_traj_cls: 0.0003, loss_map_cls: 0.2126, loss_map_pts: 0.6316, loss_map_dir: 0.0072, d0.loss_plan_l1_fix_time: 1.9603, d0.loss_plan_l1_fix_dist: 0.3696, d1.loss_plan_l1_fix_time: 1.8937, d1.loss_plan_l1_fix_dist: 0.3500, d2.loss_plan_l1_fix_time: 1.8888, d2.loss_plan_l1_fix_dist: 0.3559, d3.loss_plan_l1_fix_time: 1.8967, d3.loss_plan_l1_fix_dist: 0.3704, d4.loss_plan_l1_fix_time: 1.9109, d4.loss_plan_l1_fix_dist: 0.3887, d5.loss_plan_l1_fix_time: 1.9278, d5.loss_plan_l1_fix_dist: 0.4111, d6.loss_plan_l1_fix_time: 1.9459, d6.loss_plan_l1_fix_dist: 0.4358, d7.loss_plan_l1_fix_time: 1.9668, d7.loss_plan_l1_fix_dist: 0.4653, d8.loss_plan_l1_fix_time: 1.9903, d8.loss_plan_l1_fix_dist: 0.5021, d0.loss_cls_all: 0.8036, d0.loss_bbox_all: 0.7230, d0.loss_cls: 0.8036, d0.loss_bbox: 0.7230, d1.loss_cls: 0.7995, d1.loss_bbox: 0.7103, d2.loss_cls: 0.7970, d2.loss_bbox: 0.6918, d3.loss_cls: 0.7997, d3.loss_bbox: 0.6885, d4.loss_cls: 0.8017, d4.loss_bbox: 0.6809, d5.loss_cls: 0.8044, d5.loss_bbox: 0.6783, d6.loss_cls: 0.8022, d6.loss_bbox: 0.6944, d7.loss_cls: 0.8026, d7.loss_bbox: 0.7009, d0.loss_traj_cls: 0.0003, d0.loss_traj: 2.4127, d1.loss_traj_cls: 0.0003, d1.loss_traj: 2.2881, d2.loss_traj_cls: 0.0003, d2.loss_traj: 2.2960, d3.loss_traj_cls: 0.0003, d3.loss_traj: 2.3242, d4.loss_traj_cls: 0.0003, d4.loss_traj: 2.3360, d5.loss_traj_cls: 0.0003, d5.loss_traj: 2.3548, d6.loss_traj_cls: 0.0003, d6.loss_traj: 2.3689, d7.loss_traj_cls: 0.0003, d7.loss_traj: 2.3872, d0.loss_map_cls_all: 0.3037, d0.loss_map_pts_all: 1.2196, d0.loss_map_dir_all: 0.0079, d0.loss_map_cls: 0.3037, d0.loss_map_pts: 1.2196, d0.loss_map_dir: 0.0079, d1.loss_map_cls: 0.2187, d1.loss_map_pts: 0.6680, d1.loss_map_dir: 0.0074, d2.loss_map_cls: 0.2168, d2.loss_map_pts: 0.6361, d2.loss_map_dir: 0.0073, d3.loss_map_cls: 0.2151, d3.loss_map_pts: 0.6299, d3.loss_map_dir: 0.0073, d4.loss_map_cls: 0.2148, d4.loss_map_pts: 0.6269, d4.loss_map_dir: 0.0072, d5.loss_map_cls: 0.2120, d5.loss_map_pts: 0.6277, d5.loss_map_dir: 0.0072, d6.loss_map_cls: 0.2120, d6.loss_map_pts: 0.6275, d6.loss_map_dir: 0.0072, d7.loss_map_cls: 0.2127, d7.loss_map_pts: 0.6291, d7.loss_map_dir: 0.0072, loss: 67.1167, grad_norm: 1187.2073
2026-05-25 15:11:20,197 - DriveTransformer - INFO - Iter [3550/12870]	lr: 2.477e-05, eta: 2:43:14, time: 0.983, data_time: 0.057, memory: 21575, loss_cls: 0.7918, loss_bbox: 0.8590, loss_traj: 2.6892, loss_traj_cls: 0.0004, loss_map_cls: 0.2671, loss_map_pts: 1.4731, loss_map_dir: 0.0059, d0.loss_plan_l1_fix_time: 4.5968, d0.loss_plan_l1_fix_dist: 0.6076, d1.loss_plan_l1_fix_time: 4.5762, d1.loss_plan_l1_fix_dist: 0.6038, d2.loss_plan_l1_fix_time: 4.5933, d2.loss_plan_l1_fix_dist: 0.6164, d3.loss_plan_l1_fix_time: 4.6145, d3.loss_plan_l1_fix_dist: 0.6351, d4.loss_plan_l1_fix_time: 4.6374, d4.loss_plan_l1_fix_dist: 0.6598, d5.loss_plan_l1_fix_time: 4.6618, d5.loss_plan_l1_fix_dist: 0.6897, d6.loss_plan_l1_fix_time: 4.6859, d6.loss_plan_l1_fix_dist: 0.7241, d7.loss_plan_l1_fix_time: 4.7116, d7.loss_plan_l1_fix_dist: 0.7629, d8.loss_plan_l1_fix_time: 4.7387, d8.loss_plan_l1_fix_dist: 0.8077, d0.loss_cls_all: 0.7888, d0.loss_bbox_all: 0.8968, d0.loss_cls: 0.7888, d0.loss_bbox: 0.8968, d1.loss_cls: 0.7897, d1.loss_bbox: 0.8936, d2.loss_cls: 0.7856, d2.loss_bbox: 0.8694, d3.loss_cls: 0.7846, d3.loss_bbox: 0.8952, d4.loss_cls: 0.7816, d4.loss_bbox: 0.8894, d5.loss_cls: 0.7837, d5.loss_bbox: 0.8829, d6.loss_cls: 0.7840, d6.loss_bbox: 0.8746, d7.loss_cls: 0.7894, d7.loss_bbox: 0.8691, d0.loss_traj_cls: 0.0003, d0.loss_traj: 2.4871, d1.loss_traj_cls: 0.0003, d1.loss_traj: 2.5085, d2.loss_traj_cls: 0.0003, d2.loss_traj: 2.5367, d3.loss_traj_cls: 0.0003, d3.loss_traj: 2.5397, d4.loss_traj_cls: 0.0003, d4.loss_traj: 2.5667, d5.loss_traj_cls: 0.0003, d5.loss_traj: 2.5843, d6.loss_traj_cls: 0.0004, d6.loss_traj: 2.6209, d7.loss_traj_cls: 0.0004, d7.loss_traj: 2.6509, d0.loss_map_cls_all: 0.3188, d0.loss_map_pts_all: 1.7752, d0.loss_map_dir_all: 0.0060, d0.loss_map_cls: 0.3188, d0.loss_map_pts: 1.7752, d0.loss_map_dir: 0.0060, d1.loss_map_cls: 0.2646, d1.loss_map_pts: 1.4719, d1.loss_map_dir: 0.0061, d2.loss_map_cls: 0.2649, d2.loss_map_pts: 1.4620, d2.loss_map_dir: 0.0061, d3.loss_map_cls: 0.2668, d3.loss_map_pts: 1.4580, d3.loss_map_dir: 0.0060, d4.loss_map_cls: 0.2665, d4.loss_map_pts: 1.4612, d4.loss_map_dir: 0.0060, d5.loss_map_cls: 0.2656, d5.loss_map_pts: 1.4649, d5.loss_map_dir: 0.0059, d6.loss_map_cls: 0.2656, d6.loss_map_pts: 1.4684, d6.loss_map_dir: 0.0059, d7.loss_map_cls: 0.2666, d7.loss_map_pts: 1.4711, d7.loss_map_dir: 0.0059, loss: 105.9110, grad_norm: 3775.3960
2026-05-25 15:12:10,081 - DriveTransformer - INFO - Iter [3600/12870]	lr: 2.463e-05, eta: 2:42:14, time: 0.998, data_time: 0.063, memory: 21575, loss_cls: 0.7414, loss_bbox: 0.8753, loss_traj: 2.1152, loss_traj_cls: 0.0003, loss_map_cls: 0.3088, loss_map_pts: 1.4391, loss_map_dir: 0.0044, d0.loss_plan_l1_fix_time: 3.4954, d0.loss_plan_l1_fix_dist: 0.4883, d1.loss_plan_l1_fix_time: 3.3337, d1.loss_plan_l1_fix_dist: 0.4923, d2.loss_plan_l1_fix_time: 3.3269, d2.loss_plan_l1_fix_dist: 0.5055, d3.loss_plan_l1_fix_time: 3.3330, d3.loss_plan_l1_fix_dist: 0.5216, d4.loss_plan_l1_fix_time: 3.3458, d4.loss_plan_l1_fix_dist: 0.5404, d5.loss_plan_l1_fix_time: 3.3657, d5.loss_plan_l1_fix_dist: 0.5642, d6.loss_plan_l1_fix_time: 3.3900, d6.loss_plan_l1_fix_dist: 0.5921, d7.loss_plan_l1_fix_time: 3.4203, d7.loss_plan_l1_fix_dist: 0.6251, d8.loss_plan_l1_fix_time: 3.4524, d8.loss_plan_l1_fix_dist: 0.6703, d0.loss_cls_all: 0.7498, d0.loss_bbox_all: 0.9268, d0.loss_cls: 0.7498, d0.loss_bbox: 0.9268, d1.loss_cls: 0.7433, d1.loss_bbox: 0.9208, d2.loss_cls: 0.7442, d2.loss_bbox: 0.9020, d3.loss_cls: 0.7411, d3.loss_bbox: 0.9028, d4.loss_cls: 0.7410, d4.loss_bbox: 0.8915, d5.loss_cls: 0.7413, d5.loss_bbox: 0.8769, d6.loss_cls: 0.7399, d6.loss_bbox: 0.8749, d7.loss_cls: 0.7408, d7.loss_bbox: 0.8702, d0.loss_traj_cls: 0.0003, d0.loss_traj: 1.9392, d1.loss_traj_cls: 0.0003, d1.loss_traj: 1.9898, d2.loss_traj_cls: 0.0003, d2.loss_traj: 2.0066, d3.loss_traj_cls: 0.0003, d3.loss_traj: 2.0222, d4.loss_traj_cls: 0.0003, d4.loss_traj: 2.0388, d5.loss_traj_cls: 0.0003, d5.loss_traj: 2.0497, d6.loss_traj_cls: 0.0003, d6.loss_traj: 2.0727, d7.loss_traj_cls: 0.0003, d7.loss_traj: 2.0917, d0.loss_map_cls_all: 0.3419, d0.loss_map_pts_all: 1.8482, d0.loss_map_dir_all: 0.0040, d0.loss_map_cls: 0.3419, d0.loss_map_pts: 1.8482, d0.loss_map_dir: 0.0040, d1.loss_map_cls: 0.3049, d1.loss_map_pts: 1.4553, d1.loss_map_dir: 0.0045, d2.loss_map_cls: 0.2991, d2.loss_map_pts: 1.4401, d2.loss_map_dir: 0.0045, d3.loss_map_cls: 0.2979, d3.loss_map_pts: 1.4350, d3.loss_map_dir: 0.0044, d4.loss_map_cls: 0.2995, d4.loss_map_pts: 1.4338, d4.loss_map_dir: 0.0044, d5.loss_map_cls: 0.3018, d5.loss_map_pts: 1.4335, d5.loss_map_dir: 0.0044, d6.loss_map_cls: 0.3044, d6.loss_map_pts: 1.4337, d6.loss_map_dir: 0.0044, d7.loss_map_cls: 0.3076, d7.loss_map_pts: 1.4354, d7.loss_map_dir: 0.0044, loss: 88.5452, grad_norm: 312.7933
2026-05-25 15:13:01,887 - DriveTransformer - INFO - Iter [3650/12870]	lr: 2.449e-05, eta: 2:41:20, time: 1.036, data_time: 0.059, memory: 21575, loss_cls: 0.7800, loss_bbox: 0.8726, loss_traj: 1.3063, loss_traj_cls: 0.0003, loss_map_cls: 0.4189, loss_map_pts: 1.8398, loss_map_dir: 0.0116, d0.loss_plan_l1_fix_time: 1.9245, d0.loss_plan_l1_fix_dist: 0.3342, d1.loss_plan_l1_fix_time: 1.8529, d1.loss_plan_l1_fix_dist: 0.3413, d2.loss_plan_l1_fix_time: 1.8689, d2.loss_plan_l1_fix_dist: 0.3581, d3.loss_plan_l1_fix_time: 1.8892, d3.loss_plan_l1_fix_dist: 0.3795, d4.loss_plan_l1_fix_time: 1.9139, d4.loss_plan_l1_fix_dist: 0.4046, d5.loss_plan_l1_fix_time: 1.9411, d5.loss_plan_l1_fix_dist: 0.4293, d6.loss_plan_l1_fix_time: 1.9711, d6.loss_plan_l1_fix_dist: 0.4558, d7.loss_plan_l1_fix_time: 2.0011, d7.loss_plan_l1_fix_dist: 0.4840, d8.loss_plan_l1_fix_time: 2.0336, d8.loss_plan_l1_fix_dist: 0.5187, d0.loss_cls_all: 0.7727, d0.loss_bbox_all: 0.8776, d0.loss_cls: 0.7727, d0.loss_bbox: 0.8776, d1.loss_cls: 0.7679, d1.loss_bbox: 0.8628, d2.loss_cls: 0.7718, d2.loss_bbox: 0.8588, d3.loss_cls: 0.7766, d3.loss_bbox: 0.8622, d4.loss_cls: 0.7776, d4.loss_bbox: 0.8498, d5.loss_cls: 0.7797, d5.loss_bbox: 0.8615, d6.loss_cls: 0.7770, d6.loss_bbox: 0.8667, d7.loss_cls: 0.7782, d7.loss_bbox: 0.8672, d0.loss_traj_cls: 0.0003, d0.loss_traj: 1.5518, d1.loss_traj_cls: 0.0003, d1.loss_traj: 1.3108, d2.loss_traj_cls: 0.0003, d2.loss_traj: 1.2605, d3.loss_traj_cls: 0.0003, d3.loss_traj: 1.2641, d4.loss_traj_cls: 0.0003, d4.loss_traj: 1.2795, d5.loss_traj_cls: 0.0003, d5.loss_traj: 1.2845, d6.loss_traj_cls: 0.0003, d6.loss_traj: 1.2999, d7.loss_traj_cls: 0.0003, d7.loss_traj: 1.2950, d0.loss_map_cls_all: 0.4915, d0.loss_map_pts_all: 2.0791, d0.loss_map_dir_all: 0.0112, d0.loss_map_cls: 0.4915, d0.loss_map_pts: 2.0791, d0.loss_map_dir: 0.0112, d1.loss_map_cls: 0.4216, d1.loss_map_pts: 1.8424, d1.loss_map_dir: 0.0115, d2.loss_map_cls: 0.4151, d2.loss_map_pts: 1.8248, d2.loss_map_dir: 0.0116, d3.loss_map_cls: 0.4177, d3.loss_map_pts: 1.8222, d3.loss_map_dir: 0.0116, d4.loss_map_cls: 0.4185, d4.loss_map_pts: 1.8235, d4.loss_map_dir: 0.0116, d5.loss_map_cls: 0.4164, d5.loss_map_pts: 1.8278, d5.loss_map_dir: 0.0116, d6.loss_map_cls: 0.4168, d6.loss_map_pts: 1.8313, d6.loss_map_dir: 0.0116, d7.loss_map_cls: 0.4176, d7.loss_map_pts: 1.8359, d7.loss_map_dir: 0.0116, loss: 72.6148, grad_norm: 2864.3835
2026-05-25 15:13:54,134 - DriveTransformer - INFO - Iter [3700/12870]	lr: 2.435e-05, eta: 2:40:27, time: 1.045, data_time: 0.060, memory: 21575, loss_cls: 0.8467, loss_bbox: 0.7446, loss_traj: 2.1902, loss_traj_cls: 0.0004, loss_map_cls: 0.4720, loss_map_pts: 1.8939, loss_map_dir: 0.0313, d0.loss_plan_l1_fix_time: 4.5237, d0.loss_plan_l1_fix_dist: 0.2869, d1.loss_plan_l1_fix_time: 4.5286, d1.loss_plan_l1_fix_dist: 0.3128, d2.loss_plan_l1_fix_time: 4.5432, d2.loss_plan_l1_fix_dist: 0.3430, d3.loss_plan_l1_fix_time: 4.5586, d3.loss_plan_l1_fix_dist: 0.3740, d4.loss_plan_l1_fix_time: 4.5722, d4.loss_plan_l1_fix_dist: 0.4082, d5.loss_plan_l1_fix_time: 4.5865, d5.loss_plan_l1_fix_dist: 0.4484, d6.loss_plan_l1_fix_time: 4.6003, d6.loss_plan_l1_fix_dist: 0.4924, d7.loss_plan_l1_fix_time: 4.6152, d7.loss_plan_l1_fix_dist: 0.5433, d8.loss_plan_l1_fix_time: 4.6320, d8.loss_plan_l1_fix_dist: 0.6026, d0.loss_cls_all: 0.8256, d0.loss_bbox_all: 0.7967, d0.loss_cls: 0.8256, d0.loss_bbox: 0.7967, d1.loss_cls: 0.8166, d1.loss_bbox: 0.7794, d2.loss_cls: 0.8214, d2.loss_bbox: 0.7692, d3.loss_cls: 0.8298, d3.loss_bbox: 0.7753, d4.loss_cls: 0.8328, d4.loss_bbox: 0.7661, d5.loss_cls: 0.8369, d5.loss_bbox: 0.7545, d6.loss_cls: 0.8406, d6.loss_bbox: 0.7405, d7.loss_cls: 0.8430, d7.loss_bbox: 0.7385, d0.loss_traj_cls: 0.0003, d0.loss_traj: 2.3315, d1.loss_traj_cls: 0.0003, d1.loss_traj: 2.2262, d2.loss_traj_cls: 0.0003, d2.loss_traj: 2.1973, d3.loss_traj_cls: 0.0003, d3.loss_traj: 2.1892, d4.loss_traj_cls: 0.0003, d4.loss_traj: 2.1742, d5.loss_traj_cls: 0.0003, d5.loss_traj: 2.1705, d6.loss_traj_cls: 0.0004, d6.loss_traj: 2.1771, d7.loss_traj_cls: 0.0004, d7.loss_traj: 2.1831, d0.loss_map_cls_all: 0.4865, d0.loss_map_pts_all: 2.2190, d0.loss_map_dir_all: 0.0319, d0.loss_map_cls: 0.4865, d0.loss_map_pts: 2.2190, d0.loss_map_dir: 0.0319, d1.loss_map_cls: 0.4436, d1.loss_map_pts: 1.8754, d1.loss_map_dir: 0.0314, d2.loss_map_cls: 0.4470, d2.loss_map_pts: 1.8632, d2.loss_map_dir: 0.0313, d3.loss_map_cls: 0.4546, d3.loss_map_pts: 1.8651, d3.loss_map_dir: 0.0313, d4.loss_map_cls: 0.4553, d4.loss_map_pts: 1.8718, d4.loss_map_dir: 0.0313, d5.loss_map_cls: 0.4599, d5.loss_map_pts: 1.8779, d5.loss_map_dir: 0.0312, d6.loss_map_cls: 0.4636, d6.loss_map_pts: 1.8835, d6.loss_map_dir: 0.0313, d7.loss_map_cls: 0.4673, d7.loss_map_pts: 1.8891, d7.loss_map_dir: 0.0313, loss: 105.2031, grad_norm: 6790.0840
2026-05-25 15:14:48,848 - DriveTransformer - INFO - Iter [3750/12870]	lr: 2.420e-05, eta: 2:39:40, time: 1.094, data_time: 0.062, memory: 21575, loss_cls: 0.9143, loss_bbox: 0.7771, loss_traj: 2.3294, loss_traj_cls: 0.0005, loss_map_cls: 0.4132, loss_map_pts: 1.8725, loss_map_dir: 0.0435, d0.loss_plan_l1_fix_time: 3.0272, d0.loss_plan_l1_fix_dist: 0.4236, d1.loss_plan_l1_fix_time: 3.0277, d1.loss_plan_l1_fix_dist: 0.4201, d2.loss_plan_l1_fix_time: 3.0425, d2.loss_plan_l1_fix_dist: 0.4344, d3.loss_plan_l1_fix_time: 3.0549, d3.loss_plan_l1_fix_dist: 0.4589, d4.loss_plan_l1_fix_time: 3.0698, d4.loss_plan_l1_fix_dist: 0.4899, d5.loss_plan_l1_fix_time: 3.0853, d5.loss_plan_l1_fix_dist: 0.5247, d6.loss_plan_l1_fix_time: 3.1005, d6.loss_plan_l1_fix_dist: 0.5657, d7.loss_plan_l1_fix_time: 3.1163, d7.loss_plan_l1_fix_dist: 0.6130, d8.loss_plan_l1_fix_time: 3.1343, d8.loss_plan_l1_fix_dist: 0.6679, d0.loss_cls_all: 0.8860, d0.loss_bbox_all: 0.8311, d0.loss_cls: 0.8860, d0.loss_bbox: 0.8311, d1.loss_cls: 0.8890, d1.loss_bbox: 0.8239, d2.loss_cls: 0.8930, d2.loss_bbox: 0.8127, d3.loss_cls: 0.8945, d3.loss_bbox: 0.8060, d4.loss_cls: 0.8966, d4.loss_bbox: 0.8046, d5.loss_cls: 0.9030, d5.loss_bbox: 0.7916, d6.loss_cls: 0.9035, d6.loss_bbox: 0.7913, d7.loss_cls: 0.9078, d7.loss_bbox: 0.7810, d0.loss_traj_cls: 0.0004, d0.loss_traj: 2.5459, d1.loss_traj_cls: 0.0004, d1.loss_traj: 2.4508, d2.loss_traj_cls: 0.0004, d2.loss_traj: 2.4104, d3.loss_traj_cls: 0.0004, d3.loss_traj: 2.4240, d4.loss_traj_cls: 0.0004, d4.loss_traj: 2.4313, d5.loss_traj_cls: 0.0005, d5.loss_traj: 2.3581, d6.loss_traj_cls: 0.0005, d6.loss_traj: 2.3622, d7.loss_traj_cls: 0.0005, d7.loss_traj: 2.3301, d0.loss_map_cls_all: 0.4008, d0.loss_map_pts_all: 2.5448, d0.loss_map_dir_all: 0.0442, d0.loss_map_cls: 0.4008, d0.loss_map_pts: 2.5448, d0.loss_map_dir: 0.0442, d1.loss_map_cls: 0.3772, d1.loss_map_pts: 1.9621, d1.loss_map_dir: 0.0436, d2.loss_map_cls: 0.3852, d2.loss_map_pts: 1.8632, d2.loss_map_dir: 0.0435, d3.loss_map_cls: 0.3950, d3.loss_map_pts: 1.8541, d3.loss_map_dir: 0.0435, d4.loss_map_cls: 0.4005, d4.loss_map_pts: 1.8562, d4.loss_map_dir: 0.0435, d5.loss_map_cls: 0.4051, d5.loss_map_pts: 1.8594, d5.loss_map_dir: 0.0434, d6.loss_map_cls: 0.4078, d6.loss_map_pts: 1.8628, d6.loss_map_dir: 0.0434, d7.loss_map_cls: 0.4104, d7.loss_map_pts: 1.8678, d7.loss_map_dir: 0.0434, loss: 95.4471, grad_norm: 5270.1038
2026-05-25 15:15:39,667 - DriveTransformer - INFO - Iter [3800/12870]	lr: 2.406e-05, eta: 2:38:43, time: 1.016, data_time: 0.058, memory: 21575, loss_cls: 0.9202, loss_bbox: 0.9087, loss_traj: 1.8826, loss_traj_cls: 0.0006, loss_map_cls: 0.4274, loss_map_pts: 1.5098, loss_map_dir: 0.0285, d0.loss_plan_l1_fix_time: 3.6818, d0.loss_plan_l1_fix_dist: 0.3279, d1.loss_plan_l1_fix_time: 3.6304, d1.loss_plan_l1_fix_dist: 0.3300, d2.loss_plan_l1_fix_time: 3.6275, d2.loss_plan_l1_fix_dist: 0.3540, d3.loss_plan_l1_fix_time: 3.6333, d3.loss_plan_l1_fix_dist: 0.3813, d4.loss_plan_l1_fix_time: 3.6421, d4.loss_plan_l1_fix_dist: 0.4129, d5.loss_plan_l1_fix_time: 3.6538, d5.loss_plan_l1_fix_dist: 0.4449, d6.loss_plan_l1_fix_time: 3.6671, d6.loss_plan_l1_fix_dist: 0.4803, d7.loss_plan_l1_fix_time: 3.6814, d7.loss_plan_l1_fix_dist: 0.5197, d8.loss_plan_l1_fix_time: 3.6975, d8.loss_plan_l1_fix_dist: 0.5674, d0.loss_cls_all: 0.9276, d0.loss_bbox_all: 0.9246, d0.loss_cls: 0.9276, d0.loss_bbox: 0.9246, d1.loss_cls: 0.9286, d1.loss_bbox: 0.9316, d2.loss_cls: 0.9261, d2.loss_bbox: 0.9176, d3.loss_cls: 0.9174, d3.loss_bbox: 0.9166, d4.loss_cls: 0.9148, d4.loss_bbox: 0.9159, d5.loss_cls: 0.9132, d5.loss_bbox: 0.9095, d6.loss_cls: 0.9104, d6.loss_bbox: 0.9209, d7.loss_cls: 0.9157, d7.loss_bbox: 0.9158, d0.loss_traj_cls: 0.0005, d0.loss_traj: 2.1079, d1.loss_traj_cls: 0.0005, d1.loss_traj: 1.9038, d2.loss_traj_cls: 0.0005, d2.loss_traj: 1.8619, d3.loss_traj_cls: 0.0005, d3.loss_traj: 1.8550, d4.loss_traj_cls: 0.0005, d4.loss_traj: 1.8434, d5.loss_traj_cls: 0.0005, d5.loss_traj: 1.8399, d6.loss_traj_cls: 0.0005, d6.loss_traj: 1.8479, d7.loss_traj_cls: 0.0005, d7.loss_traj: 1.8688, d0.loss_map_cls_all: 0.4179, d0.loss_map_pts_all: 2.1230, d0.loss_map_dir_all: 0.0296, d0.loss_map_cls: 0.4179, d0.loss_map_pts: 2.1230, d0.loss_map_dir: 0.0296, d1.loss_map_cls: 0.4059, d1.loss_map_pts: 1.6964, d1.loss_map_dir: 0.0283, d2.loss_map_cls: 0.4150, d2.loss_map_pts: 1.4967, d2.loss_map_dir: 0.0284, d3.loss_map_cls: 0.4180, d3.loss_map_pts: 1.4664, d3.loss_map_dir: 0.0284, d4.loss_map_cls: 0.4184, d4.loss_map_pts: 1.4722, d4.loss_map_dir: 0.0285, d5.loss_map_cls: 0.4205, d5.loss_map_pts: 1.4801, d5.loss_map_dir: 0.0285, d6.loss_map_cls: 0.4233, d6.loss_map_pts: 1.4886, d6.loss_map_dir: 0.0285, d7.loss_map_cls: 0.4249, d7.loss_map_pts: 1.4995, d7.loss_map_dir: 0.0285, loss: 92.9679, grad_norm: 2360.9021
2026-05-25 15:16:28,728 - DriveTransformer - INFO - Iter [3850/12870]	lr: 2.391e-05, eta: 2:37:43, time: 0.981, data_time: 0.058, memory: 21575, loss_cls: 0.8529, loss_bbox: 0.8616, loss_traj: 2.2694, loss_traj_cls: 0.0005, loss_map_cls: 0.3189, loss_map_pts: 0.9890, loss_map_dir: 0.0076, d0.loss_plan_l1_fix_time: 3.8388, d0.loss_plan_l1_fix_dist: 0.4107, d1.loss_plan_l1_fix_time: 3.7676, d1.loss_plan_l1_fix_dist: 0.4029, d2.loss_plan_l1_fix_time: 3.7745, d2.loss_plan_l1_fix_dist: 0.4103, d3.loss_plan_l1_fix_time: 3.7905, d3.loss_plan_l1_fix_dist: 0.4231, d4.loss_plan_l1_fix_time: 3.8091, d4.loss_plan_l1_fix_dist: 0.4405, d5.loss_plan_l1_fix_time: 3.8301, d5.loss_plan_l1_fix_dist: 0.4623, d6.loss_plan_l1_fix_time: 3.8528, d6.loss_plan_l1_fix_dist: 0.4871, d7.loss_plan_l1_fix_time: 3.8784, d7.loss_plan_l1_fix_dist: 0.5155, d8.loss_plan_l1_fix_time: 3.9075, d8.loss_plan_l1_fix_dist: 0.5501, d0.loss_cls_all: 0.8244, d0.loss_bbox_all: 0.8669, d0.loss_cls: 0.8244, d0.loss_bbox: 0.8669, d1.loss_cls: 0.8202, d1.loss_bbox: 0.8600, d2.loss_cls: 0.8238, d2.loss_bbox: 0.8607, d3.loss_cls: 0.8237, d3.loss_bbox: 0.8635, d4.loss_cls: 0.8264, d4.loss_bbox: 0.8546, d5.loss_cls: 0.8302, d5.loss_bbox: 0.8530, d6.loss_cls: 0.8360, d6.loss_bbox: 0.8641, d7.loss_cls: 0.8458, d7.loss_bbox: 0.8742, d0.loss_traj_cls: 0.0003, d0.loss_traj: 2.3178, d1.loss_traj_cls: 0.0004, d1.loss_traj: 2.2633, d2.loss_traj_cls: 0.0004, d2.loss_traj: 2.2365, d3.loss_traj_cls: 0.0004, d3.loss_traj: 2.2423, d4.loss_traj_cls: 0.0004, d4.loss_traj: 2.2389, d5.loss_traj_cls: 0.0004, d5.loss_traj: 2.2450, d6.loss_traj_cls: 0.0004, d6.loss_traj: 2.2421, d7.loss_traj_cls: 0.0004, d7.loss_traj: 2.2527, d0.loss_map_cls_all: 0.3503, d0.loss_map_pts_all: 1.3791, d0.loss_map_dir_all: 0.0074, d0.loss_map_cls: 0.3503, d0.loss_map_pts: 1.3791, d0.loss_map_dir: 0.0074, d1.loss_map_cls: 0.3114, d1.loss_map_pts: 1.0179, d1.loss_map_dir: 0.0078, d2.loss_map_cls: 0.3088, d2.loss_map_pts: 0.9833, d2.loss_map_dir: 0.0076, d3.loss_map_cls: 0.3115, d3.loss_map_pts: 0.9775, d3.loss_map_dir: 0.0076, d4.loss_map_cls: 0.3120, d4.loss_map_pts: 0.9796, d4.loss_map_dir: 0.0076, d5.loss_map_cls: 0.3159, d5.loss_map_pts: 0.9799, d5.loss_map_dir: 0.0076, d6.loss_map_cls: 0.3173, d6.loss_map_pts: 0.9825, d6.loss_map_dir: 0.0076, d7.loss_map_cls: 0.3171, d7.loss_map_pts: 0.9866, d7.loss_map_dir: 0.0076, loss: 89.7407, grad_norm: 281.7715
2026-05-25 15:16:40,254 - DriveTransformer - INFO - Saving checkpoint at 3861 iterations
2026-05-25 15:17:28,554 - DriveTransformer - INFO - Iter [3900/12870]	lr: 2.377e-05, eta: 2:37:07, time: 1.196, data_time: 0.062, memory: 21575, loss_cls: 0.8271, loss_bbox: 0.9392, loss_traj: 2.0069, loss_traj_cls: 0.0004, loss_map_cls: 0.3768, loss_map_pts: 1.6214, loss_map_dir: 0.0087, d0.loss_plan_l1_fix_time: 2.6470, d0.loss_plan_l1_fix_dist: 0.4418, d1.loss_plan_l1_fix_time: 2.6651, d1.loss_plan_l1_fix_dist: 0.4340, d2.loss_plan_l1_fix_time: 2.6864, d2.loss_plan_l1_fix_dist: 0.4403, d3.loss_plan_l1_fix_time: 2.7088, d3.loss_plan_l1_fix_dist: 0.4496, d4.loss_plan_l1_fix_time: 2.7326, d4.loss_plan_l1_fix_dist: 0.4643, d5.loss_plan_l1_fix_time: 2.7574, d5.loss_plan_l1_fix_dist: 0.4816, d6.loss_plan_l1_fix_time: 2.7826, d6.loss_plan_l1_fix_dist: 0.5027, d7.loss_plan_l1_fix_time: 2.8107, d7.loss_plan_l1_fix_dist: 0.5298, d8.loss_plan_l1_fix_time: 2.8410, d8.loss_plan_l1_fix_dist: 0.5717, d0.loss_cls_all: 0.8453, d0.loss_bbox_all: 0.9313, d0.loss_cls: 0.8453, d0.loss_bbox: 0.9313, d1.loss_cls: 0.8309, d1.loss_bbox: 0.9164, d2.loss_cls: 0.8190, d2.loss_bbox: 0.9056, d3.loss_cls: 0.8148, d3.loss_bbox: 0.9187, d4.loss_cls: 0.8147, d4.loss_bbox: 0.9213, d5.loss_cls: 0.8165, d5.loss_bbox: 0.9218, d6.loss_cls: 0.8182, d6.loss_bbox: 0.9202, d7.loss_cls: 0.8231, d7.loss_bbox: 0.9277, d0.loss_traj_cls: 0.0003, d0.loss_traj: 1.8552, d1.loss_traj_cls: 0.0003, d1.loss_traj: 1.8517, d2.loss_traj_cls: 0.0003, d2.loss_traj: 1.8885, d3.loss_traj_cls: 0.0003, d3.loss_traj: 1.9526, d4.loss_traj_cls: 0.0004, d4.loss_traj: 1.9636, d5.loss_traj_cls: 0.0004, d5.loss_traj: 1.9717, d6.loss_traj_cls: 0.0004, d6.loss_traj: 1.9877, d7.loss_traj_cls: 0.0004, d7.loss_traj: 1.9882, d0.loss_map_cls_all: 0.4534, d0.loss_map_pts_all: 1.7297, d0.loss_map_dir_all: 0.0082, d0.loss_map_cls: 0.4534, d0.loss_map_pts: 1.7297, d0.loss_map_dir: 0.0082, d1.loss_map_cls: 0.3802, d1.loss_map_pts: 1.6108, d1.loss_map_dir: 0.0087, d2.loss_map_cls: 0.3767, d2.loss_map_pts: 1.6039, d2.loss_map_dir: 0.0088, d3.loss_map_cls: 0.3777, d3.loss_map_pts: 1.6038, d3.loss_map_dir: 0.0089, d4.loss_map_cls: 0.3767, d4.loss_map_pts: 1.6085, d4.loss_map_dir: 0.0090, d5.loss_map_cls: 0.3750, d5.loss_map_pts: 1.6121, d5.loss_map_dir: 0.0089, d6.loss_map_cls: 0.3752, d6.loss_map_pts: 1.6147, d6.loss_map_dir: 0.0090, d7.loss_map_cls: 0.3762, d7.loss_map_pts: 1.6177, d7.loss_map_dir: 0.0089, loss: 84.2655, grad_norm: 3643.2900
2026-05-25 15:18:20,739 - DriveTransformer - INFO - Iter [3950/12870]	lr: 2.362e-05, eta: 2:36:14, time: 1.044, data_time: 0.063, memory: 21575, loss_cls: 0.8812, loss_bbox: 0.7769, loss_traj: 2.4263, loss_traj_cls: 0.0003, loss_map_cls: 0.4799, loss_map_pts: 1.8873, loss_map_dir: 0.0241, d0.loss_plan_l1_fix_time: 1.9147, d0.loss_plan_l1_fix_dist: 0.2139, d1.loss_plan_l1_fix_time: 1.7894, d1.loss_plan_l1_fix_dist: 0.2386, d2.loss_plan_l1_fix_time: 1.7799, d2.loss_plan_l1_fix_dist: 0.2713, d3.loss_plan_l1_fix_time: 1.7842, d3.loss_plan_l1_fix_dist: 0.3063, d4.loss_plan_l1_fix_time: 1.7938, d4.loss_plan_l1_fix_dist: 0.3425, d5.loss_plan_l1_fix_time: 1.8073, d5.loss_plan_l1_fix_dist: 0.3804, d6.loss_plan_l1_fix_time: 1.8238, d6.loss_plan_l1_fix_dist: 0.4220, d7.loss_plan_l1_fix_time: 1.8430, d7.loss_plan_l1_fix_dist: 0.4679, d8.loss_plan_l1_fix_time: 1.8644, d8.loss_plan_l1_fix_dist: 0.5185, d0.loss_cls_all: 0.8789, d0.loss_bbox_all: 0.8108, d0.loss_cls: 0.8789, d0.loss_bbox: 0.8108, d1.loss_cls: 0.8644, d1.loss_bbox: 0.8012, d2.loss_cls: 0.8687, d2.loss_bbox: 0.7981, d3.loss_cls: 0.8699, d3.loss_bbox: 0.7895, d4.loss_cls: 0.8678, d4.loss_bbox: 0.7790, d5.loss_cls: 0.8697, d5.loss_bbox: 0.7858, d6.loss_cls: 0.8758, d6.loss_bbox: 0.7835, d7.loss_cls: 0.8798, d7.loss_bbox: 0.7749, d0.loss_traj_cls: 0.0003, d0.loss_traj: 2.2203, d1.loss_traj_cls: 0.0003, d1.loss_traj: 2.2253, d2.loss_traj_cls: 0.0003, d2.loss_traj: 2.2814, d3.loss_traj_cls: 0.0003, d3.loss_traj: 2.3121, d4.loss_traj_cls: 0.0003, d4.loss_traj: 2.3273, d5.loss_traj_cls: 0.0003, d5.loss_traj: 2.3355, d6.loss_traj_cls: 0.0003, d6.loss_traj: 2.3766, d7.loss_traj_cls: 0.0003, d7.loss_traj: 2.3945, d0.loss_map_cls_all: 0.5240, d0.loss_map_pts_all: 2.0654, d0.loss_map_dir_all: 0.0235, d0.loss_map_cls: 0.5240, d0.loss_map_pts: 2.0654, d0.loss_map_dir: 0.0235, d1.loss_map_cls: 0.4715, d1.loss_map_pts: 1.8889, d1.loss_map_dir: 0.0236, d2.loss_map_cls: 0.4608, d2.loss_map_pts: 1.8522, d2.loss_map_dir: 0.0234, d3.loss_map_cls: 0.4702, d3.loss_map_pts: 1.8544, d3.loss_map_dir: 0.0236, d4.loss_map_cls: 0.4763, d4.loss_map_pts: 1.8571, d4.loss_map_dir: 0.0238, d5.loss_map_cls: 0.4736, d5.loss_map_pts: 1.8655, d5.loss_map_dir: 0.0239, d6.loss_map_cls: 0.4756, d6.loss_map_pts: 1.8708, d6.loss_map_dir: 0.0239, d7.loss_map_cls: 0.4779, d7.loss_map_pts: 1.8788, d7.loss_map_dir: 0.0239, loss: 81.2660, grad_norm: 1768.1785
2026-05-25 15:19:11,635 - DriveTransformer - INFO - Exp name: drivetransformer_large_single_gpu_24g_30epoch.py
2026-05-25 15:19:11,635 - DriveTransformer - INFO - Iter [4000/12870]	lr: 2.347e-05, eta: 2:35:17, time: 1.018, data_time: 0.060, memory: 21575, loss_cls: 0.7380, loss_bbox: 0.7044, loss_traj: 1.6816, loss_traj_cls: 0.0003, loss_map_cls: 0.1922, loss_map_pts: 0.6567, loss_map_dir: 0.0024, d0.loss_plan_l1_fix_time: 3.4929, d0.loss_plan_l1_fix_dist: 0.2602, d1.loss_plan_l1_fix_time: 3.4282, d1.loss_plan_l1_fix_dist: 0.2640, d2.loss_plan_l1_fix_time: 3.4417, d2.loss_plan_l1_fix_dist: 0.2791, d3.loss_plan_l1_fix_time: 3.4581, d3.loss_plan_l1_fix_dist: 0.2966, d4.loss_plan_l1_fix_time: 3.4746, d4.loss_plan_l1_fix_dist: 0.3176, d5.loss_plan_l1_fix_time: 3.4914, d5.loss_plan_l1_fix_dist: 0.3405, d6.loss_plan_l1_fix_time: 3.5085, d6.loss_plan_l1_fix_dist: 0.3660, d7.loss_plan_l1_fix_time: 3.5265, d7.loss_plan_l1_fix_dist: 0.3942, d8.loss_plan_l1_fix_time: 3.5454, d8.loss_plan_l1_fix_dist: 0.4276, d0.loss_cls_all: 0.7317, d0.loss_bbox_all: 0.7815, d0.loss_cls: 0.7317, d0.loss_bbox: 0.7815, d1.loss_cls: 0.7242, d1.loss_bbox: 0.7508, d2.loss_cls: 0.7269, d2.loss_bbox: 0.7355, d3.loss_cls: 0.7285, d3.loss_bbox: 0.7377, d4.loss_cls: 0.7300, d4.loss_bbox: 0.7250, d5.loss_cls: 0.7307, d5.loss_bbox: 0.7132, d6.loss_cls: 0.7284, d6.loss_bbox: 0.7134, d7.loss_cls: 0.7344, d7.loss_bbox: 0.7068, d0.loss_traj_cls: 0.0003, d0.loss_traj: 2.2799, d1.loss_traj_cls: 0.0003, d1.loss_traj: 1.8491, d2.loss_traj_cls: 0.0003, d2.loss_traj: 1.7587, d3.loss_traj_cls: 0.0003, d3.loss_traj: 1.7331, d4.loss_traj_cls: 0.0003, d4.loss_traj: 1.7142, d5.loss_traj_cls: 0.0003, d5.loss_traj: 1.6910, d6.loss_traj_cls: 0.0003, d6.loss_traj: 1.6804, d7.loss_traj_cls: 0.0003, d7.loss_traj: 1.6751, d0.loss_map_cls_all: 0.2641, d0.loss_map_pts_all: 1.0331, d0.loss_map_dir_all: 0.0026, d0.loss_map_cls: 0.2641, d0.loss_map_pts: 1.0331, d0.loss_map_dir: 0.0026, d1.loss_map_cls: 0.1897, d1.loss_map_pts: 0.6430, d1.loss_map_dir: 0.0024, d2.loss_map_cls: 0.1845, d2.loss_map_pts: 0.6278, d2.loss_map_dir: 0.0024, d3.loss_map_cls: 0.1840, d3.loss_map_pts: 0.6283, d3.loss_map_dir: 0.0023, d4.loss_map_cls: 0.1853, d4.loss_map_pts: 0.6344, d4.loss_map_dir: 0.0023, d5.loss_map_cls: 0.1865, d5.loss_map_pts: 0.6379, d5.loss_map_dir: 0.0023, d6.loss_map_cls: 0.1885, d6.loss_map_pts: 0.6424, d6.loss_map_dir: 0.0023, d7.loss_map_cls: 0.1915, d7.loss_map_pts: 0.6476, d7.loss_map_dir: 0.0024, loss: 74.2721, grad_norm: 620.4244
2026-05-25 15:20:00,142 - DriveTransformer - INFO - Iter [4050/12870]	lr: 2.332e-05, eta: 2:34:16, time: 0.970, data_time: 0.061, memory: 21575, loss_cls: 0.7851, loss_bbox: 0.6925, loss_traj: 1.8539, loss_traj_cls: 0.0003, loss_map_cls: 0.1445, loss_map_pts: 0.7734, loss_map_dir: 0.0041, d0.loss_plan_l1_fix_time: 1.7271, d0.loss_plan_l1_fix_dist: 0.3597, d1.loss_plan_l1_fix_time: 1.5433, d1.loss_plan_l1_fix_dist: 0.3522, d2.loss_plan_l1_fix_time: 1.5389, d2.loss_plan_l1_fix_dist: 0.3719, d3.loss_plan_l1_fix_time: 1.5452, d3.loss_plan_l1_fix_dist: 0.3933, d4.loss_plan_l1_fix_time: 1.5564, d4.loss_plan_l1_fix_dist: 0.4192, d5.loss_plan_l1_fix_time: 1.5711, d5.loss_plan_l1_fix_dist: 0.4470, d6.loss_plan_l1_fix_time: 1.5869, d6.loss_plan_l1_fix_dist: 0.4779, d7.loss_plan_l1_fix_time: 1.6042, d7.loss_plan_l1_fix_dist: 0.5114, d8.loss_plan_l1_fix_time: 1.6242, d8.loss_plan_l1_fix_dist: 0.5504, d0.loss_cls_all: 0.7828, d0.loss_bbox_all: 0.6796, d0.loss_cls: 0.7828, d0.loss_bbox: 0.6796, d1.loss_cls: 0.7809, d1.loss_bbox: 0.6656, d2.loss_cls: 0.7808, d2.loss_bbox: 0.6613, d3.loss_cls: 0.7804, d3.loss_bbox: 0.6644, d4.loss_cls: 0.7819, d4.loss_bbox: 0.6735, d5.loss_cls: 0.7845, d5.loss_bbox: 0.6892, d6.loss_cls: 0.7852, d6.loss_bbox: 0.6839, d7.loss_cls: 0.7873, d7.loss_bbox: 0.6860, d0.loss_traj_cls: 0.0003, d0.loss_traj: 1.9655, d1.loss_traj_cls: 0.0003, d1.loss_traj: 1.9077, d2.loss_traj_cls: 0.0003, d2.loss_traj: 1.8981, d3.loss_traj_cls: 0.0003, d3.loss_traj: 1.8837, d4.loss_traj_cls: 0.0003, d4.loss_traj: 1.8547, d5.loss_traj_cls: 0.0003, d5.loss_traj: 1.8387, d6.loss_traj_cls: 0.0003, d6.loss_traj: 1.8379, d7.loss_traj_cls: 0.0003, d7.loss_traj: 1.8375, d0.loss_map_cls_all: 0.2263, d0.loss_map_pts_all: 1.1871, d0.loss_map_dir_all: 0.0040, d0.loss_map_cls: 0.2263, d0.loss_map_pts: 1.1871, d0.loss_map_dir: 0.0040, d1.loss_map_cls: 0.1482, d1.loss_map_pts: 0.8005, d1.loss_map_dir: 0.0040, d2.loss_map_cls: 0.1421, d2.loss_map_pts: 0.7769, d2.loss_map_dir: 0.0040, d3.loss_map_cls: 0.1411, d3.loss_map_pts: 0.7710, d3.loss_map_dir: 0.0040, d4.loss_map_cls: 0.1413, d4.loss_map_pts: 0.7700, d4.loss_map_dir: 0.0040, d5.loss_map_cls: 0.1433, d5.loss_map_pts: 0.7689, d5.loss_map_dir: 0.0040, d6.loss_map_cls: 0.1439, d6.loss_map_pts: 0.7697, d6.loss_map_dir: 0.0040, d7.loss_map_cls: 0.1447, d7.loss_map_pts: 0.7704, d7.loss_map_dir: 0.0040, loss: 59.8852, grad_norm: 435.2092
2026-05-25 15:20:49,803 - DriveTransformer - INFO - Iter [4100/12870]	lr: 2.317e-05, eta: 2:33:18, time: 0.993, data_time: 0.063, memory: 21575, loss_cls: 0.7297, loss_bbox: 0.6561, loss_traj: 1.8673, loss_traj_cls: 0.0003, loss_map_cls: 0.1328, loss_map_pts: 0.5674, loss_map_dir: 0.0029, d0.loss_plan_l1_fix_time: 3.0003, d0.loss_plan_l1_fix_dist: 0.2338, d1.loss_plan_l1_fix_time: 2.7116, d1.loss_plan_l1_fix_dist: 0.2258, d2.loss_plan_l1_fix_time: 2.6775, d2.loss_plan_l1_fix_dist: 0.2368, d3.loss_plan_l1_fix_time: 2.6692, d3.loss_plan_l1_fix_dist: 0.2526, d4.loss_plan_l1_fix_time: 2.6709, d4.loss_plan_l1_fix_dist: 0.2741, d5.loss_plan_l1_fix_time: 2.6793, d5.loss_plan_l1_fix_dist: 0.2975, d6.loss_plan_l1_fix_time: 2.6901, d6.loss_plan_l1_fix_dist: 0.3226, d7.loss_plan_l1_fix_time: 2.7026, d7.loss_plan_l1_fix_dist: 0.3518, d8.loss_plan_l1_fix_time: 2.7174, d8.loss_plan_l1_fix_dist: 0.3882, d0.loss_cls_all: 0.7203, d0.loss_bbox_all: 0.6849, d0.loss_cls: 0.7203, d0.loss_bbox: 0.6849, d1.loss_cls: 0.7229, d1.loss_bbox: 0.6712, d2.loss_cls: 0.7258, d2.loss_bbox: 0.6512, d3.loss_cls: 0.7299, d3.loss_bbox: 0.6680, d4.loss_cls: 0.7289, d4.loss_bbox: 0.6558, d5.loss_cls: 0.7314, d5.loss_bbox: 0.6440, d6.loss_cls: 0.7339, d6.loss_bbox: 0.6514, d7.loss_cls: 0.7328, d7.loss_bbox: 0.6578, d0.loss_traj_cls: 0.0003, d0.loss_traj: 2.0612, d1.loss_traj_cls: 0.0003, d1.loss_traj: 1.9006, d2.loss_traj_cls: 0.0003, d2.loss_traj: 1.8612, d3.loss_traj_cls: 0.0003, d3.loss_traj: 1.8499, d4.loss_traj_cls: 0.0003, d4.loss_traj: 1.8652, d5.loss_traj_cls: 0.0003, d5.loss_traj: 1.8397, d6.loss_traj_cls: 0.0003, d6.loss_traj: 1.8581, d7.loss_traj_cls: 0.0003, d7.loss_traj: 1.8628, d0.loss_map_cls_all: 0.1935, d0.loss_map_pts_all: 0.9793, d0.loss_map_dir_all: 0.0028, d0.loss_map_cls: 0.1935, d0.loss_map_pts: 0.9793, d0.loss_map_dir: 0.0028, d1.loss_map_cls: 0.1343, d1.loss_map_pts: 0.5457, d1.loss_map_dir: 0.0028, d2.loss_map_cls: 0.1271, d2.loss_map_pts: 0.5327, d2.loss_map_dir: 0.0028, d3.loss_map_cls: 0.1278, d3.loss_map_pts: 0.5359, d3.loss_map_dir: 0.0028, d4.loss_map_cls: 0.1285, d4.loss_map_pts: 0.5414, d4.loss_map_dir: 0.0028, d5.loss_map_cls: 0.1290, d5.loss_map_pts: 0.5472, d5.loss_map_dir: 0.0028, d6.loss_map_cls: 0.1304, d6.loss_map_pts: 0.5529, d6.loss_map_dir: 0.0029, d7.loss_map_cls: 0.1308, d7.loss_map_pts: 0.5603, d7.loss_map_dir: 0.0029, loss: 65.7702, grad_norm: 400.0265
2026-05-25 15:21:41,566 - DriveTransformer - INFO - Iter [4150/12870]	lr: 2.301e-05, eta: 2:32:24, time: 1.035, data_time: 0.069, memory: 21575, loss_cls: 0.7374, loss_bbox: 0.7617, loss_traj: 2.2865, loss_traj_cls: 0.0004, loss_map_cls: 0.1579, loss_map_pts: 0.5422, loss_map_dir: 0.0026, d0.loss_plan_l1_fix_time: 3.3258, d0.loss_plan_l1_fix_dist: 0.3486, d1.loss_plan_l1_fix_time: 3.1892, d1.loss_plan_l1_fix_dist: 0.3555, d2.loss_plan_l1_fix_time: 3.1803, d2.loss_plan_l1_fix_dist: 0.3716, d3.loss_plan_l1_fix_time: 3.1842, d3.loss_plan_l1_fix_dist: 0.3908, d4.loss_plan_l1_fix_time: 3.1941, d4.loss_plan_l1_fix_dist: 0.4121, d5.loss_plan_l1_fix_time: 3.2061, d5.loss_plan_l1_fix_dist: 0.4354, d6.loss_plan_l1_fix_time: 3.2207, d6.loss_plan_l1_fix_dist: 0.4612, d7.loss_plan_l1_fix_time: 3.2379, d7.loss_plan_l1_fix_dist: 0.4902, d8.loss_plan_l1_fix_time: 3.2587, d8.loss_plan_l1_fix_dist: 0.5251, d0.loss_cls_all: 0.7711, d0.loss_bbox_all: 0.8046, d0.loss_cls: 0.7711, d0.loss_bbox: 0.8046, d1.loss_cls: 0.7407, d1.loss_bbox: 0.7807, d2.loss_cls: 0.7404, d2.loss_bbox: 0.7715, d3.loss_cls: 0.7393, d3.loss_bbox: 0.7665, d4.loss_cls: 0.7322, d4.loss_bbox: 0.7695, d5.loss_cls: 0.7348, d5.loss_bbox: 0.7765, d6.loss_cls: 0.7353, d6.loss_bbox: 0.7678, d7.loss_cls: 0.7376, d7.loss_bbox: 0.7639, d0.loss_traj_cls: 0.0003, d0.loss_traj: 2.5556, d1.loss_traj_cls: 0.0003, d1.loss_traj: 2.2654, d2.loss_traj_cls: 0.0004, d2.loss_traj: 2.2368, d3.loss_traj_cls: 0.0004, d3.loss_traj: 2.2294, d4.loss_traj_cls: 0.0004, d4.loss_traj: 2.2403, d5.loss_traj_cls: 0.0004, d5.loss_traj: 2.2562, d6.loss_traj_cls: 0.0004, d6.loss_traj: 2.2690, d7.loss_traj_cls: 0.0004, d7.loss_traj: 2.2915, d0.loss_map_cls_all: 0.2066, d0.loss_map_pts_all: 1.0164, d0.loss_map_dir_all: 0.0027, d0.loss_map_cls: 0.2066, d0.loss_map_pts: 1.0164, d0.loss_map_dir: 0.0027, d1.loss_map_cls: 0.1738, d1.loss_map_pts: 0.5602, d1.loss_map_dir: 0.0026, d2.loss_map_cls: 0.1600, d2.loss_map_pts: 0.5337, d2.loss_map_dir: 0.0026, d3.loss_map_cls: 0.1594, d3.loss_map_pts: 0.5299, d3.loss_map_dir: 0.0026, d4.loss_map_cls: 0.1568, d4.loss_map_pts: 0.5301, d4.loss_map_dir: 0.0026, d5.loss_map_cls: 0.1575, d5.loss_map_pts: 0.5318, d5.loss_map_dir: 0.0026, d6.loss_map_cls: 0.1585, d6.loss_map_pts: 0.5341, d6.loss_map_dir: 0.0026, d7.loss_map_cls: 0.1579, d7.loss_map_pts: 0.5377, d7.loss_map_dir: 0.0026, loss: 76.6821, grad_norm: 1274.5918
2026-05-25 15:22:34,855 - DriveTransformer - INFO - Iter [4200/12870]	lr: 2.286e-05, eta: 2:31:33, time: 1.066, data_time: 0.073, memory: 21575, loss_cls: 0.7856, loss_bbox: 0.9228, loss_traj: 1.5991, loss_traj_cls: 0.0005, loss_map_cls: 0.2803, loss_map_pts: 1.7324, loss_map_dir: 0.0081, d0.loss_plan_l1_fix_time: 3.5273, d0.loss_plan_l1_fix_dist: 0.5358, d1.loss_plan_l1_fix_time: 3.2064, d1.loss_plan_l1_fix_dist: 0.5269, d2.loss_plan_l1_fix_time: 3.2090, d2.loss_plan_l1_fix_dist: 0.5373, d3.loss_plan_l1_fix_time: 3.2258, d3.loss_plan_l1_fix_dist: 0.5568, d4.loss_plan_l1_fix_time: 3.2460, d4.loss_plan_l1_fix_dist: 0.5815, d5.loss_plan_l1_fix_time: 3.2708, d5.loss_plan_l1_fix_dist: 0.6080, d6.loss_plan_l1_fix_time: 3.2967, d6.loss_plan_l1_fix_dist: 0.6406, d7.loss_plan_l1_fix_time: 3.3253, d7.loss_plan_l1_fix_dist: 0.6833, d8.loss_plan_l1_fix_time: 3.3559, d8.loss_plan_l1_fix_dist: 0.7428, d0.loss_cls_all: 0.7845, d0.loss_bbox_all: 0.9541, d0.loss_cls: 0.7845, d0.loss_bbox: 0.9541, d1.loss_cls: 0.7840, d1.loss_bbox: 0.9380, d2.loss_cls: 0.7870, d2.loss_bbox: 0.9239, d3.loss_cls: 0.7865, d3.loss_bbox: 0.9197, d4.loss_cls: 0.7839, d4.loss_bbox: 0.9192, d5.loss_cls: 0.7869, d5.loss_bbox: 0.9166, d6.loss_cls: 0.7868, d6.loss_bbox: 0.9181, d7.loss_cls: 0.7880, d7.loss_bbox: 0.9182, d0.loss_traj_cls: 0.0004, d0.loss_traj: 1.7063, d1.loss_traj_cls: 0.0004, d1.loss_traj: 1.6793, d2.loss_traj_cls: 0.0004, d2.loss_traj: 1.6154, d3.loss_traj_cls: 0.0005, d3.loss_traj: 1.6226, d4.loss_traj_cls: 0.0005, d4.loss_traj: 1.6274, d5.loss_traj_cls: 0.0005, d5.loss_traj: 1.6181, d6.loss_traj_cls: 0.0005, d6.loss_traj: 1.6006, d7.loss_traj_cls: 0.0005, d7.loss_traj: 1.5878, d0.loss_map_cls_all: 0.3204, d0.loss_map_pts_all: 2.0492, d0.loss_map_dir_all: 0.0073, d0.loss_map_cls: 0.3204, d0.loss_map_pts: 2.0492, d0.loss_map_dir: 0.0073, d1.loss_map_cls: 0.2683, d1.loss_map_pts: 1.7220, d1.loss_map_dir: 0.0081, d2.loss_map_cls: 0.2615, d2.loss_map_pts: 1.7164, d2.loss_map_dir: 0.0081, d3.loss_map_cls: 0.2659, d3.loss_map_pts: 1.7198, d3.loss_map_dir: 0.0081, d4.loss_map_cls: 0.2704, d4.loss_map_pts: 1.7211, d4.loss_map_dir: 0.0080, d5.loss_map_cls: 0.2736, d5.loss_map_pts: 1.7238, d5.loss_map_dir: 0.0081, d6.loss_map_cls: 0.2770, d6.loss_map_pts: 1.7248, d6.loss_map_dir: 0.0080, d7.loss_map_cls: 0.2795, d7.loss_map_pts: 1.7284, d7.loss_map_dir: 0.0081, loss: 87.6631, grad_norm: 2844.2826
2026-05-25 15:23:30,636 - DriveTransformer - INFO - Iter [4250/12870]	lr: 2.270e-05, eta: 2:30:47, time: 1.116, data_time: 0.072, memory: 21575, loss_cls: 0.8872, loss_bbox: 0.9190, loss_traj: 2.6276, loss_traj_cls: 0.0005, loss_map_cls: 0.4590, loss_map_pts: 2.3932, loss_map_dir: 0.0241, d0.loss_plan_l1_fix_time: 3.4413, d0.loss_plan_l1_fix_dist: 0.4194, d1.loss_plan_l1_fix_time: 3.2403, d1.loss_plan_l1_fix_dist: 0.4581, d2.loss_plan_l1_fix_time: 3.2345, d2.loss_plan_l1_fix_dist: 0.5172, d3.loss_plan_l1_fix_time: 3.2422, d3.loss_plan_l1_fix_dist: 0.5777, d4.loss_plan_l1_fix_time: 3.2551, d4.loss_plan_l1_fix_dist: 0.6428, d5.loss_plan_l1_fix_time: 3.2690, d5.loss_plan_l1_fix_dist: 0.7123, d6.loss_plan_l1_fix_time: 3.2857, d6.loss_plan_l1_fix_dist: 0.7862, d7.loss_plan_l1_fix_time: 3.3053, d7.loss_plan_l1_fix_dist: 0.8676, d8.loss_plan_l1_fix_time: 3.3272, d8.loss_plan_l1_fix_dist: 0.9544, d0.loss_cls_all: 0.9036, d0.loss_bbox_all: 0.9134, d0.loss_cls: 0.9036, d0.loss_bbox: 0.9134, d1.loss_cls: 0.8921, d1.loss_bbox: 0.9087, d2.loss_cls: 0.8844, d2.loss_bbox: 0.9104, d3.loss_cls: 0.8817, d3.loss_bbox: 0.9098, d4.loss_cls: 0.8774, d4.loss_bbox: 0.9092, d5.loss_cls: 0.8779, d5.loss_bbox: 0.9178, d6.loss_cls: 0.8780, d6.loss_bbox: 0.9171, d7.loss_cls: 0.8835, d7.loss_bbox: 0.9193, d0.loss_traj_cls: 0.0004, d0.loss_traj: 2.3920, d1.loss_traj_cls: 0.0004, d1.loss_traj: 2.4371, d2.loss_traj_cls: 0.0004, d2.loss_traj: 2.4811, d3.loss_traj_cls: 0.0004, d3.loss_traj: 2.5639, d4.loss_traj_cls: 0.0004, d4.loss_traj: 2.5646, d5.loss_traj_cls: 0.0004, d5.loss_traj: 2.5679, d6.loss_traj_cls: 0.0005, d6.loss_traj: 2.5846, d7.loss_traj_cls: 0.0005, d7.loss_traj: 2.6048, d0.loss_map_cls_all: 0.5291, d0.loss_map_pts_all: 2.6385, d0.loss_map_dir_all: 0.0233, d0.loss_map_cls: 0.5291, d0.loss_map_pts: 2.6385, d0.loss_map_dir: 0.0233, d1.loss_map_cls: 0.4723, d1.loss_map_pts: 2.4001, d1.loss_map_dir: 0.0239, d2.loss_map_cls: 0.4590, d2.loss_map_pts: 2.3836, d2.loss_map_dir: 0.0241, d3.loss_map_cls: 0.4611, d3.loss_map_pts: 2.3803, d3.loss_map_dir: 0.0241, d4.loss_map_cls: 0.4587, d4.loss_map_pts: 2.3807, d4.loss_map_dir: 0.0241, d5.loss_map_cls: 0.4600, d5.loss_map_pts: 2.3826, d5.loss_map_dir: 0.0240, d6.loss_map_cls: 0.4612, d6.loss_map_pts: 2.3862, d6.loss_map_dir: 0.0240, d7.loss_map_cls: 0.4603, d7.loss_map_pts: 2.3897, d7.loss_map_dir: 0.0241, loss: 105.7335, grad_norm: 5975.2162
2026-05-25 15:24:18,822 - DriveTransformer - INFO - Saving checkpoint at 4290 iterations
2026-05-25 15:24:40,740 - DriveTransformer - INFO - Iter [4300/12870]	lr: 2.255e-05, eta: 2:30:30, time: 1.402, data_time: 0.072, memory: 21575, loss_cls: 0.9399, loss_bbox: 0.7689, loss_traj: 1.1145, loss_traj_cls: 0.0005, loss_map_cls: 0.4701, loss_map_pts: 2.3841, loss_map_dir: 0.0425, d0.loss_plan_l1_fix_time: 2.2842, d0.loss_plan_l1_fix_dist: 0.2877, d1.loss_plan_l1_fix_time: 2.1894, d1.loss_plan_l1_fix_dist: 0.3111, d2.loss_plan_l1_fix_time: 2.1986, d2.loss_plan_l1_fix_dist: 0.3458, d3.loss_plan_l1_fix_time: 2.2080, d3.loss_plan_l1_fix_dist: 0.3883, d4.loss_plan_l1_fix_time: 2.2188, d4.loss_plan_l1_fix_dist: 0.4335, d5.loss_plan_l1_fix_time: 2.2312, d5.loss_plan_l1_fix_dist: 0.4810, d6.loss_plan_l1_fix_time: 2.2449, d6.loss_plan_l1_fix_dist: 0.5298, d7.loss_plan_l1_fix_time: 2.2591, d7.loss_plan_l1_fix_dist: 0.5826, d8.loss_plan_l1_fix_time: 2.2738, d8.loss_plan_l1_fix_dist: 0.6394, d0.loss_cls_all: 0.8963, d0.loss_bbox_all: 0.8198, d0.loss_cls: 0.8963, d0.loss_bbox: 0.8198, d1.loss_cls: 0.9076, d1.loss_bbox: 0.8039, d2.loss_cls: 0.9154, d2.loss_bbox: 0.8091, d3.loss_cls: 0.9233, d3.loss_bbox: 0.7945, d4.loss_cls: 0.9212, d4.loss_bbox: 0.7925, d5.loss_cls: 0.9226, d5.loss_bbox: 0.7917, d6.loss_cls: 0.9282, d6.loss_bbox: 0.7801, d7.loss_cls: 0.9347, d7.loss_bbox: 0.7725, d0.loss_traj_cls: 0.0004, d0.loss_traj: 1.0710, d1.loss_traj_cls: 0.0004, d1.loss_traj: 1.0562, d2.loss_traj_cls: 0.0004, d2.loss_traj: 1.0566, d3.loss_traj_cls: 0.0004, d3.loss_traj: 1.0852, d4.loss_traj_cls: 0.0004, d4.loss_traj: 1.0943, d5.loss_traj_cls: 0.0004, d5.loss_traj: 1.0941, d6.loss_traj_cls: 0.0004, d6.loss_traj: 1.1044, d7.loss_traj_cls: 0.0004, d7.loss_traj: 1.1080, d0.loss_map_cls_all: 0.4690, d0.loss_map_pts_all: 2.7327, d0.loss_map_dir_all: 0.0430, d0.loss_map_cls: 0.4690, d0.loss_map_pts: 2.7327, d0.loss_map_dir: 0.0430, d1.loss_map_cls: 0.4655, d1.loss_map_pts: 2.3863, d1.loss_map_dir: 0.0427, d2.loss_map_cls: 0.4618, d2.loss_map_pts: 2.3600, d2.loss_map_dir: 0.0425, d3.loss_map_cls: 0.4632, d3.loss_map_pts: 2.3588, d3.loss_map_dir: 0.0424, d4.loss_map_cls: 0.4653, d4.loss_map_pts: 2.3620, d4.loss_map_dir: 0.0425, d5.loss_map_cls: 0.4658, d5.loss_map_pts: 2.3675, d5.loss_map_dir: 0.0425, d6.loss_map_cls: 0.4672, d6.loss_map_pts: 2.3720, d6.loss_map_dir: 0.0425, d7.loss_map_cls: 0.4697, d7.loss_map_pts: 2.3761, d7.loss_map_dir: 0.0425, loss: 80.5581, grad_norm: 3633.3085
2026-05-25 15:25:40,090 - DriveTransformer - INFO - Iter [4350/12870]	lr: 2.239e-05, eta: 2:29:50, time: 1.187, data_time: 0.070, memory: 21575, loss_cls: 0.9768, loss_bbox: 0.8360, loss_traj: 3.3199, loss_traj_cls: 0.0005, loss_map_cls: 0.5206, loss_map_pts: 2.7243, loss_map_dir: 0.0524, d0.loss_plan_l1_fix_time: 4.4978, d0.loss_plan_l1_fix_dist: 0.2599, d1.loss_plan_l1_fix_time: 4.5090, d1.loss_plan_l1_fix_dist: 0.2785, d2.loss_plan_l1_fix_time: 4.5278, d2.loss_plan_l1_fix_dist: 0.3094, d3.loss_plan_l1_fix_time: 4.5446, d3.loss_plan_l1_fix_dist: 0.3431, d4.loss_plan_l1_fix_time: 4.5621, d4.loss_plan_l1_fix_dist: 0.3799, d5.loss_plan_l1_fix_time: 4.5799, d5.loss_plan_l1_fix_dist: 0.4191, d6.loss_plan_l1_fix_time: 4.5974, d6.loss_plan_l1_fix_dist: 0.4605, d7.loss_plan_l1_fix_time: 4.6155, d7.loss_plan_l1_fix_dist: 0.5074, d8.loss_plan_l1_fix_time: 4.6334, d8.loss_plan_l1_fix_dist: 0.5571, d0.loss_cls_all: 0.9570, d0.loss_bbox_all: 0.8644, d0.loss_cls: 0.9570, d0.loss_bbox: 0.8644, d1.loss_cls: 0.9606, d1.loss_bbox: 0.8231, d2.loss_cls: 0.9658, d2.loss_bbox: 0.8150, d3.loss_cls: 0.9689, d3.loss_bbox: 0.8207, d4.loss_cls: 0.9702, d4.loss_bbox: 0.8241, d5.loss_cls: 0.9705, d5.loss_bbox: 0.8256, d6.loss_cls: 0.9730, d6.loss_bbox: 0.8230, d7.loss_cls: 0.9738, d7.loss_bbox: 0.8285, d0.loss_traj_cls: 0.0004, d0.loss_traj: 3.3263, d1.loss_traj_cls: 0.0004, d1.loss_traj: 3.2016, d2.loss_traj_cls: 0.0004, d2.loss_traj: 3.2105, d3.loss_traj_cls: 0.0004, d3.loss_traj: 3.2069, d4.loss_traj_cls: 0.0004, d4.loss_traj: 3.2231, d5.loss_traj_cls: 0.0004, d5.loss_traj: 3.2310, d6.loss_traj_cls: 0.0004, d6.loss_traj: 3.2596, d7.loss_traj_cls: 0.0005, d7.loss_traj: 3.2837, d0.loss_map_cls_all: 0.5099, d0.loss_map_pts_all: 3.0642, d0.loss_map_dir_all: 0.0532, d0.loss_map_cls: 0.5099, d0.loss_map_pts: 3.0642, d0.loss_map_dir: 0.0532, d1.loss_map_cls: 0.5033, d1.loss_map_pts: 2.7483, d1.loss_map_dir: 0.0526, d2.loss_map_cls: 0.5039, d2.loss_map_pts: 2.7183, d2.loss_map_dir: 0.0524, d3.loss_map_cls: 0.5104, d3.loss_map_pts: 2.7097, d3.loss_map_dir: 0.0523, d4.loss_map_cls: 0.5132, d4.loss_map_pts: 2.7124, d4.loss_map_dir: 0.0523, d5.loss_map_cls: 0.5141, d5.loss_map_pts: 2.7146, d5.loss_map_dir: 0.0522, d6.loss_map_cls: 0.5171, d6.loss_map_pts: 2.7168, d6.loss_map_dir: 0.0524, d7.loss_map_cls: 0.5204, d7.loss_map_pts: 2.7190, d7.loss_map_dir: 0.0524, loss: 125.3871, grad_norm: 4787.7480
2026-05-25 15:26:33,728 - DriveTransformer - INFO - Iter [4400/12870]	lr: 2.223e-05, eta: 2:28:59, time: 1.073, data_time: 0.070, memory: 21575, loss_cls: 0.8146, loss_bbox: 0.9093, loss_traj: 2.2319, loss_traj_cls: 0.0004, loss_map_cls: 0.4258, loss_map_pts: 2.1588, loss_map_dir: 0.0466, d0.loss_plan_l1_fix_time: 4.4114, d0.loss_plan_l1_fix_dist: 0.7296, d1.loss_plan_l1_fix_time: 4.4183, d1.loss_plan_l1_fix_dist: 0.7172, d2.loss_plan_l1_fix_time: 4.4259, d2.loss_plan_l1_fix_dist: 0.7239, d3.loss_plan_l1_fix_time: 4.4344, d3.loss_plan_l1_fix_dist: 0.7382, d4.loss_plan_l1_fix_time: 4.4432, d4.loss_plan_l1_fix_dist: 0.7566, d5.loss_plan_l1_fix_time: 4.4533, d5.loss_plan_l1_fix_dist: 0.7796, d6.loss_plan_l1_fix_time: 4.4648, d6.loss_plan_l1_fix_dist: 0.8055, d7.loss_plan_l1_fix_time: 4.4774, d7.loss_plan_l1_fix_dist: 0.8355, d8.loss_plan_l1_fix_time: 4.4905, d8.loss_plan_l1_fix_dist: 0.8693, d0.loss_cls_all: 0.8146, d0.loss_bbox_all: 0.9494, d0.loss_cls: 0.8146, d0.loss_bbox: 0.9494, d1.loss_cls: 0.8131, d1.loss_bbox: 0.9307, d2.loss_cls: 0.8154, d2.loss_bbox: 0.9245, d3.loss_cls: 0.8157, d3.loss_bbox: 0.9039, d4.loss_cls: 0.8165, d4.loss_bbox: 0.9061, d5.loss_cls: 0.8172, d5.loss_bbox: 0.8980, d6.loss_cls: 0.8157, d6.loss_bbox: 0.8998, d7.loss_cls: 0.8153, d7.loss_bbox: 0.9043, d0.loss_traj_cls: 0.0003, d0.loss_traj: 1.8762, d1.loss_traj_cls: 0.0003, d1.loss_traj: 1.8713, d2.loss_traj_cls: 0.0003, d2.loss_traj: 1.9398, d3.loss_traj_cls: 0.0004, d3.loss_traj: 1.9859, d4.loss_traj_cls: 0.0004, d4.loss_traj: 2.0330, d5.loss_traj_cls: 0.0004, d5.loss_traj: 2.0599, d6.loss_traj_cls: 0.0004, d6.loss_traj: 2.1221, d7.loss_traj_cls: 0.0004, d7.loss_traj: 2.1735, d0.loss_map_cls_all: 0.4009, d0.loss_map_pts_all: 3.0459, d0.loss_map_dir_all: 0.0481, d0.loss_map_cls: 0.4009, d0.loss_map_pts: 3.0459, d0.loss_map_dir: 0.0481, d1.loss_map_cls: 0.4043, d1.loss_map_pts: 2.4047, d1.loss_map_dir: 0.0466, d2.loss_map_cls: 0.4047, d2.loss_map_pts: 2.1460, d2.loss_map_dir: 0.0467, d3.loss_map_cls: 0.4114, d3.loss_map_pts: 2.1346, d3.loss_map_dir: 0.0466, d4.loss_map_cls: 0.4145, d4.loss_map_pts: 2.1382, d4.loss_map_dir: 0.0465, d5.loss_map_cls: 0.4177, d5.loss_map_pts: 2.1434, d5.loss_map_dir: 0.0465, d6.loss_map_cls: 0.4219, d6.loss_map_pts: 2.1470, d6.loss_map_dir: 0.0466, d7.loss_map_cls: 0.4243, d7.loss_map_pts: 2.1537, d7.loss_map_dir: 0.0466, loss: 110.7130, grad_norm: 6468.3182
2026-05-25 15:27:24,098 - DriveTransformer - INFO - Iter [4450/12870]	lr: 2.207e-05, eta: 2:28:02, time: 1.007, data_time: 0.062, memory: 21575, loss_cls: 0.7672, loss_bbox: 0.9511, loss_traj: 2.0883, loss_traj_cls: 0.0004, loss_map_cls: 0.4999, loss_map_pts: 2.1785, loss_map_dir: 0.0128, d0.loss_plan_l1_fix_time: 3.2439, d0.loss_plan_l1_fix_dist: 0.5126, d1.loss_plan_l1_fix_time: 3.1593, d1.loss_plan_l1_fix_dist: 0.5275, d2.loss_plan_l1_fix_time: 3.1700, d2.loss_plan_l1_fix_dist: 0.5505, d3.loss_plan_l1_fix_time: 3.1852, d3.loss_plan_l1_fix_dist: 0.5729, d4.loss_plan_l1_fix_time: 3.2018, d4.loss_plan_l1_fix_dist: 0.6000, d5.loss_plan_l1_fix_time: 3.2173, d5.loss_plan_l1_fix_dist: 0.6314, d6.loss_plan_l1_fix_time: 3.2347, d6.loss_plan_l1_fix_dist: 0.6686, d7.loss_plan_l1_fix_time: 3.2543, d7.loss_plan_l1_fix_dist: 0.7115, d8.loss_plan_l1_fix_time: 3.2744, d8.loss_plan_l1_fix_dist: 0.7631, d0.loss_cls_all: 0.7758, d0.loss_bbox_all: 1.0217, d0.loss_cls: 0.7758, d0.loss_bbox: 1.0217, d1.loss_cls: 0.7686, d1.loss_bbox: 1.0079, d2.loss_cls: 0.7684, d2.loss_bbox: 0.9887, d3.loss_cls: 0.7649, d3.loss_bbox: 0.9815, d4.loss_cls: 0.7637, d4.loss_bbox: 0.9701, d5.loss_cls: 0.7642, d5.loss_bbox: 0.9740, d6.loss_cls: 0.7650, d6.loss_bbox: 0.9640, d7.loss_cls: 0.7645, d7.loss_bbox: 0.9558, d0.loss_traj_cls: 0.0003, d0.loss_traj: 2.1246, d1.loss_traj_cls: 0.0003, d1.loss_traj: 1.9568, d2.loss_traj_cls: 0.0003, d2.loss_traj: 1.9550, d3.loss_traj_cls: 0.0003, d3.loss_traj: 1.9937, d4.loss_traj_cls: 0.0003, d4.loss_traj: 2.0265, d5.loss_traj_cls: 0.0003, d5.loss_traj: 2.0483, d6.loss_traj_cls: 0.0003, d6.loss_traj: 2.0756, d7.loss_traj_cls: 0.0003, d7.loss_traj: 2.0874, d0.loss_map_cls_all: 0.4738, d0.loss_map_pts_all: 2.4017, d0.loss_map_dir_all: 0.0120, d0.loss_map_cls: 0.4738, d0.loss_map_pts: 2.4017, d0.loss_map_dir: 0.0120, d1.loss_map_cls: 0.4675, d1.loss_map_pts: 2.2318, d1.loss_map_dir: 0.0124, d2.loss_map_cls: 0.4788, d2.loss_map_pts: 2.1764, d2.loss_map_dir: 0.0128, d3.loss_map_cls: 0.4854, d3.loss_map_pts: 2.1663, d3.loss_map_dir: 0.0128, d4.loss_map_cls: 0.4911, d4.loss_map_pts: 2.1665, d4.loss_map_dir: 0.0129, d5.loss_map_cls: 0.4926, d5.loss_map_pts: 2.1700, d5.loss_map_dir: 0.0128, d6.loss_map_cls: 0.4963, d6.loss_map_pts: 2.1719, d6.loss_map_dir: 0.0128, d7.loss_map_cls: 0.4982, d7.loss_map_pts: 2.1735, d7.loss_map_dir: 0.0130, loss: 97.5748, grad_norm: 3963.4891
2026-05-25 15:28:15,824 - DriveTransformer - INFO - Iter [4500/12870]	lr: 2.191e-05, eta: 2:27:07, time: 1.034, data_time: 0.065, memory: 21575, loss_cls: 0.8452, loss_bbox: 0.9923, loss_traj: 1.2272, loss_traj_cls: 0.0005, loss_map_cls: 0.5721, loss_map_pts: 1.6858, loss_map_dir: 0.0226, d0.loss_plan_l1_fix_time: 2.1413, d0.loss_plan_l1_fix_dist: 0.3440, d1.loss_plan_l1_fix_time: 2.0420, d1.loss_plan_l1_fix_dist: 0.3506, d2.loss_plan_l1_fix_time: 2.0377, d2.loss_plan_l1_fix_dist: 0.3759, d3.loss_plan_l1_fix_time: 2.0445, d3.loss_plan_l1_fix_dist: 0.4056, d4.loss_plan_l1_fix_time: 2.0546, d4.loss_plan_l1_fix_dist: 0.4398, d5.loss_plan_l1_fix_time: 2.0650, d5.loss_plan_l1_fix_dist: 0.4775, d6.loss_plan_l1_fix_time: 2.0772, d6.loss_plan_l1_fix_dist: 0.5193, d7.loss_plan_l1_fix_time: 2.0894, d7.loss_plan_l1_fix_dist: 0.5698, d8.loss_plan_l1_fix_time: 2.1027, d8.loss_plan_l1_fix_dist: 0.6280, d0.loss_cls_all: 0.8190, d0.loss_bbox_all: 0.9814, d0.loss_cls: 0.8190, d0.loss_bbox: 0.9814, d1.loss_cls: 0.8225, d1.loss_bbox: 0.9805, d2.loss_cls: 0.8301, d2.loss_bbox: 0.9858, d3.loss_cls: 0.8325, d3.loss_bbox: 0.9838, d4.loss_cls: 0.8359, d4.loss_bbox: 0.9853, d5.loss_cls: 0.8401, d5.loss_bbox: 1.0045, d6.loss_cls: 0.8372, d6.loss_bbox: 0.9969, d7.loss_cls: 0.8398, d7.loss_bbox: 0.9924, d0.loss_traj_cls: 0.0004, d0.loss_traj: 1.3608, d1.loss_traj_cls: 0.0004, d1.loss_traj: 1.2040, d2.loss_traj_cls: 0.0004, d2.loss_traj: 1.1990, d3.loss_traj_cls: 0.0004, d3.loss_traj: 1.1965, d4.loss_traj_cls: 0.0004, d4.loss_traj: 1.2000, d5.loss_traj_cls: 0.0004, d5.loss_traj: 1.2167, d6.loss_traj_cls: 0.0004, d6.loss_traj: 1.2178, d7.loss_traj_cls: 0.0004, d7.loss_traj: 1.2220, d0.loss_map_cls_all: 0.5779, d0.loss_map_pts_all: 2.0040, d0.loss_map_dir_all: 0.0208, d0.loss_map_cls: 0.5779, d0.loss_map_pts: 2.0040, d0.loss_map_dir: 0.0208, d1.loss_map_cls: 0.5449, d1.loss_map_pts: 1.7443, d1.loss_map_dir: 0.0220, d2.loss_map_cls: 0.5487, d2.loss_map_pts: 1.6991, d2.loss_map_dir: 0.0224, d3.loss_map_cls: 0.5575, d3.loss_map_pts: 1.6881, d3.loss_map_dir: 0.0224, d4.loss_map_cls: 0.5636, d4.loss_map_pts: 1.6853, d4.loss_map_dir: 0.0225, d5.loss_map_cls: 0.5660, d5.loss_map_pts: 1.6841, d5.loss_map_dir: 0.0225, d6.loss_map_cls: 0.5690, d6.loss_map_pts: 1.6839, d6.loss_map_dir: 0.0226, d7.loss_map_cls: 0.5714, d7.loss_map_pts: 1.6837, d7.loss_map_dir: 0.0226, loss: 75.4507, grad_norm: 4348.5475
2026-05-25 15:29:05,342 - DriveTransformer - INFO - Iter [4550/12870]	lr: 2.175e-05, eta: 2:26:09, time: 0.990, data_time: 0.063, memory: 21575, loss_cls: 0.8328, loss_bbox: 0.8145, loss_traj: 1.9317, loss_traj_cls: 0.0004, loss_map_cls: 0.3837, loss_map_pts: 1.2030, loss_map_dir: 0.0097, d0.loss_plan_l1_fix_time: 2.0445, d0.loss_plan_l1_fix_dist: 0.2686, d1.loss_plan_l1_fix_time: 1.7582, d1.loss_plan_l1_fix_dist: 0.2682, d2.loss_plan_l1_fix_time: 1.7324, d2.loss_plan_l1_fix_dist: 0.2893, d3.loss_plan_l1_fix_time: 1.7308, d3.loss_plan_l1_fix_dist: 0.3130, d4.loss_plan_l1_fix_time: 1.7368, d4.loss_plan_l1_fix_dist: 0.3412, d5.loss_plan_l1_fix_time: 1.7468, d5.loss_plan_l1_fix_dist: 0.3709, d6.loss_plan_l1_fix_time: 1.7583, d6.loss_plan_l1_fix_dist: 0.4027, d7.loss_plan_l1_fix_time: 1.7716, d7.loss_plan_l1_fix_dist: 0.4392, d8.loss_plan_l1_fix_time: 1.7869, d8.loss_plan_l1_fix_dist: 0.4826, d0.loss_cls_all: 0.8218, d0.loss_bbox_all: 0.8597, d0.loss_cls: 0.8218, d0.loss_bbox: 0.8597, d1.loss_cls: 0.8042, d1.loss_bbox: 0.8355, d2.loss_cls: 0.8023, d2.loss_bbox: 0.8247, d3.loss_cls: 0.8037, d3.loss_bbox: 0.8204, d4.loss_cls: 0.8045, d4.loss_bbox: 0.8174, d5.loss_cls: 0.8120, d5.loss_bbox: 0.8157, d6.loss_cls: 0.8186, d6.loss_bbox: 0.8082, d7.loss_cls: 0.8276, d7.loss_bbox: 0.8114, d0.loss_traj_cls: 0.0003, d0.loss_traj: 1.7958, d1.loss_traj_cls: 0.0003, d1.loss_traj: 1.7864, d2.loss_traj_cls: 0.0003, d2.loss_traj: 1.8291, d3.loss_traj_cls: 0.0003, d3.loss_traj: 1.8694, d4.loss_traj_cls: 0.0003, d4.loss_traj: 1.8887, d5.loss_traj_cls: 0.0003, d5.loss_traj: 1.8989, d6.loss_traj_cls: 0.0003, d6.loss_traj: 1.9167, d7.loss_traj_cls: 0.0003, d7.loss_traj: 1.9206, d0.loss_map_cls_all: 0.3915, d0.loss_map_pts_all: 1.4533, d0.loss_map_dir_all: 0.0087, d0.loss_map_cls: 0.3915, d0.loss_map_pts: 1.4533, d0.loss_map_dir: 0.0087, d1.loss_map_cls: 0.3765, d1.loss_map_pts: 1.2302, d1.loss_map_dir: 0.0096, d2.loss_map_cls: 0.3732, d2.loss_map_pts: 1.1921, d2.loss_map_dir: 0.0096, d3.loss_map_cls: 0.3768, d3.loss_map_pts: 1.1848, d3.loss_map_dir: 0.0096, d4.loss_map_cls: 0.3793, d4.loss_map_pts: 1.1869, d4.loss_map_dir: 0.0097, d5.loss_map_cls: 0.3811, d5.loss_map_pts: 1.1897, d5.loss_map_dir: 0.0097, d6.loss_map_cls: 0.3822, d6.loss_map_pts: 1.1931, d6.loss_map_dir: 0.0097, d7.loss_map_cls: 0.3827, d7.loss_map_pts: 1.1978, d7.loss_map_dir: 0.0097, loss: 68.8956, grad_norm: 7245.7136
2026-05-25 15:29:54,281 - DriveTransformer - INFO - Iter [4600/12870]	lr: 2.158e-05, eta: 2:25:09, time: 0.979, data_time: 0.066, memory: 21575, loss_cls: 0.8740, loss_bbox: 0.7967, loss_traj: 2.9526, loss_traj_cls: 0.0003, loss_map_cls: 0.3477, loss_map_pts: 1.3115, loss_map_dir: 0.0114, d0.loss_plan_l1_fix_time: 3.9853, d0.loss_plan_l1_fix_dist: 0.2211, d1.loss_plan_l1_fix_time: 3.8865, d1.loss_plan_l1_fix_dist: 0.2258, d2.loss_plan_l1_fix_time: 3.8960, d2.loss_plan_l1_fix_dist: 0.2410, d3.loss_plan_l1_fix_time: 3.9132, d3.loss_plan_l1_fix_dist: 0.2651, d4.loss_plan_l1_fix_time: 3.9316, d4.loss_plan_l1_fix_dist: 0.2912, d5.loss_plan_l1_fix_time: 3.9520, d5.loss_plan_l1_fix_dist: 0.3180, d6.loss_plan_l1_fix_time: 3.9730, d6.loss_plan_l1_fix_dist: 0.3465, d7.loss_plan_l1_fix_time: 3.9962, d7.loss_plan_l1_fix_dist: 0.3782, d8.loss_plan_l1_fix_time: 4.0208, d8.loss_plan_l1_fix_dist: 0.4148, d0.loss_cls_all: 0.8247, d0.loss_bbox_all: 0.8758, d0.loss_cls: 0.8247, d0.loss_bbox: 0.8758, d1.loss_cls: 0.8181, d1.loss_bbox: 0.8392, d2.loss_cls: 0.8276, d2.loss_bbox: 0.8273, d3.loss_cls: 0.8399, d3.loss_bbox: 0.8227, d4.loss_cls: 0.8499, d4.loss_bbox: 0.8103, d5.loss_cls: 0.8594, d5.loss_bbox: 0.8045, d6.loss_cls: 0.8662, d6.loss_bbox: 0.7950, d7.loss_cls: 0.8745, d7.loss_bbox: 0.7906, d0.loss_traj_cls: 0.0003, d0.loss_traj: 3.3930, d1.loss_traj_cls: 0.0003, d1.loss_traj: 3.0054, d2.loss_traj_cls: 0.0003, d2.loss_traj: 2.9536, d3.loss_traj_cls: 0.0003, d3.loss_traj: 2.9485, d4.loss_traj_cls: 0.0003, d4.loss_traj: 2.9412, d5.loss_traj_cls: 0.0003, d5.loss_traj: 2.9552, d6.loss_traj_cls: 0.0003, d6.loss_traj: 2.9654, d7.loss_traj_cls: 0.0003, d7.loss_traj: 2.9578, d0.loss_map_cls_all: 0.3909, d0.loss_map_pts_all: 1.4182, d0.loss_map_dir_all: 0.0111, d0.loss_map_cls: 0.3909, d0.loss_map_pts: 1.4182, d0.loss_map_dir: 0.0111, d1.loss_map_cls: 0.3389, d1.loss_map_pts: 1.3195, d1.loss_map_dir: 0.0112, d2.loss_map_cls: 0.3365, d2.loss_map_pts: 1.2868, d2.loss_map_dir: 0.0114, d3.loss_map_cls: 0.3381, d3.loss_map_pts: 1.2858, d3.loss_map_dir: 0.0114, d4.loss_map_cls: 0.3419, d4.loss_map_pts: 1.2898, d4.loss_map_dir: 0.0114, d5.loss_map_cls: 0.3424, d5.loss_map_pts: 1.2954, d5.loss_map_dir: 0.0114, d6.loss_map_cls: 0.3450, d6.loss_map_pts: 1.2992, d6.loss_map_dir: 0.0114, d7.loss_map_cls: 0.3463, d7.loss_map_pts: 1.3046, d7.loss_map_dir: 0.0114, loss: 98.8889, grad_norm: 5949.6960
2026-05-25 15:30:43,888 - DriveTransformer - INFO - Iter [4650/12870]	lr: 2.142e-05, eta: 2:24:11, time: 0.992, data_time: 0.062, memory: 21575, loss_cls: 0.7501, loss_bbox: 0.6983, loss_traj: 2.8407, loss_traj_cls: 0.0003, loss_map_cls: 0.3376, loss_map_pts: 1.2287, loss_map_dir: 0.0145, d0.loss_plan_l1_fix_time: 3.3477, d0.loss_plan_l1_fix_dist: 0.2605, d1.loss_plan_l1_fix_time: 3.3755, d1.loss_plan_l1_fix_dist: 0.2651, d2.loss_plan_l1_fix_time: 3.4031, d2.loss_plan_l1_fix_dist: 0.2828, d3.loss_plan_l1_fix_time: 3.4249, d3.loss_plan_l1_fix_dist: 0.3049, d4.loss_plan_l1_fix_time: 3.4441, d4.loss_plan_l1_fix_dist: 0.3292, d5.loss_plan_l1_fix_time: 3.4625, d5.loss_plan_l1_fix_dist: 0.3553, d6.loss_plan_l1_fix_time: 3.4813, d6.loss_plan_l1_fix_dist: 0.3846, d7.loss_plan_l1_fix_time: 3.5017, d7.loss_plan_l1_fix_dist: 0.4164, d8.loss_plan_l1_fix_time: 3.5241, d8.loss_plan_l1_fix_dist: 0.4520, d0.loss_cls_all: 0.7522, d0.loss_bbox_all: 0.8294, d0.loss_cls: 0.7522, d0.loss_bbox: 0.8294, d1.loss_cls: 0.7447, d1.loss_bbox: 0.7712, d2.loss_cls: 0.7429, d2.loss_bbox: 0.7358, d3.loss_cls: 0.7478, d3.loss_bbox: 0.7052, d4.loss_cls: 0.7489, d4.loss_bbox: 0.6996, d5.loss_cls: 0.7482, d5.loss_bbox: 0.6887, d6.loss_cls: 0.7487, d6.loss_bbox: 0.6857, d7.loss_cls: 0.7496, d7.loss_bbox: 0.6937, d0.loss_traj_cls: 0.0002, d0.loss_traj: 3.6923, d1.loss_traj_cls: 0.0002, d1.loss_traj: 3.1741, d2.loss_traj_cls: 0.0002, d2.loss_traj: 2.9944, d3.loss_traj_cls: 0.0003, d3.loss_traj: 2.9316, d4.loss_traj_cls: 0.0003, d4.loss_traj: 2.8545, d5.loss_traj_cls: 0.0003, d5.loss_traj: 2.8495, d6.loss_traj_cls: 0.0003, d6.loss_traj: 2.8534, d7.loss_traj_cls: 0.0003, d7.loss_traj: 2.8465, d0.loss_map_cls_all: 0.3701, d0.loss_map_pts_all: 1.5284, d0.loss_map_dir_all: 0.0143, d0.loss_map_cls: 0.3701, d0.loss_map_pts: 1.5284, d0.loss_map_dir: 0.0143, d1.loss_map_cls: 0.3266, d1.loss_map_pts: 1.2598, d1.loss_map_dir: 0.0142, d2.loss_map_cls: 0.3216, d2.loss_map_pts: 1.2142, d2.loss_map_dir: 0.0143, d3.loss_map_cls: 0.3244, d3.loss_map_pts: 1.2078, d3.loss_map_dir: 0.0144, d4.loss_map_cls: 0.3255, d4.loss_map_pts: 1.2094, d4.loss_map_dir: 0.0144, d5.loss_map_cls: 0.3290, d5.loss_map_pts: 1.2128, d5.loss_map_dir: 0.0143, d6.loss_map_cls: 0.3296, d6.loss_map_pts: 1.2169, d6.loss_map_dir: 0.0144, d7.loss_map_cls: 0.3334, d7.loss_map_pts: 1.2235, d7.loss_map_dir: 0.0144, loss: 92.2188, grad_norm: 1659.3065
2026-05-25 15:31:34,057 - DriveTransformer - INFO - Iter [4700/12870]	lr: 2.126e-05, eta: 2:23:14, time: 1.003, data_time: 0.060, memory: 21575, loss_cls: 0.8060, loss_bbox: 0.8062, loss_traj: 2.0923, loss_traj_cls: 0.0004, loss_map_cls: 0.3103, loss_map_pts: 1.3423, loss_map_dir: 0.0076, d0.loss_plan_l1_fix_time: 2.3108, d0.loss_plan_l1_fix_dist: 0.4549, d1.loss_plan_l1_fix_time: 2.1026, d1.loss_plan_l1_fix_dist: 0.4319, d2.loss_plan_l1_fix_time: 2.0939, d2.loss_plan_l1_fix_dist: 0.4352, d3.loss_plan_l1_fix_time: 2.1019, d3.loss_plan_l1_fix_dist: 0.4451, d4.loss_plan_l1_fix_time: 2.1178, d4.loss_plan_l1_fix_dist: 0.4616, d5.loss_plan_l1_fix_time: 2.1374, d5.loss_plan_l1_fix_dist: 0.4832, d6.loss_plan_l1_fix_time: 2.1593, d6.loss_plan_l1_fix_dist: 0.5082, d7.loss_plan_l1_fix_time: 2.1815, d7.loss_plan_l1_fix_dist: 0.5356, d8.loss_plan_l1_fix_time: 2.2030, d8.loss_plan_l1_fix_dist: 0.5677, d0.loss_cls_all: 0.7965, d0.loss_bbox_all: 0.8142, d0.loss_cls: 0.7965, d0.loss_bbox: 0.8142, d1.loss_cls: 0.7868, d1.loss_bbox: 0.8190, d2.loss_cls: 0.7945, d2.loss_bbox: 0.8135, d3.loss_cls: 0.7976, d3.loss_bbox: 0.8181, d4.loss_cls: 0.7985, d4.loss_bbox: 0.8157, d5.loss_cls: 0.7990, d5.loss_bbox: 0.8120, d6.loss_cls: 0.8028, d6.loss_bbox: 0.8039, d7.loss_cls: 0.8064, d7.loss_bbox: 0.8068, d0.loss_traj_cls: 0.0004, d0.loss_traj: 2.1110, d1.loss_traj_cls: 0.0004, d1.loss_traj: 2.0755, d2.loss_traj_cls: 0.0004, d2.loss_traj: 2.0838, d3.loss_traj_cls: 0.0004, d3.loss_traj: 2.0604, d4.loss_traj_cls: 0.0004, d4.loss_traj: 2.0658, d5.loss_traj_cls: 0.0004, d5.loss_traj: 2.0726, d6.loss_traj_cls: 0.0004, d6.loss_traj: 2.0713, d7.loss_traj_cls: 0.0004, d7.loss_traj: 2.0795, d0.loss_map_cls_all: 0.3468, d0.loss_map_pts_all: 1.5195, d0.loss_map_dir_all: 0.0071, d0.loss_map_cls: 0.3468, d0.loss_map_pts: 1.5195, d0.loss_map_dir: 0.0071, d1.loss_map_cls: 0.2912, d1.loss_map_pts: 1.3740, d1.loss_map_dir: 0.0075, d2.loss_map_cls: 0.2945, d2.loss_map_pts: 1.3520, d2.loss_map_dir: 0.0075, d3.loss_map_cls: 0.2979, d3.loss_map_pts: 1.3444, d3.loss_map_dir: 0.0075, d4.loss_map_cls: 0.3011, d4.loss_map_pts: 1.3426, d4.loss_map_dir: 0.0076, d5.loss_map_cls: 0.3050, d5.loss_map_pts: 1.3411, d5.loss_map_dir: 0.0076, d6.loss_map_cls: 0.3068, d6.loss_map_pts: 1.3413, d6.loss_map_dir: 0.0076, d7.loss_map_cls: 0.3088, d7.loss_map_pts: 1.3418, d7.loss_map_dir: 0.0076, loss: 75.5579, grad_norm: 2745.8005
2026-05-25 15:31:54,315 - DriveTransformer - INFO - Saving checkpoint at 4719 iterations
2026-05-25 15:32:35,888 - DriveTransformer - INFO - Iter [4750/12870]	lr: 2.109e-05, eta: 2:22:38, time: 1.237, data_time: 0.066, memory: 21575, loss_cls: 0.8769, loss_bbox: 0.8564, loss_traj: 3.4925, loss_traj_cls: 0.0004, loss_map_cls: 0.3873, loss_map_pts: 1.4892, loss_map_dir: 0.0117, d0.loss_plan_l1_fix_time: 3.5403, d0.loss_plan_l1_fix_dist: 0.4040, d1.loss_plan_l1_fix_time: 3.2867, d1.loss_plan_l1_fix_dist: 0.4484, d2.loss_plan_l1_fix_time: 3.2679, d2.loss_plan_l1_fix_dist: 0.5084, d3.loss_plan_l1_fix_time: 3.2732, d3.loss_plan_l1_fix_dist: 0.5673, d4.loss_plan_l1_fix_time: 3.2839, d4.loss_plan_l1_fix_dist: 0.6245, d5.loss_plan_l1_fix_time: 3.2984, d5.loss_plan_l1_fix_dist: 0.6799, d6.loss_plan_l1_fix_time: 3.3140, d6.loss_plan_l1_fix_dist: 0.7356, d7.loss_plan_l1_fix_time: 3.3310, d7.loss_plan_l1_fix_dist: 0.7946, d8.loss_plan_l1_fix_time: 3.3483, d8.loss_plan_l1_fix_dist: 0.8585, d0.loss_cls_all: 0.8446, d0.loss_bbox_all: 0.9341, d0.loss_cls: 0.8446, d0.loss_bbox: 0.9341, d1.loss_cls: 0.8402, d1.loss_bbox: 0.9117, d2.loss_cls: 0.8488, d2.loss_bbox: 0.8919, d3.loss_cls: 0.8512, d3.loss_bbox: 0.8854, d4.loss_cls: 0.8579, d4.loss_bbox: 0.8867, d5.loss_cls: 0.8605, d5.loss_bbox: 0.8836, d6.loss_cls: 0.8699, d6.loss_bbox: 0.8636, d7.loss_cls: 0.8724, d7.loss_bbox: 0.8614, d0.loss_traj_cls: 0.0004, d0.loss_traj: 3.5241, d1.loss_traj_cls: 0.0004, d1.loss_traj: 3.2368, d2.loss_traj_cls: 0.0004, d2.loss_traj: 3.2267, d3.loss_traj_cls: 0.0004, d3.loss_traj: 3.2770, d4.loss_traj_cls: 0.0004, d4.loss_traj: 3.3501, d5.loss_traj_cls: 0.0004, d5.loss_traj: 3.3927, d6.loss_traj_cls: 0.0004, d6.loss_traj: 3.4261, d7.loss_traj_cls: 0.0004, d7.loss_traj: 3.4561, d0.loss_map_cls_all: 0.4441, d0.loss_map_pts_all: 1.7028, d0.loss_map_dir_all: 0.0116, d0.loss_map_cls: 0.4441, d0.loss_map_pts: 1.7028, d0.loss_map_dir: 0.0116, d1.loss_map_cls: 0.3812, d1.loss_map_pts: 1.5169, d1.loss_map_dir: 0.0109, d2.loss_map_cls: 0.3691, d2.loss_map_pts: 1.4783, d2.loss_map_dir: 0.0111, d3.loss_map_cls: 0.3709, d3.loss_map_pts: 1.4721, d3.loss_map_dir: 0.0113, d4.loss_map_cls: 0.3731, d4.loss_map_pts: 1.4764, d4.loss_map_dir: 0.0114, d5.loss_map_cls: 0.3788, d5.loss_map_pts: 1.4774, d5.loss_map_dir: 0.0115, d6.loss_map_cls: 0.3833, d6.loss_map_pts: 1.4792, d6.loss_map_dir: 0.0116, d7.loss_map_cls: 0.3849, d7.loss_map_pts: 1.4835, d7.loss_map_dir: 0.0116, loss: 102.7364, grad_norm: 2570.5688
2026-05-25 15:33:27,453 - DriveTransformer - INFO - Iter [4800/12870]	lr: 2.092e-05, eta: 2:21:43, time: 1.031, data_time: 0.063, memory: 21575, loss_cls: 0.6954, loss_bbox: 0.7543, loss_traj: 1.6258, loss_traj_cls: 0.0004, loss_map_cls: 0.1871, loss_map_pts: 1.1070, loss_map_dir: 0.0029, d0.loss_plan_l1_fix_time: 3.6606, d0.loss_plan_l1_fix_dist: 0.5465, d1.loss_plan_l1_fix_time: 3.7438, d1.loss_plan_l1_fix_dist: 0.5385, d2.loss_plan_l1_fix_time: 3.7603, d2.loss_plan_l1_fix_dist: 0.5516, d3.loss_plan_l1_fix_time: 3.7741, d3.loss_plan_l1_fix_dist: 0.5746, d4.loss_plan_l1_fix_time: 3.7911, d4.loss_plan_l1_fix_dist: 0.6012, d5.loss_plan_l1_fix_time: 3.8103, d5.loss_plan_l1_fix_dist: 0.6312, d6.loss_plan_l1_fix_time: 3.8312, d6.loss_plan_l1_fix_dist: 0.6650, d7.loss_plan_l1_fix_time: 3.8546, d7.loss_plan_l1_fix_dist: 0.7023, d8.loss_plan_l1_fix_time: 3.8800, d8.loss_plan_l1_fix_dist: 0.7462, d0.loss_cls_all: 0.7008, d0.loss_bbox_all: 0.8352, d0.loss_cls: 0.7008, d0.loss_bbox: 0.8352, d1.loss_cls: 0.6999, d1.loss_bbox: 0.8080, d2.loss_cls: 0.6988, d2.loss_bbox: 0.7789, d3.loss_cls: 0.6953, d3.loss_bbox: 0.7636, d4.loss_cls: 0.6970, d4.loss_bbox: 0.7602, d5.loss_cls: 0.6953, d5.loss_bbox: 0.7498, d6.loss_cls: 0.6950, d6.loss_bbox: 0.7395, d7.loss_cls: 0.6954, d7.loss_bbox: 0.7434, d0.loss_traj_cls: 0.0003, d0.loss_traj: 2.2057, d1.loss_traj_cls: 0.0003, d1.loss_traj: 1.6563, d2.loss_traj_cls: 0.0003, d2.loss_traj: 1.5462, d3.loss_traj_cls: 0.0003, d3.loss_traj: 1.5204, d4.loss_traj_cls: 0.0003, d4.loss_traj: 1.5307, d5.loss_traj_cls: 0.0003, d5.loss_traj: 1.5391, d6.loss_traj_cls: 0.0003, d6.loss_traj: 1.5629, d7.loss_traj_cls: 0.0004, d7.loss_traj: 1.5956, d0.loss_map_cls_all: 0.2540, d0.loss_map_pts_all: 1.4626, d0.loss_map_dir_all: 0.0033, d0.loss_map_cls: 0.2540, d0.loss_map_pts: 1.4626, d0.loss_map_dir: 0.0033, d1.loss_map_cls: 0.1961, d1.loss_map_pts: 1.1278, d1.loss_map_dir: 0.0031, d2.loss_map_cls: 0.1871, d2.loss_map_pts: 1.0956, d2.loss_map_dir: 0.0029, d3.loss_map_cls: 0.1864, d3.loss_map_pts: 1.0936, d3.loss_map_dir: 0.0029, d4.loss_map_cls: 0.1844, d4.loss_map_pts: 1.0958, d4.loss_map_dir: 0.0029, d5.loss_map_cls: 0.1854, d5.loss_map_pts: 1.0975, d5.loss_map_dir: 0.0029, d6.loss_map_cls: 0.1859, d6.loss_map_pts: 1.0992, d6.loss_map_dir: 0.0029, d7.loss_map_cls: 0.1866, d7.loss_map_pts: 1.1035, d7.loss_map_dir: 0.0029, loss: 82.9731, grad_norm: 742.6677
2026-05-25 15:34:19,709 - DriveTransformer - INFO - Iter [4850/12870]	lr: 2.076e-05, eta: 2:20:50, time: 1.045, data_time: 0.064, memory: 21575, loss_cls: 0.7558, loss_bbox: 0.8142, loss_traj: 1.9918, loss_traj_cls: 0.0005, loss_map_cls: 0.2546, loss_map_pts: 1.2484, loss_map_dir: 0.0051, d0.loss_plan_l1_fix_time: 4.2240, d0.loss_plan_l1_fix_dist: 0.4866, d1.loss_plan_l1_fix_time: 3.9719, d1.loss_plan_l1_fix_dist: 0.5015, d2.loss_plan_l1_fix_time: 3.9559, d2.loss_plan_l1_fix_dist: 0.5287, d3.loss_plan_l1_fix_time: 3.9636, d3.loss_plan_l1_fix_dist: 0.5580, d4.loss_plan_l1_fix_time: 3.9806, d4.loss_plan_l1_fix_dist: 0.5898, d5.loss_plan_l1_fix_time: 4.0022, d5.loss_plan_l1_fix_dist: 0.6246, d6.loss_plan_l1_fix_time: 4.0283, d6.loss_plan_l1_fix_dist: 0.6651, d7.loss_plan_l1_fix_time: 4.0584, d7.loss_plan_l1_fix_dist: 0.7120, d8.loss_plan_l1_fix_time: 4.0910, d8.loss_plan_l1_fix_dist: 0.7674, d0.loss_cls_all: 0.7621, d0.loss_bbox_all: 0.8566, d0.loss_cls: 0.7621, d0.loss_bbox: 0.8566, d1.loss_cls: 0.7639, d1.loss_bbox: 0.8328, d2.loss_cls: 0.7619, d2.loss_bbox: 0.8198, d3.loss_cls: 0.7590, d3.loss_bbox: 0.8201, d4.loss_cls: 0.7546, d4.loss_bbox: 0.8412, d5.loss_cls: 0.7519, d5.loss_bbox: 0.8342, d6.loss_cls: 0.7537, d6.loss_bbox: 0.8195, d7.loss_cls: 0.7545, d7.loss_bbox: 0.8156, d0.loss_traj_cls: 0.0004, d0.loss_traj: 2.0714, d1.loss_traj_cls: 0.0004, d1.loss_traj: 1.9567, d2.loss_traj_cls: 0.0004, d2.loss_traj: 1.9672, d3.loss_traj_cls: 0.0004, d3.loss_traj: 1.9636, d4.loss_traj_cls: 0.0004, d4.loss_traj: 1.9737, d5.loss_traj_cls: 0.0004, d5.loss_traj: 1.9744, d6.loss_traj_cls: 0.0005, d6.loss_traj: 1.9888, d7.loss_traj_cls: 0.0005, d7.loss_traj: 1.9877, d0.loss_map_cls_all: 0.2992, d0.loss_map_pts_all: 1.5570, d0.loss_map_dir_all: 0.0050, d0.loss_map_cls: 0.2992, d0.loss_map_pts: 1.5570, d0.loss_map_dir: 0.0050, d1.loss_map_cls: 0.2588, d1.loss_map_pts: 1.2536, d1.loss_map_dir: 0.0051, d2.loss_map_cls: 0.2541, d2.loss_map_pts: 1.2326, d2.loss_map_dir: 0.0052, d3.loss_map_cls: 0.2503, d3.loss_map_pts: 1.2349, d3.loss_map_dir: 0.0051, d4.loss_map_cls: 0.2479, d4.loss_map_pts: 1.2412, d4.loss_map_dir: 0.0051, d5.loss_map_cls: 0.2487, d5.loss_map_pts: 1.2434, d5.loss_map_dir: 0.0051, d6.loss_map_cls: 0.2518, d6.loss_map_pts: 1.2445, d6.loss_map_dir: 0.0051, d7.loss_map_cls: 0.2535, d7.loss_map_pts: 1.2455, d7.loss_map_dir: 0.0051, loss: 91.2059, grad_norm: 1288.8428
2026-05-25 15:35:12,428 - DriveTransformer - INFO - Iter [4900/12870]	lr: 2.059e-05, eta: 2:19:57, time: 1.054, data_time: 0.062, memory: 21575, loss_cls: 0.7436, loss_bbox: 0.7814, loss_traj: 1.8289, loss_traj_cls: 0.0005, loss_map_cls: 0.4104, loss_map_pts: 1.3218, loss_map_dir: 0.0114, d0.loss_plan_l1_fix_time: 2.4158, d0.loss_plan_l1_fix_dist: 0.3946, d1.loss_plan_l1_fix_time: 2.1508, d1.loss_plan_l1_fix_dist: 0.4067, d2.loss_plan_l1_fix_time: 2.1396, d2.loss_plan_l1_fix_dist: 0.4334, d3.loss_plan_l1_fix_time: 2.1465, d3.loss_plan_l1_fix_dist: 0.4615, d4.loss_plan_l1_fix_time: 2.1565, d4.loss_plan_l1_fix_dist: 0.4937, d5.loss_plan_l1_fix_time: 2.1691, d5.loss_plan_l1_fix_dist: 0.5285, d6.loss_plan_l1_fix_time: 2.1837, d6.loss_plan_l1_fix_dist: 0.5661, d7.loss_plan_l1_fix_time: 2.2011, d7.loss_plan_l1_fix_dist: 0.6105, d8.loss_plan_l1_fix_time: 2.2204, d8.loss_plan_l1_fix_dist: 0.6702, d0.loss_cls_all: 0.7491, d0.loss_bbox_all: 0.8004, d0.loss_cls: 0.7491, d0.loss_bbox: 0.8004, d1.loss_cls: 0.7298, d1.loss_bbox: 0.7975, d2.loss_cls: 0.7347, d2.loss_bbox: 0.7907, d3.loss_cls: 0.7356, d3.loss_bbox: 0.7823, d4.loss_cls: 0.7406, d4.loss_bbox: 0.7892, d5.loss_cls: 0.7443, d5.loss_bbox: 0.7734, d6.loss_cls: 0.7455, d6.loss_bbox: 0.7672, d7.loss_cls: 0.7405, d7.loss_bbox: 0.7753, d0.loss_traj_cls: 0.0004, d0.loss_traj: 2.3135, d1.loss_traj_cls: 0.0004, d1.loss_traj: 1.9241, d2.loss_traj_cls: 0.0004, d2.loss_traj: 1.8387, d3.loss_traj_cls: 0.0004, d3.loss_traj: 1.8135, d4.loss_traj_cls: 0.0004, d4.loss_traj: 1.8356, d5.loss_traj_cls: 0.0005, d5.loss_traj: 1.8399, d6.loss_traj_cls: 0.0005, d6.loss_traj: 1.8519, d7.loss_traj_cls: 0.0005, d7.loss_traj: 1.8366, d0.loss_map_cls_all: 0.4261, d0.loss_map_pts_all: 1.7118, d0.loss_map_dir_all: 0.0105, d0.loss_map_cls: 0.4261, d0.loss_map_pts: 1.7118, d0.loss_map_dir: 0.0105, d1.loss_map_cls: 0.3987, d1.loss_map_pts: 1.3810, d1.loss_map_dir: 0.0112, d2.loss_map_cls: 0.3973, d2.loss_map_pts: 1.3436, d2.loss_map_dir: 0.0113, d3.loss_map_cls: 0.4027, d3.loss_map_pts: 1.3285, d3.loss_map_dir: 0.0113, d4.loss_map_cls: 0.4054, d4.loss_map_pts: 1.3239, d4.loss_map_dir: 0.0113, d5.loss_map_cls: 0.4058, d5.loss_map_pts: 1.3231, d5.loss_map_dir: 0.0113, d6.loss_map_cls: 0.4084, d6.loss_map_pts: 1.3218, d6.loss_map_dir: 0.0113, d7.loss_map_cls: 0.4090, d7.loss_map_pts: 1.3225, d7.loss_map_dir: 0.0113, loss: 74.9968, grad_norm: 2196.9910
2026-05-25 15:36:06,431 - DriveTransformer - INFO - Iter [4950/12870]	lr: 2.042e-05, eta: 2:19:06, time: 1.080, data_time: 0.065, memory: 21575, loss_cls: 0.7521, loss_bbox: 0.8433, loss_traj: 2.0005, loss_traj_cls: 0.0005, loss_map_cls: 0.3268, loss_map_pts: 1.5991, loss_map_dir: 0.0130, d0.loss_plan_l1_fix_time: 3.7135, d0.loss_plan_l1_fix_dist: 0.4788, d1.loss_plan_l1_fix_time: 3.6293, d1.loss_plan_l1_fix_dist: 0.4969, d2.loss_plan_l1_fix_time: 3.6235, d2.loss_plan_l1_fix_dist: 0.5245, d3.loss_plan_l1_fix_time: 3.6307, d3.loss_plan_l1_fix_dist: 0.5574, d4.loss_plan_l1_fix_time: 3.6423, d4.loss_plan_l1_fix_dist: 0.5959, d5.loss_plan_l1_fix_time: 3.6563, d5.loss_plan_l1_fix_dist: 0.6367, d6.loss_plan_l1_fix_time: 3.6713, d6.loss_plan_l1_fix_dist: 0.6785, d7.loss_plan_l1_fix_time: 3.6891, d7.loss_plan_l1_fix_dist: 0.7213, d8.loss_plan_l1_fix_time: 3.7082, d8.loss_plan_l1_fix_dist: 0.7672, d0.loss_cls_all: 0.7761, d0.loss_bbox_all: 0.8857, d0.loss_cls: 0.7761, d0.loss_bbox: 0.8857, d1.loss_cls: 0.7595, d1.loss_bbox: 0.8620, d2.loss_cls: 0.7535, d2.loss_bbox: 0.8544, d3.loss_cls: 0.7478, d3.loss_bbox: 0.8464, d4.loss_cls: 0.7452, d4.loss_bbox: 0.8427, d5.loss_cls: 0.7508, d5.loss_bbox: 0.8385, d6.loss_cls: 0.7483, d6.loss_bbox: 0.8358, d7.loss_cls: 0.7511, d7.loss_bbox: 0.8366, d0.loss_traj_cls: 0.0004, d0.loss_traj: 1.8976, d1.loss_traj_cls: 0.0004, d1.loss_traj: 1.8788, d2.loss_traj_cls: 0.0004, d2.loss_traj: 1.9068, d3.loss_traj_cls: 0.0004, d3.loss_traj: 1.9534, d4.loss_traj_cls: 0.0004, d4.loss_traj: 1.9595, d5.loss_traj_cls: 0.0004, d5.loss_traj: 1.9883, d6.loss_traj_cls: 0.0005, d6.loss_traj: 1.9987, d7.loss_traj_cls: 0.0005, d7.loss_traj: 2.0034, d0.loss_map_cls_all: 0.3627, d0.loss_map_pts_all: 1.8670, d0.loss_map_dir_all: 0.0125, d0.loss_map_cls: 0.3627, d0.loss_map_pts: 1.8670, d0.loss_map_dir: 0.0125, d1.loss_map_cls: 0.3184, d1.loss_map_pts: 1.6799, d1.loss_map_dir: 0.0127, d2.loss_map_cls: 0.3250, d2.loss_map_pts: 1.6268, d2.loss_map_dir: 0.0129, d3.loss_map_cls: 0.3273, d3.loss_map_pts: 1.6099, d3.loss_map_dir: 0.0130, d4.loss_map_cls: 0.3251, d4.loss_map_pts: 1.6046, d4.loss_map_dir: 0.0129, d5.loss_map_cls: 0.3254, d5.loss_map_pts: 1.6013, d5.loss_map_dir: 0.0130, d6.loss_map_cls: 0.3267, d6.loss_map_pts: 1.5979, d6.loss_map_dir: 0.0130, d7.loss_map_cls: 0.3275, d7.loss_map_pts: 1.5969, d7.loss_map_dir: 0.0130, loss: 92.2107, grad_norm: 2158.1501
2026-05-25 15:37:04,037 - DriveTransformer - INFO - Exp name: drivetransformer_large_single_gpu_24g_30epoch.py
2026-05-25 15:37:04,037 - DriveTransformer - INFO - Iter [5000/12870]	lr: 2.025e-05, eta: 2:18:21, time: 1.152, data_time: 0.064, memory: 21575, loss_cls: 0.7882, loss_bbox: 0.8438, loss_traj: 1.8194, loss_traj_cls: 0.0005, loss_map_cls: 0.4646, loss_map_pts: 2.3123, loss_map_dir: 0.0402, d0.loss_plan_l1_fix_time: 3.1953, d0.loss_plan_l1_fix_dist: 0.4505, d1.loss_plan_l1_fix_time: 3.0617, d1.loss_plan_l1_fix_dist: 0.4796, d2.loss_plan_l1_fix_time: 3.0677, d2.loss_plan_l1_fix_dist: 0.5101, d3.loss_plan_l1_fix_time: 3.0740, d3.loss_plan_l1_fix_dist: 0.5463, d4.loss_plan_l1_fix_time: 3.0833, d4.loss_plan_l1_fix_dist: 0.5848, d5.loss_plan_l1_fix_time: 3.0947, d5.loss_plan_l1_fix_dist: 0.6275, d6.loss_plan_l1_fix_time: 3.1074, d6.loss_plan_l1_fix_dist: 0.6762, d7.loss_plan_l1_fix_time: 3.1217, d7.loss_plan_l1_fix_dist: 0.7305, d8.loss_plan_l1_fix_time: 3.1373, d8.loss_plan_l1_fix_dist: 0.7893, d0.loss_cls_all: 0.8018, d0.loss_bbox_all: 0.8606, d0.loss_cls: 0.8018, d0.loss_bbox: 0.8606, d1.loss_cls: 0.7833, d1.loss_bbox: 0.8482, d2.loss_cls: 0.7821, d2.loss_bbox: 0.8466, d3.loss_cls: 0.7819, d3.loss_bbox: 0.8450, d4.loss_cls: 0.7821, d4.loss_bbox: 0.8432, d5.loss_cls: 0.7832, d5.loss_bbox: 0.8410, d6.loss_cls: 0.7846, d6.loss_bbox: 0.8402, d7.loss_cls: 0.7850, d7.loss_bbox: 0.8430, d0.loss_traj_cls: 0.0004, d0.loss_traj: 1.7273, d1.loss_traj_cls: 0.0004, d1.loss_traj: 1.8297, d2.loss_traj_cls: 0.0004, d2.loss_traj: 1.8450, d3.loss_traj_cls: 0.0004, d3.loss_traj: 1.8442, d4.loss_traj_cls: 0.0004, d4.loss_traj: 1.8393, d5.loss_traj_cls: 0.0004, d5.loss_traj: 1.8232, d6.loss_traj_cls: 0.0005, d6.loss_traj: 1.8327, d7.loss_traj_cls: 0.0005, d7.loss_traj: 1.8293, d0.loss_map_cls_all: 0.4743, d0.loss_map_pts_all: 2.8531, d0.loss_map_dir_all: 0.0400, d0.loss_map_cls: 0.4743, d0.loss_map_pts: 2.8531, d0.loss_map_dir: 0.0400, d1.loss_map_cls: 0.4394, d1.loss_map_pts: 2.4136, d1.loss_map_dir: 0.0403, d2.loss_map_cls: 0.4506, d2.loss_map_pts: 2.3345, d2.loss_map_dir: 0.0403, d3.loss_map_cls: 0.4551, d3.loss_map_pts: 2.3170, d3.loss_map_dir: 0.0403, d4.loss_map_cls: 0.4583, d4.loss_map_pts: 2.3104, d4.loss_map_dir: 0.0403, d5.loss_map_cls: 0.4590, d5.loss_map_pts: 2.3093, d5.loss_map_dir: 0.0402, d6.loss_map_cls: 0.4611, d6.loss_map_pts: 2.3100, d6.loss_map_dir: 0.0402, d7.loss_map_cls: 0.4621, d7.loss_map_pts: 2.3125, d7.loss_map_dir: 0.0403, loss: 95.4046, grad_norm: 4413.8378
2026-05-25 15:38:02,022 - DriveTransformer - INFO - Iter [5050/12870]	lr: 2.008e-05, eta: 2:17:37, time: 1.160, data_time: 0.068, memory: 21575, loss_cls: 0.8940, loss_bbox: 0.8186, loss_traj: 1.8149, loss_traj_cls: 0.0005, loss_map_cls: 0.4182, loss_map_pts: 2.5319, loss_map_dir: 0.0387, d0.loss_plan_l1_fix_time: 2.4540, d0.loss_plan_l1_fix_dist: 0.2211, d1.loss_plan_l1_fix_time: 2.4146, d1.loss_plan_l1_fix_dist: 0.2515, d2.loss_plan_l1_fix_time: 2.4179, d2.loss_plan_l1_fix_dist: 0.2835, d3.loss_plan_l1_fix_time: 2.4317, d3.loss_plan_l1_fix_dist: 0.3181, d4.loss_plan_l1_fix_time: 2.4500, d4.loss_plan_l1_fix_dist: 0.3574, d5.loss_plan_l1_fix_time: 2.4691, d5.loss_plan_l1_fix_dist: 0.3976, d6.loss_plan_l1_fix_time: 2.4893, d6.loss_plan_l1_fix_dist: 0.4392, d7.loss_plan_l1_fix_time: 2.5099, d7.loss_plan_l1_fix_dist: 0.4829, d8.loss_plan_l1_fix_time: 2.5318, d8.loss_plan_l1_fix_dist: 0.5287, d0.loss_cls_all: 0.9016, d0.loss_bbox_all: 0.8640, d0.loss_cls: 0.9016, d0.loss_bbox: 0.8640, d1.loss_cls: 0.8785, d1.loss_bbox: 0.8427, d2.loss_cls: 0.8827, d2.loss_bbox: 0.8313, d3.loss_cls: 0.8858, d3.loss_bbox: 0.8207, d4.loss_cls: 0.8880, d4.loss_bbox: 0.8175, d5.loss_cls: 0.8863, d5.loss_bbox: 0.8195, d6.loss_cls: 0.8881, d6.loss_bbox: 0.8194, d7.loss_cls: 0.8893, d7.loss_bbox: 0.8197, d0.loss_traj_cls: 0.0004, d0.loss_traj: 1.7128, d1.loss_traj_cls: 0.0004, d1.loss_traj: 1.7236, d2.loss_traj_cls: 0.0004, d2.loss_traj: 1.7474, d3.loss_traj_cls: 0.0004, d3.loss_traj: 1.7527, d4.loss_traj_cls: 0.0004, d4.loss_traj: 1.7619, d5.loss_traj_cls: 0.0004, d5.loss_traj: 1.7763, d6.loss_traj_cls: 0.0004, d6.loss_traj: 1.7859, d7.loss_traj_cls: 0.0004, d7.loss_traj: 1.7999, d0.loss_map_cls_all: 0.4210, d0.loss_map_pts_all: 2.8744, d0.loss_map_dir_all: 0.0388, d0.loss_map_cls: 0.4210, d0.loss_map_pts: 2.8744, d0.loss_map_dir: 0.0388, d1.loss_map_cls: 0.4205, d1.loss_map_pts: 2.6072, d1.loss_map_dir: 0.0387, d2.loss_map_cls: 0.4149, d2.loss_map_pts: 2.5385, d2.loss_map_dir: 0.0387, d3.loss_map_cls: 0.4149, d3.loss_map_pts: 2.5268, d3.loss_map_dir: 0.0387, d4.loss_map_cls: 0.4166, d4.loss_map_pts: 2.5246, d4.loss_map_dir: 0.0388, d5.loss_map_cls: 0.4162, d5.loss_map_pts: 2.5249, d5.loss_map_dir: 0.0388, d6.loss_map_cls: 0.4170, d6.loss_map_pts: 2.5262, d6.loss_map_dir: 0.0388, d7.loss_map_cls: 0.4180, d7.loss_map_pts: 2.5285, d7.loss_map_dir: 0.0388, loss: 89.1631, grad_norm: 5565.3539
2026-05-25 15:38:57,555 - DriveTransformer - INFO - Iter [5100/12870]	lr: 1.991e-05, eta: 2:16:48, time: 1.111, data_time: 0.069, memory: 21575, loss_cls: 0.7573, loss_bbox: 0.7863, loss_traj: 1.8818, loss_traj_cls: 0.0004, loss_map_cls: 0.3485, loss_map_pts: 1.4531, loss_map_dir: 0.0305, d0.loss_plan_l1_fix_time: 3.5147, d0.loss_plan_l1_fix_dist: 0.2306, d1.loss_plan_l1_fix_time: 3.5598, d1.loss_plan_l1_fix_dist: 0.2458, d2.loss_plan_l1_fix_time: 3.5824, d2.loss_plan_l1_fix_dist: 0.2600, d3.loss_plan_l1_fix_time: 3.5992, d3.loss_plan_l1_fix_dist: 0.2796, d4.loss_plan_l1_fix_time: 3.6146, d4.loss_plan_l1_fix_dist: 0.3035, d5.loss_plan_l1_fix_time: 3.6283, d5.loss_plan_l1_fix_dist: 0.3299, d6.loss_plan_l1_fix_time: 3.6418, d6.loss_plan_l1_fix_dist: 0.3594, d7.loss_plan_l1_fix_time: 3.6549, d7.loss_plan_l1_fix_dist: 0.3934, d8.loss_plan_l1_fix_time: 3.6688, d8.loss_plan_l1_fix_dist: 0.4334, d0.loss_cls_all: 0.7504, d0.loss_bbox_all: 0.8407, d0.loss_cls: 0.7504, d0.loss_bbox: 0.8407, d1.loss_cls: 0.7410, d1.loss_bbox: 0.7945, d2.loss_cls: 0.7435, d2.loss_bbox: 0.7792, d3.loss_cls: 0.7465, d3.loss_bbox: 0.7752, d4.loss_cls: 0.7464, d4.loss_bbox: 0.7789, d5.loss_cls: 0.7474, d5.loss_bbox: 0.7761, d6.loss_cls: 0.7498, d6.loss_bbox: 0.7761, d7.loss_cls: 0.7531, d7.loss_bbox: 0.7806, d0.loss_traj_cls: 0.0004, d0.loss_traj: 2.1817, d1.loss_traj_cls: 0.0004, d1.loss_traj: 1.9251, d2.loss_traj_cls: 0.0004, d2.loss_traj: 1.9029, d3.loss_traj_cls: 0.0004, d3.loss_traj: 1.8940, d4.loss_traj_cls: 0.0004, d4.loss_traj: 1.8851, d5.loss_traj_cls: 0.0004, d5.loss_traj: 1.8636, d6.loss_traj_cls: 0.0004, d6.loss_traj: 1.8677, d7.loss_traj_cls: 0.0004, d7.loss_traj: 1.8743, d0.loss_map_cls_all: 0.3501, d0.loss_map_pts_all: 2.1932, d0.loss_map_dir_all: 0.0303, d0.loss_map_cls: 0.3501, d0.loss_map_pts: 2.1932, d0.loss_map_dir: 0.0303, d1.loss_map_cls: 0.3225, d1.loss_map_pts: 1.5085, d1.loss_map_dir: 0.0303, d2.loss_map_cls: 0.3269, d2.loss_map_pts: 1.4335, d2.loss_map_dir: 0.0305, d3.loss_map_cls: 0.3350, d3.loss_map_pts: 1.4297, d3.loss_map_dir: 0.0305, d4.loss_map_cls: 0.3396, d4.loss_map_pts: 1.4331, d4.loss_map_dir: 0.0305, d5.loss_map_cls: 0.3421, d5.loss_map_pts: 1.4387, d5.loss_map_dir: 0.0305, d6.loss_map_cls: 0.3447, d6.loss_map_pts: 1.4441, d6.loss_map_dir: 0.0305, d7.loss_map_cls: 0.3478, d7.loss_map_pts: 1.4477, d7.loss_map_dir: 0.0306, loss: 87.6803, grad_norm: 3661.1486
2026-05-25 15:39:51,001 - DriveTransformer - INFO - Saving checkpoint at 5148 iterations
2026-05-25 15:40:00,430 - DriveTransformer - INFO - Iter [5150/12870]	lr: 1.974e-05, eta: 2:16:10, time: 1.257, data_time: 0.066, memory: 21575, loss_cls: 0.8164, loss_bbox: 0.8738, loss_traj: 2.0111, loss_traj_cls: 0.0005, loss_map_cls: 0.3176, loss_map_pts: 1.5013, loss_map_dir: 0.0182, d0.loss_plan_l1_fix_time: 3.2063, d0.loss_plan_l1_fix_dist: 0.5098, d1.loss_plan_l1_fix_time: 3.1917, d1.loss_plan_l1_fix_dist: 0.5121, d2.loss_plan_l1_fix_time: 3.1964, d2.loss_plan_l1_fix_dist: 0.5338, d3.loss_plan_l1_fix_time: 3.2047, d3.loss_plan_l1_fix_dist: 0.5682, d4.loss_plan_l1_fix_time: 3.2155, d4.loss_plan_l1_fix_dist: 0.6132, d5.loss_plan_l1_fix_time: 3.2275, d5.loss_plan_l1_fix_dist: 0.6668, d6.loss_plan_l1_fix_time: 3.2402, d6.loss_plan_l1_fix_dist: 0.7235, d7.loss_plan_l1_fix_time: 3.2534, d7.loss_plan_l1_fix_dist: 0.7850, d8.loss_plan_l1_fix_time: 3.2677, d8.loss_plan_l1_fix_dist: 0.8479, d0.loss_cls_all: 0.8157, d0.loss_bbox_all: 0.8716, d0.loss_cls: 0.8157, d0.loss_bbox: 0.8716, d1.loss_cls: 0.8021, d1.loss_bbox: 0.8767, d2.loss_cls: 0.8066, d2.loss_bbox: 0.8777, d3.loss_cls: 0.8058, d3.loss_bbox: 0.8729, d4.loss_cls: 0.8058, d4.loss_bbox: 0.8720, d5.loss_cls: 0.8075, d5.loss_bbox: 0.8701, d6.loss_cls: 0.8100, d6.loss_bbox: 0.8710, d7.loss_cls: 0.8115, d7.loss_bbox: 0.8728, d0.loss_traj_cls: 0.0005, d0.loss_traj: 2.1939, d1.loss_traj_cls: 0.0005, d1.loss_traj: 2.0206, d2.loss_traj_cls: 0.0005, d2.loss_traj: 2.0151, d3.loss_traj_cls: 0.0005, d3.loss_traj: 2.0146, d4.loss_traj_cls: 0.0005, d4.loss_traj: 2.0159, d5.loss_traj_cls: 0.0005, d5.loss_traj: 2.0129, d6.loss_traj_cls: 0.0005, d6.loss_traj: 2.0184, d7.loss_traj_cls: 0.0005, d7.loss_traj: 2.0179, d0.loss_map_cls_all: 0.3430, d0.loss_map_pts_all: 2.1965, d0.loss_map_dir_all: 0.0182, d0.loss_map_cls: 0.3430, d0.loss_map_pts: 2.1965, d0.loss_map_dir: 0.0182, d1.loss_map_cls: 0.3193, d1.loss_map_pts: 1.6782, d1.loss_map_dir: 0.0178, d2.loss_map_cls: 0.3080, d2.loss_map_pts: 1.4918, d2.loss_map_dir: 0.0181, d3.loss_map_cls: 0.3069, d3.loss_map_pts: 1.4802, d3.loss_map_dir: 0.0181, d4.loss_map_cls: 0.3098, d4.loss_map_pts: 1.4811, d4.loss_map_dir: 0.0182, d5.loss_map_cls: 0.3116, d5.loss_map_pts: 1.4861, d5.loss_map_dir: 0.0182, d6.loss_map_cls: 0.3140, d6.loss_map_pts: 1.4906, d6.loss_map_dir: 0.0182, d7.loss_map_cls: 0.3155, d7.loss_map_pts: 1.4959, d7.loss_map_dir: 0.0182, loss: 89.7838, grad_norm: 8287.1112
2026-05-25 15:40:53,211 - DriveTransformer - INFO - Iter [5200/12870]	lr: 1.956e-05, eta: 2:15:17, time: 1.056, data_time: 0.065, memory: 21575, loss_cls: 0.7186, loss_bbox: 0.7307, loss_traj: 1.2930, loss_traj_cls: 0.0005, loss_map_cls: 0.2366, loss_map_pts: 0.9250, loss_map_dir: 0.0046, d0.loss_plan_l1_fix_time: 2.6844, d0.loss_plan_l1_fix_dist: 0.3602, d1.loss_plan_l1_fix_time: 2.2167, d1.loss_plan_l1_fix_dist: 0.3672, d2.loss_plan_l1_fix_time: 2.1630, d2.loss_plan_l1_fix_dist: 0.3858, d3.loss_plan_l1_fix_time: 2.1529, d3.loss_plan_l1_fix_dist: 0.4107, d4.loss_plan_l1_fix_time: 2.1549, d4.loss_plan_l1_fix_dist: 0.4372, d5.loss_plan_l1_fix_time: 2.1631, d5.loss_plan_l1_fix_dist: 0.4666, d6.loss_plan_l1_fix_time: 2.1738, d6.loss_plan_l1_fix_dist: 0.4965, d7.loss_plan_l1_fix_time: 2.1857, d7.loss_plan_l1_fix_dist: 0.5307, d8.loss_plan_l1_fix_time: 2.1992, d8.loss_plan_l1_fix_dist: 0.5704, d0.loss_cls_all: 0.7396, d0.loss_bbox_all: 0.7637, d0.loss_cls: 0.7396, d0.loss_bbox: 0.7637, d1.loss_cls: 0.7200, d1.loss_bbox: 0.7412, d2.loss_cls: 0.7197, d2.loss_bbox: 0.7337, d3.loss_cls: 0.7185, d3.loss_bbox: 0.7215, d4.loss_cls: 0.7203, d4.loss_bbox: 0.7224, d5.loss_cls: 0.7162, d5.loss_bbox: 0.7218, d6.loss_cls: 0.7139, d6.loss_bbox: 0.7208, d7.loss_cls: 0.7156, d7.loss_bbox: 0.7245, d0.loss_traj_cls: 0.0004, d0.loss_traj: 1.2197, d1.loss_traj_cls: 0.0004, d1.loss_traj: 1.2070, d2.loss_traj_cls: 0.0004, d2.loss_traj: 1.2044, d3.loss_traj_cls: 0.0004, d3.loss_traj: 1.2415, d4.loss_traj_cls: 0.0004, d4.loss_traj: 1.2643, d5.loss_traj_cls: 0.0004, d5.loss_traj: 1.2751, d6.loss_traj_cls: 0.0004, d6.loss_traj: 1.2837, d7.loss_traj_cls: 0.0004, d7.loss_traj: 1.2838, d0.loss_map_cls_all: 0.2443, d0.loss_map_pts_all: 1.4177, d0.loss_map_dir_all: 0.0045, d0.loss_map_cls: 0.2443, d0.loss_map_pts: 1.4177, d0.loss_map_dir: 0.0045, d1.loss_map_cls: 0.2178, d1.loss_map_pts: 0.9723, d1.loss_map_dir: 0.0046, d2.loss_map_cls: 0.2184, d2.loss_map_pts: 0.9423, d2.loss_map_dir: 0.0046, d3.loss_map_cls: 0.2268, d3.loss_map_pts: 0.9176, d3.loss_map_dir: 0.0045, d4.loss_map_cls: 0.2292, d4.loss_map_pts: 0.9137, d4.loss_map_dir: 0.0045, d5.loss_map_cls: 0.2312, d5.loss_map_pts: 0.9155, d5.loss_map_dir: 0.0045, d6.loss_map_cls: 0.2338, d6.loss_map_pts: 0.9178, d6.loss_map_dir: 0.0045, d7.loss_map_cls: 0.2351, d7.loss_map_pts: 0.9212, d7.loss_map_dir: 0.0046, loss: 62.5856, grad_norm: 3100.9934
2026-05-25 15:41:45,388 - DriveTransformer - INFO - Iter [5250/12870]	lr: 1.939e-05, eta: 2:14:23, time: 1.044, data_time: 0.066, memory: 21575, loss_cls: 0.7079, loss_bbox: 0.7763, loss_traj: 1.5464, loss_traj_cls: 0.0004, loss_map_cls: 0.1947, loss_map_pts: 0.9432, loss_map_dir: 0.0036, d0.loss_plan_l1_fix_time: 2.0685, d0.loss_plan_l1_fix_dist: 0.4221, d1.loss_plan_l1_fix_time: 1.4162, d1.loss_plan_l1_fix_dist: 0.3781, d2.loss_plan_l1_fix_time: 1.3922, d2.loss_plan_l1_fix_dist: 0.3808, d3.loss_plan_l1_fix_time: 1.4000, d3.loss_plan_l1_fix_dist: 0.3936, d4.loss_plan_l1_fix_time: 1.4123, d4.loss_plan_l1_fix_dist: 0.4106, d5.loss_plan_l1_fix_time: 1.4264, d5.loss_plan_l1_fix_dist: 0.4337, d6.loss_plan_l1_fix_time: 1.4416, d6.loss_plan_l1_fix_dist: 0.4609, d7.loss_plan_l1_fix_time: 1.4574, d7.loss_plan_l1_fix_dist: 0.4941, d8.loss_plan_l1_fix_time: 1.4751, d8.loss_plan_l1_fix_dist: 0.5386, d0.loss_cls_all: 0.7071, d0.loss_bbox_all: 0.7681, d0.loss_cls: 0.7071, d0.loss_bbox: 0.7681, d1.loss_cls: 0.6992, d1.loss_bbox: 0.7563, d2.loss_cls: 0.7021, d2.loss_bbox: 0.7572, d3.loss_cls: 0.7006, d3.loss_bbox: 0.7546, d4.loss_cls: 0.7028, d4.loss_bbox: 0.7575, d5.loss_cls: 0.7024, d5.loss_bbox: 0.7616, d6.loss_cls: 0.7023, d6.loss_bbox: 0.7655, d7.loss_cls: 0.7053, d7.loss_bbox: 0.7736, d0.loss_traj_cls: 0.0003, d0.loss_traj: 1.4615, d1.loss_traj_cls: 0.0003, d1.loss_traj: 1.3799, d2.loss_traj_cls: 0.0003, d2.loss_traj: 1.3844, d3.loss_traj_cls: 0.0003, d3.loss_traj: 1.4184, d4.loss_traj_cls: 0.0003, d4.loss_traj: 1.4732, d5.loss_traj_cls: 0.0004, d5.loss_traj: 1.4996, d6.loss_traj_cls: 0.0004, d6.loss_traj: 1.5179, d7.loss_traj_cls: 0.0004, d7.loss_traj: 1.5265, d0.loss_map_cls_all: 0.2531, d0.loss_map_pts_all: 1.3702, d0.loss_map_dir_all: 0.0036, d0.loss_map_cls: 0.2531, d0.loss_map_pts: 1.3702, d0.loss_map_dir: 0.0036, d1.loss_map_cls: 0.1833, d1.loss_map_pts: 0.9754, d1.loss_map_dir: 0.0036, d2.loss_map_cls: 0.1862, d2.loss_map_pts: 0.9471, d2.loss_map_dir: 0.0036, d3.loss_map_cls: 0.1895, d3.loss_map_pts: 0.9411, d3.loss_map_dir: 0.0036, d4.loss_map_cls: 0.1911, d4.loss_map_pts: 0.9391, d4.loss_map_dir: 0.0036, d5.loss_map_cls: 0.1927, d5.loss_map_pts: 0.9382, d5.loss_map_dir: 0.0036, d6.loss_map_cls: 0.1933, d6.loss_map_pts: 0.9385, d6.loss_map_dir: 0.0037, d7.loss_map_cls: 0.1936, d7.loss_map_pts: 0.9407, d7.loss_map_dir: 0.0037, loss: 57.6593, grad_norm: 2896.9346
2026-05-25 15:42:37,502 - DriveTransformer - INFO - Iter [5300/12870]	lr: 1.922e-05, eta: 2:13:29, time: 1.042, data_time: 0.060, memory: 21575, loss_cls: 0.5936, loss_bbox: 0.7485, loss_traj: 1.2491, loss_traj_cls: 0.0003, loss_map_cls: 0.2901, loss_map_pts: 1.7190, loss_map_dir: 0.0150, d0.loss_plan_l1_fix_time: 2.9649, d0.loss_plan_l1_fix_dist: 0.3783, d1.loss_plan_l1_fix_time: 3.0175, d1.loss_plan_l1_fix_dist: 0.3656, d2.loss_plan_l1_fix_time: 3.0421, d2.loss_plan_l1_fix_dist: 0.3676, d3.loss_plan_l1_fix_time: 3.0656, d3.loss_plan_l1_fix_dist: 0.3803, d4.loss_plan_l1_fix_time: 3.0865, d4.loss_plan_l1_fix_dist: 0.4000, d5.loss_plan_l1_fix_time: 3.1064, d5.loss_plan_l1_fix_dist: 0.4233, d6.loss_plan_l1_fix_time: 3.1266, d6.loss_plan_l1_fix_dist: 0.4514, d7.loss_plan_l1_fix_time: 3.1473, d7.loss_plan_l1_fix_dist: 0.4858, d8.loss_plan_l1_fix_time: 3.1702, d8.loss_plan_l1_fix_dist: 0.5274, d0.loss_cls_all: 0.5675, d0.loss_bbox_all: 0.8003, d0.loss_cls: 0.5675, d0.loss_bbox: 0.8003, d1.loss_cls: 0.5625, d1.loss_bbox: 0.7866, d2.loss_cls: 0.5704, d2.loss_bbox: 0.7558, d3.loss_cls: 0.5676, d3.loss_bbox: 0.7505, d4.loss_cls: 0.5718, d4.loss_bbox: 0.7475, d5.loss_cls: 0.5767, d5.loss_bbox: 0.7448, d6.loss_cls: 0.5821, d6.loss_bbox: 0.7458, d7.loss_cls: 0.5835, d7.loss_bbox: 0.7474, d0.loss_traj_cls: 0.0002, d0.loss_traj: 1.4464, d1.loss_traj_cls: 0.0002, d1.loss_traj: 1.2886, d2.loss_traj_cls: 0.0002, d2.loss_traj: 1.2589, d3.loss_traj_cls: 0.0002, d3.loss_traj: 1.2638, d4.loss_traj_cls: 0.0002, d4.loss_traj: 1.2496, d5.loss_traj_cls: 0.0003, d5.loss_traj: 1.2345, d6.loss_traj_cls: 0.0003, d6.loss_traj: 1.2316, d7.loss_traj_cls: 0.0003, d7.loss_traj: 1.2322, d0.loss_map_cls_all: 0.3746, d0.loss_map_pts_all: 2.0254, d0.loss_map_dir_all: 0.0146, d0.loss_map_cls: 0.3746, d0.loss_map_pts: 2.0254, d0.loss_map_dir: 0.0146, d1.loss_map_cls: 0.2887, d1.loss_map_pts: 1.7730, d1.loss_map_dir: 0.0148, d2.loss_map_cls: 0.2847, d2.loss_map_pts: 1.7258, d2.loss_map_dir: 0.0149, d3.loss_map_cls: 0.2868, d3.loss_map_pts: 1.7157, d3.loss_map_dir: 0.0149, d4.loss_map_cls: 0.2826, d4.loss_map_pts: 1.7158, d4.loss_map_dir: 0.0149, d5.loss_map_cls: 0.2832, d5.loss_map_pts: 1.7165, d5.loss_map_dir: 0.0148, d6.loss_map_cls: 0.2847, d6.loss_map_pts: 1.7186, d6.loss_map_dir: 0.0148, d7.loss_map_cls: 0.2874, d7.loss_map_pts: 1.7193, d7.loss_map_dir: 0.0149, loss: 77.3745, grad_norm: 4370.0776
2026-05-25 15:43:28,840 - DriveTransformer - INFO - Iter [5350/12870]	lr: 1.904e-05, eta: 2:12:34, time: 1.027, data_time: 0.070, memory: 21575, loss_cls: 0.5777, loss_bbox: 0.7046, loss_traj: 1.6571, loss_traj_cls: 0.0002, loss_map_cls: 0.0835, loss_map_pts: 0.8211, loss_map_dir: 0.0011, d0.loss_plan_l1_fix_time: 2.9435, d0.loss_plan_l1_fix_dist: 0.3178, d1.loss_plan_l1_fix_time: 2.8776, d1.loss_plan_l1_fix_dist: 0.3262, d2.loss_plan_l1_fix_time: 2.8880, d2.loss_plan_l1_fix_dist: 0.3389, d3.loss_plan_l1_fix_time: 2.8992, d3.loss_plan_l1_fix_dist: 0.3524, d4.loss_plan_l1_fix_time: 2.9115, d4.loss_plan_l1_fix_dist: 0.3688, d5.loss_plan_l1_fix_time: 2.9267, d5.loss_plan_l1_fix_dist: 0.3877, d6.loss_plan_l1_fix_time: 2.9429, d6.loss_plan_l1_fix_dist: 0.4090, d7.loss_plan_l1_fix_time: 2.9615, d7.loss_plan_l1_fix_dist: 0.4338, d8.loss_plan_l1_fix_time: 2.9808, d8.loss_plan_l1_fix_dist: 0.4660, d0.loss_cls_all: 0.5620, d0.loss_bbox_all: 0.7788, d0.loss_cls: 0.5620, d0.loss_bbox: 0.7788, d1.loss_cls: 0.5689, d1.loss_bbox: 0.7460, d2.loss_cls: 0.5728, d2.loss_bbox: 0.7190, d3.loss_cls: 0.5735, d3.loss_bbox: 0.7093, d4.loss_cls: 0.5758, d4.loss_bbox: 0.7064, d5.loss_cls: 0.5773, d5.loss_bbox: 0.6977, d6.loss_cls: 0.5782, d6.loss_bbox: 0.6973, d7.loss_cls: 0.5773, d7.loss_bbox: 0.7004, d0.loss_traj_cls: 0.0002, d0.loss_traj: 1.7998, d1.loss_traj_cls: 0.0002, d1.loss_traj: 1.6940, d2.loss_traj_cls: 0.0002, d2.loss_traj: 1.6944, d3.loss_traj_cls: 0.0002, d3.loss_traj: 1.6770, d4.loss_traj_cls: 0.0002, d4.loss_traj: 1.6529, d5.loss_traj_cls: 0.0002, d5.loss_traj: 1.6452, d6.loss_traj_cls: 0.0002, d6.loss_traj: 1.6629, d7.loss_traj_cls: 0.0002, d7.loss_traj: 1.6639, d0.loss_map_cls_all: 0.1349, d0.loss_map_pts_all: 1.2075, d0.loss_map_dir_all: 0.0012, d0.loss_map_cls: 0.1349, d0.loss_map_pts: 1.2075, d0.loss_map_dir: 0.0012, d1.loss_map_cls: 0.0804, d1.loss_map_pts: 0.8323, d1.loss_map_dir: 0.0011, d2.loss_map_cls: 0.0692, d2.loss_map_pts: 0.8102, d2.loss_map_dir: 0.0011, d3.loss_map_cls: 0.0708, d3.loss_map_pts: 0.8068, d3.loss_map_dir: 0.0011, d4.loss_map_cls: 0.0734, d4.loss_map_pts: 0.8063, d4.loss_map_dir: 0.0011, d5.loss_map_cls: 0.0767, d5.loss_map_pts: 0.8078, d5.loss_map_dir: 0.0011, d6.loss_map_cls: 0.0809, d6.loss_map_pts: 0.8099, d6.loss_map_dir: 0.0011, d7.loss_map_cls: 0.0816, d7.loss_map_pts: 0.8156, d7.loss_map_dir: 0.0011, loss: 67.6680, grad_norm: 322.4860
2026-05-25 15:44:17,792 - DriveTransformer - INFO - Iter [5400/12870]	lr: 1.887e-05, eta: 2:11:36, time: 0.979, data_time: 0.059, memory: 21575, loss_cls: 0.7374, loss_bbox: 0.7908, loss_traj: 2.1613, loss_traj_cls: 0.0003, loss_map_cls: 0.1542, loss_map_pts: 1.2779, loss_map_dir: 0.0043, d0.loss_plan_l1_fix_time: 2.2940, d0.loss_plan_l1_fix_dist: 0.3842, d1.loss_plan_l1_fix_time: 2.3600, d1.loss_plan_l1_fix_dist: 0.3828, d2.loss_plan_l1_fix_time: 2.3821, d2.loss_plan_l1_fix_dist: 0.3931, d3.loss_plan_l1_fix_time: 2.3994, d3.loss_plan_l1_fix_dist: 0.4065, d4.loss_plan_l1_fix_time: 2.4186, d4.loss_plan_l1_fix_dist: 0.4234, d5.loss_plan_l1_fix_time: 2.4397, d5.loss_plan_l1_fix_dist: 0.4420, d6.loss_plan_l1_fix_time: 2.4609, d6.loss_plan_l1_fix_dist: 0.4644, d7.loss_plan_l1_fix_time: 2.4825, d7.loss_plan_l1_fix_dist: 0.4895, d8.loss_plan_l1_fix_time: 2.5068, d8.loss_plan_l1_fix_dist: 0.5178, d0.loss_cls_all: 0.7281, d0.loss_bbox_all: 0.8251, d0.loss_cls: 0.7281, d0.loss_bbox: 0.8251, d1.loss_cls: 0.7218, d1.loss_bbox: 0.7924, d2.loss_cls: 0.7269, d2.loss_bbox: 0.7731, d3.loss_cls: 0.7300, d3.loss_bbox: 0.7762, d4.loss_cls: 0.7328, d4.loss_bbox: 0.7772, d5.loss_cls: 0.7306, d5.loss_bbox: 0.7791, d6.loss_cls: 0.7332, d6.loss_bbox: 0.7933, d7.loss_cls: 0.7346, d7.loss_bbox: 0.7910, d0.loss_traj_cls: 0.0003, d0.loss_traj: 2.2879, d1.loss_traj_cls: 0.0003, d1.loss_traj: 2.1409, d2.loss_traj_cls: 0.0003, d2.loss_traj: 2.1183, d3.loss_traj_cls: 0.0003, d3.loss_traj: 2.1101, d4.loss_traj_cls: 0.0003, d4.loss_traj: 2.1149, d5.loss_traj_cls: 0.0003, d5.loss_traj: 2.1311, d6.loss_traj_cls: 0.0003, d6.loss_traj: 2.1419, d7.loss_traj_cls: 0.0003, d7.loss_traj: 2.1643, d0.loss_map_cls_all: 0.2167, d0.loss_map_pts_all: 1.6064, d0.loss_map_dir_all: 0.0043, d0.loss_map_cls: 0.2167, d0.loss_map_pts: 1.6064, d0.loss_map_dir: 0.0043, d1.loss_map_cls: 0.1535, d1.loss_map_pts: 1.3343, d1.loss_map_dir: 0.0042, d2.loss_map_cls: 0.1506, d2.loss_map_pts: 1.2957, d2.loss_map_dir: 0.0043, d3.loss_map_cls: 0.1507, d3.loss_map_pts: 1.2811, d3.loss_map_dir: 0.0043, d4.loss_map_cls: 0.1502, d4.loss_map_pts: 1.2763, d4.loss_map_dir: 0.0043, d5.loss_map_cls: 0.1519, d5.loss_map_pts: 1.2752, d5.loss_map_dir: 0.0043, d6.loss_map_cls: 0.1529, d6.loss_map_pts: 1.2750, d6.loss_map_dir: 0.0043, d7.loss_map_cls: 0.1540, d7.loss_map_pts: 1.2754, d7.loss_map_dir: 0.0043, loss: 75.4459, grad_norm: 6899.8398
2026-05-25 15:45:06,717 - DriveTransformer - INFO - Iter [5450/12870]	lr: 1.869e-05, eta: 2:10:38, time: 0.979, data_time: 0.062, memory: 21575, loss_cls: 0.8312, loss_bbox: 0.6285, loss_traj: 2.0556, loss_traj_cls: 0.0003, loss_map_cls: 0.1758, loss_map_pts: 1.1004, loss_map_dir: 0.0040, d0.loss_plan_l1_fix_time: 3.2996, d0.loss_plan_l1_fix_dist: 0.2169, d1.loss_plan_l1_fix_time: 3.0617, d1.loss_plan_l1_fix_dist: 0.2265, d2.loss_plan_l1_fix_time: 3.0298, d2.loss_plan_l1_fix_dist: 0.2476, d3.loss_plan_l1_fix_time: 3.0243, d3.loss_plan_l1_fix_dist: 0.2677, d4.loss_plan_l1_fix_time: 3.0273, d4.loss_plan_l1_fix_dist: 0.2902, d5.loss_plan_l1_fix_time: 3.0360, d5.loss_plan_l1_fix_dist: 0.3128, d6.loss_plan_l1_fix_time: 3.0475, d6.loss_plan_l1_fix_dist: 0.3389, d7.loss_plan_l1_fix_time: 3.0612, d7.loss_plan_l1_fix_dist: 0.3704, d8.loss_plan_l1_fix_time: 3.0750, d8.loss_plan_l1_fix_dist: 0.4106, d0.loss_cls_all: 0.8113, d0.loss_bbox_all: 0.7194, d0.loss_cls: 0.8113, d0.loss_bbox: 0.7194, d1.loss_cls: 0.7975, d1.loss_bbox: 0.6746, d2.loss_cls: 0.7984, d2.loss_bbox: 0.6672, d3.loss_cls: 0.8086, d3.loss_bbox: 0.6487, d4.loss_cls: 0.8141, d4.loss_bbox: 0.6448, d5.loss_cls: 0.8213, d5.loss_bbox: 0.6541, d6.loss_cls: 0.8261, d6.loss_bbox: 0.6438, d7.loss_cls: 0.8297, d7.loss_bbox: 0.6340, d0.loss_traj_cls: 0.0003, d0.loss_traj: 2.3030, d1.loss_traj_cls: 0.0003, d1.loss_traj: 2.0395, d2.loss_traj_cls: 0.0003, d2.loss_traj: 2.0097, d3.loss_traj_cls: 0.0003, d3.loss_traj: 1.9977, d4.loss_traj_cls: 0.0003, d4.loss_traj: 2.0060, d5.loss_traj_cls: 0.0003, d5.loss_traj: 2.0141, d6.loss_traj_cls: 0.0003, d6.loss_traj: 2.0359, d7.loss_traj_cls: 0.0003, d7.loss_traj: 2.0386, d0.loss_map_cls_all: 0.2454, d0.loss_map_pts_all: 1.3400, d0.loss_map_dir_all: 0.0038, d0.loss_map_cls: 0.2454, d0.loss_map_pts: 1.3400, d0.loss_map_dir: 0.0038, d1.loss_map_cls: 0.1793, d1.loss_map_pts: 1.0770, d1.loss_map_dir: 0.0038, d2.loss_map_cls: 0.1678, d2.loss_map_pts: 1.0539, d2.loss_map_dir: 0.0038, d3.loss_map_cls: 0.1707, d3.loss_map_pts: 1.0558, d3.loss_map_dir: 0.0038, d4.loss_map_cls: 0.1741, d4.loss_map_pts: 1.0617, d4.loss_map_dir: 0.0038, d5.loss_map_cls: 0.1751, d5.loss_map_pts: 1.0689, d5.loss_map_dir: 0.0039, d6.loss_map_cls: 0.1758, d6.loss_map_pts: 1.0787, d6.loss_map_dir: 0.0039, d7.loss_map_cls: 0.1758, d7.loss_map_pts: 1.0892, d7.loss_map_dir: 0.0039, loss: 76.8200, grad_norm: 2621.1307
2026-05-25 15:45:55,350 - DriveTransformer - INFO - Iter [5500/12870]	lr: 1.851e-05, eta: 2:09:39, time: 0.973, data_time: 0.060, memory: 21575, loss_cls: 0.6875, loss_bbox: 0.7811, loss_traj: 1.8623, loss_traj_cls: 0.0002, loss_map_cls: 0.2115, loss_map_pts: 0.7528, loss_map_dir: 0.0079, d0.loss_plan_l1_fix_time: 2.9734, d0.loss_plan_l1_fix_dist: 0.3496, d1.loss_plan_l1_fix_time: 2.5481, d1.loss_plan_l1_fix_dist: 0.3179, d2.loss_plan_l1_fix_time: 2.5098, d2.loss_plan_l1_fix_dist: 0.3224, d3.loss_plan_l1_fix_time: 2.5055, d3.loss_plan_l1_fix_dist: 0.3363, d4.loss_plan_l1_fix_time: 2.5108, d4.loss_plan_l1_fix_dist: 0.3553, d5.loss_plan_l1_fix_time: 2.5199, d5.loss_plan_l1_fix_dist: 0.3783, d6.loss_plan_l1_fix_time: 2.5318, d6.loss_plan_l1_fix_dist: 0.4025, d7.loss_plan_l1_fix_time: 2.5453, d7.loss_plan_l1_fix_dist: 0.4277, d8.loss_plan_l1_fix_time: 2.5609, d8.loss_plan_l1_fix_dist: 0.4551, d0.loss_cls_all: 0.7136, d0.loss_bbox_all: 0.8170, d0.loss_cls: 0.7136, d0.loss_bbox: 0.8170, d1.loss_cls: 0.7014, d1.loss_bbox: 0.7897, d2.loss_cls: 0.6931, d2.loss_bbox: 0.7738, d3.loss_cls: 0.6889, d3.loss_bbox: 0.7753, d4.loss_cls: 0.6857, d4.loss_bbox: 0.7793, d5.loss_cls: 0.6862, d5.loss_bbox: 0.7731, d6.loss_cls: 0.6858, d6.loss_bbox: 0.7763, d7.loss_cls: 0.6862, d7.loss_bbox: 0.7804, d0.loss_traj_cls: 0.0002, d0.loss_traj: 2.2788, d1.loss_traj_cls: 0.0002, d1.loss_traj: 1.8628, d2.loss_traj_cls: 0.0002, d2.loss_traj: 1.7956, d3.loss_traj_cls: 0.0002, d3.loss_traj: 1.8152, d4.loss_traj_cls: 0.0002, d4.loss_traj: 1.8215, d5.loss_traj_cls: 0.0002, d5.loss_traj: 1.8203, d6.loss_traj_cls: 0.0002, d6.loss_traj: 1.8419, d7.loss_traj_cls: 0.0002, d7.loss_traj: 1.8595, d0.loss_map_cls_all: 0.2936, d0.loss_map_pts_all: 1.1490, d0.loss_map_dir_all: 0.0081, d0.loss_map_cls: 0.2936, d0.loss_map_pts: 1.1490, d0.loss_map_dir: 0.0081, d1.loss_map_cls: 0.2223, d1.loss_map_pts: 0.8090, d1.loss_map_dir: 0.0081, d2.loss_map_cls: 0.2097, d2.loss_map_pts: 0.7625, d2.loss_map_dir: 0.0081, d3.loss_map_cls: 0.2084, d3.loss_map_pts: 0.7521, d3.loss_map_dir: 0.0080, d4.loss_map_cls: 0.2082, d4.loss_map_pts: 0.7500, d4.loss_map_dir: 0.0081, d5.loss_map_cls: 0.2102, d5.loss_map_pts: 0.7490, d5.loss_map_dir: 0.0080, d6.loss_map_cls: 0.2100, d6.loss_map_pts: 0.7488, d6.loss_map_dir: 0.0080, d7.loss_map_cls: 0.2120, d7.loss_map_pts: 0.7501, d7.loss_map_dir: 0.0080, loss: 69.0480, grad_norm: 7179.4598
2026-05-25 15:46:44,052 - DriveTransformer - INFO - Iter [5550/12870]	lr: 1.834e-05, eta: 2:08:41, time: 0.974, data_time: 0.062, memory: 21575, loss_cls: 0.7604, loss_bbox: 1.0454, loss_traj: 3.2871, loss_traj_cls: 0.0003, loss_map_cls: 0.3351, loss_map_pts: 1.8750, loss_map_dir: 0.0057, d0.loss_plan_l1_fix_time: 4.8598, d0.loss_plan_l1_fix_dist: 0.5188, d1.loss_plan_l1_fix_time: 4.5222, d1.loss_plan_l1_fix_dist: 0.5244, d2.loss_plan_l1_fix_time: 4.5129, d2.loss_plan_l1_fix_dist: 0.5367, d3.loss_plan_l1_fix_time: 4.5193, d3.loss_plan_l1_fix_dist: 0.5540, d4.loss_plan_l1_fix_time: 4.5298, d4.loss_plan_l1_fix_dist: 0.5751, d5.loss_plan_l1_fix_time: 4.5413, d5.loss_plan_l1_fix_dist: 0.5974, d6.loss_plan_l1_fix_time: 4.5520, d6.loss_plan_l1_fix_dist: 0.6214, d7.loss_plan_l1_fix_time: 4.5626, d7.loss_plan_l1_fix_dist: 0.6473, d8.loss_plan_l1_fix_time: 4.5746, d8.loss_plan_l1_fix_dist: 0.6751, d0.loss_cls_all: 0.8063, d0.loss_bbox_all: 1.0437, d0.loss_cls: 0.8063, d0.loss_bbox: 1.0437, d1.loss_cls: 0.7846, d1.loss_bbox: 1.0602, d2.loss_cls: 0.7688, d2.loss_bbox: 1.0608, d3.loss_cls: 0.7669, d3.loss_bbox: 1.0553, d4.loss_cls: 0.7635, d4.loss_bbox: 1.0623, d5.loss_cls: 0.7634, d5.loss_bbox: 1.0487, d6.loss_cls: 0.7621, d6.loss_bbox: 1.0420, d7.loss_cls: 0.7627, d7.loss_bbox: 1.0425, d0.loss_traj_cls: 0.0003, d0.loss_traj: 3.0654, d1.loss_traj_cls: 0.0003, d1.loss_traj: 3.0929, d2.loss_traj_cls: 0.0003, d2.loss_traj: 3.1156, d3.loss_traj_cls: 0.0003, d3.loss_traj: 3.0989, d4.loss_traj_cls: 0.0003, d4.loss_traj: 3.1428, d5.loss_traj_cls: 0.0003, d5.loss_traj: 3.1708, d6.loss_traj_cls: 0.0003, d6.loss_traj: 3.2057, d7.loss_traj_cls: 0.0003, d7.loss_traj: 3.2409, d0.loss_map_cls_all: 0.4167, d0.loss_map_pts_all: 1.9508, d0.loss_map_dir_all: 0.0057, d0.loss_map_cls: 0.4167, d0.loss_map_pts: 1.9508, d0.loss_map_dir: 0.0057, d1.loss_map_cls: 0.3661, d1.loss_map_pts: 1.8731, d1.loss_map_dir: 0.0058, d2.loss_map_cls: 0.3544, d2.loss_map_pts: 1.8559, d2.loss_map_dir: 0.0057, d3.loss_map_cls: 0.3382, d3.loss_map_pts: 1.8623, d3.loss_map_dir: 0.0058, d4.loss_map_cls: 0.3355, d4.loss_map_pts: 1.8622, d4.loss_map_dir: 0.0057, d5.loss_map_cls: 0.3385, d5.loss_map_pts: 1.8612, d5.loss_map_dir: 0.0058, d6.loss_map_cls: 0.3368, d6.loss_map_pts: 1.8663, d6.loss_map_dir: 0.0057, d7.loss_map_cls: 0.3358, d7.loss_map_pts: 1.8711, d7.loss_map_dir: 0.0057, loss: 115.5568, grad_norm: 319.9041
2026-05-25 15:47:09,306 - DriveTransformer - INFO - Saving checkpoint at 5577 iterations
2026-05-25 15:47:39,241 - DriveTransformer - INFO - Iter [5600/12870]	lr: 1.816e-05, eta: 2:07:51, time: 1.104, data_time: 0.058, memory: 21575, loss_cls: 0.7561, loss_bbox: 1.0344, loss_traj: 2.2475, loss_traj_cls: 0.0002, loss_map_cls: 0.2776, loss_map_pts: 1.2923, loss_map_dir: 0.0024, d0.loss_plan_l1_fix_time: 2.6891, d0.loss_plan_l1_fix_dist: 0.3680, d1.loss_plan_l1_fix_time: 2.5244, d1.loss_plan_l1_fix_dist: 0.3567, d2.loss_plan_l1_fix_time: 2.5194, d2.loss_plan_l1_fix_dist: 0.3673, d3.loss_plan_l1_fix_time: 2.5289, d3.loss_plan_l1_fix_dist: 0.3808, d4.loss_plan_l1_fix_time: 2.5456, d4.loss_plan_l1_fix_dist: 0.3966, d5.loss_plan_l1_fix_time: 2.5639, d5.loss_plan_l1_fix_dist: 0.4136, d6.loss_plan_l1_fix_time: 2.5852, d6.loss_plan_l1_fix_dist: 0.4353, d7.loss_plan_l1_fix_time: 2.6073, d7.loss_plan_l1_fix_dist: 0.4615, d8.loss_plan_l1_fix_time: 2.6312, d8.loss_plan_l1_fix_dist: 0.4941, d0.loss_cls_all: 0.7474, d0.loss_bbox_all: 1.0861, d0.loss_cls: 0.7474, d0.loss_bbox: 1.0861, d1.loss_cls: 0.7432, d1.loss_bbox: 1.0715, d2.loss_cls: 0.7421, d2.loss_bbox: 1.0532, d3.loss_cls: 0.7449, d3.loss_bbox: 1.0587, d4.loss_cls: 0.7421, d4.loss_bbox: 1.0658, d5.loss_cls: 0.7460, d5.loss_bbox: 1.0465, d6.loss_cls: 0.7516, d6.loss_bbox: 1.0403, d7.loss_cls: 0.7543, d7.loss_bbox: 1.0363, d0.loss_traj_cls: 0.0002, d0.loss_traj: 2.2289, d1.loss_traj_cls: 0.0002, d1.loss_traj: 2.1591, d2.loss_traj_cls: 0.0002, d2.loss_traj: 2.1695, d3.loss_traj_cls: 0.0002, d3.loss_traj: 2.1994, d4.loss_traj_cls: 0.0002, d4.loss_traj: 2.1930, d5.loss_traj_cls: 0.0002, d5.loss_traj: 2.2020, d6.loss_traj_cls: 0.0002, d6.loss_traj: 2.2383, d7.loss_traj_cls: 0.0002, d7.loss_traj: 2.2529, d0.loss_map_cls_all: 0.3011, d0.loss_map_pts_all: 1.4780, d0.loss_map_dir_all: 0.0025, d0.loss_map_cls: 0.3011, d0.loss_map_pts: 1.4780, d0.loss_map_dir: 0.0025, d1.loss_map_cls: 0.2792, d1.loss_map_pts: 1.2561, d1.loss_map_dir: 0.0024, d2.loss_map_cls: 0.2751, d2.loss_map_pts: 1.2387, d2.loss_map_dir: 0.0024, d3.loss_map_cls: 0.2737, d3.loss_map_pts: 1.2478, d3.loss_map_dir: 0.0024, d4.loss_map_cls: 0.2759, d4.loss_map_pts: 1.2548, d4.loss_map_dir: 0.0024, d5.loss_map_cls: 0.2781, d5.loss_map_pts: 1.2621, d5.loss_map_dir: 0.0024, d6.loss_map_cls: 0.2787, d6.loss_map_pts: 1.2707, d6.loss_map_dir: 0.0024, d7.loss_map_cls: 0.2782, d7.loss_map_pts: 1.2811, d7.loss_map_dir: 0.0024, loss: 80.7181, grad_norm: 356.4791
2026-05-25 15:48:28,000 - DriveTransformer - INFO - Iter [5650/12870]	lr: 1.798e-05, eta: 2:06:54, time: 0.975, data_time: 0.063, memory: 21575, loss_cls: 0.7945, loss_bbox: 0.7565, loss_traj: 1.1260, loss_traj_cls: 0.0003, loss_map_cls: 0.4401, loss_map_pts: 1.5167, loss_map_dir: 0.0125, d0.loss_plan_l1_fix_time: 1.5640, d0.loss_plan_l1_fix_dist: 0.1801, d1.loss_plan_l1_fix_time: 1.5146, d1.loss_plan_l1_fix_dist: 0.1744, d2.loss_plan_l1_fix_time: 1.5161, d2.loss_plan_l1_fix_dist: 0.1891, d3.loss_plan_l1_fix_time: 1.5266, d3.loss_plan_l1_fix_dist: 0.2077, d4.loss_plan_l1_fix_time: 1.5389, d4.loss_plan_l1_fix_dist: 0.2294, d5.loss_plan_l1_fix_time: 1.5520, d5.loss_plan_l1_fix_dist: 0.2518, d6.loss_plan_l1_fix_time: 1.5678, d6.loss_plan_l1_fix_dist: 0.2750, d7.loss_plan_l1_fix_time: 1.5838, d7.loss_plan_l1_fix_dist: 0.3006, d8.loss_plan_l1_fix_time: 1.5988, d8.loss_plan_l1_fix_dist: 0.3291, d0.loss_cls_all: 0.7834, d0.loss_bbox_all: 0.8275, d0.loss_cls: 0.7834, d0.loss_bbox: 0.8275, d1.loss_cls: 0.7730, d1.loss_bbox: 0.8027, d2.loss_cls: 0.7785, d2.loss_bbox: 0.7831, d3.loss_cls: 0.7822, d3.loss_bbox: 0.7748, d4.loss_cls: 0.7857, d4.loss_bbox: 0.7771, d5.loss_cls: 0.7882, d5.loss_bbox: 0.7686, d6.loss_cls: 0.7948, d6.loss_bbox: 0.7582, d7.loss_cls: 0.7949, d7.loss_bbox: 0.7601, d0.loss_traj_cls: 0.0002, d0.loss_traj: 1.2240, d1.loss_traj_cls: 0.0002, d1.loss_traj: 1.1095, d2.loss_traj_cls: 0.0002, d2.loss_traj: 1.0786, d3.loss_traj_cls: 0.0003, d3.loss_traj: 1.0829, d4.loss_traj_cls: 0.0003, d4.loss_traj: 1.1178, d5.loss_traj_cls: 0.0003, d5.loss_traj: 1.1166, d6.loss_traj_cls: 0.0003, d6.loss_traj: 1.1403, d7.loss_traj_cls: 0.0003, d7.loss_traj: 1.1298, d0.loss_map_cls_all: 0.5131, d0.loss_map_pts_all: 1.7501, d0.loss_map_dir_all: 0.0113, d0.loss_map_cls: 0.5131, d0.loss_map_pts: 1.7501, d0.loss_map_dir: 0.0113, d1.loss_map_cls: 0.4624, d1.loss_map_pts: 1.5761, d1.loss_map_dir: 0.0119, d2.loss_map_cls: 0.4413, d2.loss_map_pts: 1.5356, d2.loss_map_dir: 0.0122, d3.loss_map_cls: 0.4381, d3.loss_map_pts: 1.5252, d3.loss_map_dir: 0.0122, d4.loss_map_cls: 0.4371, d4.loss_map_pts: 1.5215, d4.loss_map_dir: 0.0123, d5.loss_map_cls: 0.4346, d5.loss_map_pts: 1.5181, d5.loss_map_dir: 0.0124, d6.loss_map_cls: 0.4370, d6.loss_map_pts: 1.5176, d6.loss_map_dir: 0.0124, d7.loss_map_cls: 0.4392, d7.loss_map_pts: 1.5158, d7.loss_map_dir: 0.0125, loss: 62.3259, grad_norm: 4683.5463
2026-05-25 15:49:18,393 - DriveTransformer - INFO - Iter [5700/12870]	lr: 1.780e-05, eta: 2:05:58, time: 1.008, data_time: 0.062, memory: 21575, loss_cls: 0.8222, loss_bbox: 0.8219, loss_traj: 3.3037, loss_traj_cls: 0.0004, loss_map_cls: 0.3371, loss_map_pts: 1.1268, loss_map_dir: 0.0116, d0.loss_plan_l1_fix_time: 2.9509, d0.loss_plan_l1_fix_dist: 0.2866, d1.loss_plan_l1_fix_time: 2.7901, d1.loss_plan_l1_fix_dist: 0.2902, d2.loss_plan_l1_fix_time: 2.7785, d2.loss_plan_l1_fix_dist: 0.3049, d3.loss_plan_l1_fix_time: 2.7823, d3.loss_plan_l1_fix_dist: 0.3245, d4.loss_plan_l1_fix_time: 2.7901, d4.loss_plan_l1_fix_dist: 0.3477, d5.loss_plan_l1_fix_time: 2.7999, d5.loss_plan_l1_fix_dist: 0.3739, d6.loss_plan_l1_fix_time: 2.8100, d6.loss_plan_l1_fix_dist: 0.4023, d7.loss_plan_l1_fix_time: 2.8219, d7.loss_plan_l1_fix_dist: 0.4339, d8.loss_plan_l1_fix_time: 2.8340, d8.loss_plan_l1_fix_dist: 0.4680, d0.loss_cls_all: 0.8935, d0.loss_bbox_all: 0.8734, d0.loss_cls: 0.8935, d0.loss_bbox: 0.8734, d1.loss_cls: 0.8557, d1.loss_bbox: 0.8479, d2.loss_cls: 0.8379, d2.loss_bbox: 0.8386, d3.loss_cls: 0.8375, d3.loss_bbox: 0.8334, d4.loss_cls: 0.8338, d4.loss_bbox: 0.8258, d5.loss_cls: 0.8295, d5.loss_bbox: 0.8239, d6.loss_cls: 0.8289, d6.loss_bbox: 0.8207, d7.loss_cls: 0.8236, d7.loss_bbox: 0.8195, d0.loss_traj_cls: 0.0004, d0.loss_traj: 3.7683, d1.loss_traj_cls: 0.0004, d1.loss_traj: 3.2672, d2.loss_traj_cls: 0.0004, d2.loss_traj: 3.1668, d3.loss_traj_cls: 0.0004, d3.loss_traj: 3.1478, d4.loss_traj_cls: 0.0004, d4.loss_traj: 3.1795, d5.loss_traj_cls: 0.0004, d5.loss_traj: 3.2204, d6.loss_traj_cls: 0.0004, d6.loss_traj: 3.2486, d7.loss_traj_cls: 0.0004, d7.loss_traj: 3.2769, d0.loss_map_cls_all: 0.3435, d0.loss_map_pts_all: 1.4123, d0.loss_map_dir_all: 0.0119, d0.loss_map_cls: 0.3435, d0.loss_map_pts: 1.4123, d0.loss_map_dir: 0.0119, d1.loss_map_cls: 0.3170, d1.loss_map_pts: 1.1702, d1.loss_map_dir: 0.0115, d2.loss_map_cls: 0.3134, d2.loss_map_pts: 1.1199, d2.loss_map_dir: 0.0116, d3.loss_map_cls: 0.3155, d3.loss_map_pts: 1.1118, d3.loss_map_dir: 0.0116, d4.loss_map_cls: 0.3208, d4.loss_map_pts: 1.1125, d4.loss_map_dir: 0.0116, d5.loss_map_cls: 0.3268, d5.loss_map_pts: 1.1153, d5.loss_map_dir: 0.0116, d6.loss_map_cls: 0.3304, d6.loss_map_pts: 1.1189, d6.loss_map_dir: 0.0116, d7.loss_map_cls: 0.3348, d7.loss_map_pts: 1.1227, d7.loss_map_dir: 0.0116, loss: 90.2289, grad_norm: 5768.3888
2026-05-25 15:50:08,431 - DriveTransformer - INFO - Iter [5750/12870]	lr: 1.763e-05, eta: 2:05:02, time: 1.001, data_time: 0.061, memory: 21575, loss_cls: 0.7160, loss_bbox: 0.8643, loss_traj: 1.4561, loss_traj_cls: 0.0004, loss_map_cls: 0.2344, loss_map_pts: 1.0694, loss_map_dir: 0.0060, d0.loss_plan_l1_fix_time: 3.1628, d0.loss_plan_l1_fix_dist: 0.5783, d1.loss_plan_l1_fix_time: 3.1266, d1.loss_plan_l1_fix_dist: 0.5373, d2.loss_plan_l1_fix_time: 3.1246, d2.loss_plan_l1_fix_dist: 0.5407, d3.loss_plan_l1_fix_time: 3.1318, d3.loss_plan_l1_fix_dist: 0.5601, d4.loss_plan_l1_fix_time: 3.1428, d4.loss_plan_l1_fix_dist: 0.5826, d5.loss_plan_l1_fix_time: 3.1570, d5.loss_plan_l1_fix_dist: 0.6102, d6.loss_plan_l1_fix_time: 3.1732, d6.loss_plan_l1_fix_dist: 0.6386, d7.loss_plan_l1_fix_time: 3.1912, d7.loss_plan_l1_fix_dist: 0.6701, d8.loss_plan_l1_fix_time: 3.2112, d8.loss_plan_l1_fix_dist: 0.7062, d0.loss_cls_all: 0.7625, d0.loss_bbox_all: 0.8624, d0.loss_cls: 0.7625, d0.loss_bbox: 0.8624, d1.loss_cls: 0.7267, d1.loss_bbox: 0.8636, d2.loss_cls: 0.7237, d2.loss_bbox: 0.8644, d3.loss_cls: 0.7215, d3.loss_bbox: 0.8580, d4.loss_cls: 0.7175, d4.loss_bbox: 0.8542, d5.loss_cls: 0.7122, d5.loss_bbox: 0.8585, d6.loss_cls: 0.7112, d6.loss_bbox: 0.8591, d7.loss_cls: 0.7133, d7.loss_bbox: 0.8632, d0.loss_traj_cls: 0.0003, d0.loss_traj: 1.5502, d1.loss_traj_cls: 0.0003, d1.loss_traj: 1.3767, d2.loss_traj_cls: 0.0003, d2.loss_traj: 1.3396, d3.loss_traj_cls: 0.0003, d3.loss_traj: 1.3283, d4.loss_traj_cls: 0.0003, d4.loss_traj: 1.3663, d5.loss_traj_cls: 0.0004, d5.loss_traj: 1.3896, d6.loss_traj_cls: 0.0004, d6.loss_traj: 1.4176, d7.loss_traj_cls: 0.0004, d7.loss_traj: 1.4319, d0.loss_map_cls_all: 0.2647, d0.loss_map_pts_all: 1.4802, d0.loss_map_dir_all: 0.0059, d0.loss_map_cls: 0.2647, d0.loss_map_pts: 1.4802, d0.loss_map_dir: 0.0059, d1.loss_map_cls: 0.2257, d1.loss_map_pts: 1.1175, d1.loss_map_dir: 0.0060, d2.loss_map_cls: 0.2211, d2.loss_map_pts: 1.0761, d2.loss_map_dir: 0.0060, d3.loss_map_cls: 0.2219, d3.loss_map_pts: 1.0691, d3.loss_map_dir: 0.0060, d4.loss_map_cls: 0.2243, d4.loss_map_pts: 1.0667, d4.loss_map_dir: 0.0060, d5.loss_map_cls: 0.2283, d5.loss_map_pts: 1.0659, d5.loss_map_dir: 0.0060, d6.loss_map_cls: 0.2306, d6.loss_map_pts: 1.0664, d6.loss_map_dir: 0.0060, d7.loss_map_cls: 0.2331, d7.loss_map_pts: 1.0675, d7.loss_map_dir: 0.0060, loss: 76.3500, grad_norm: 3013.5439
2026-05-25 15:50:59,152 - DriveTransformer - INFO - Iter [5800/12870]	lr: 1.745e-05, eta: 2:04:07, time: 1.014, data_time: 0.065, memory: 21575, loss_cls: 0.7150, loss_bbox: 0.8993, loss_traj: 2.1930, loss_traj_cls: 0.0004, loss_map_cls: 0.2858, loss_map_pts: 1.4067, loss_map_dir: 0.0045, d0.loss_plan_l1_fix_time: 3.3280, d0.loss_plan_l1_fix_dist: 0.5470, d1.loss_plan_l1_fix_time: 2.8931, d1.loss_plan_l1_fix_dist: 0.5070, d2.loss_plan_l1_fix_time: 2.8590, d2.loss_plan_l1_fix_dist: 0.4756, d3.loss_plan_l1_fix_time: 2.8559, d3.loss_plan_l1_fix_dist: 0.4762, d4.loss_plan_l1_fix_time: 2.8606, d4.loss_plan_l1_fix_dist: 0.4856, d5.loss_plan_l1_fix_time: 2.8709, d5.loss_plan_l1_fix_dist: 0.5018, d6.loss_plan_l1_fix_time: 2.8836, d6.loss_plan_l1_fix_dist: 0.5227, d7.loss_plan_l1_fix_time: 2.8990, d7.loss_plan_l1_fix_dist: 0.5498, d8.loss_plan_l1_fix_time: 2.9173, d8.loss_plan_l1_fix_dist: 0.5839, d0.loss_cls_all: 0.7521, d0.loss_bbox_all: 0.9181, d0.loss_cls: 0.7521, d0.loss_bbox: 0.9181, d1.loss_cls: 0.7263, d1.loss_bbox: 0.8967, d2.loss_cls: 0.7236, d2.loss_bbox: 0.8819, d3.loss_cls: 0.7241, d3.loss_bbox: 0.8806, d4.loss_cls: 0.7188, d4.loss_bbox: 0.8811, d5.loss_cls: 0.7150, d5.loss_bbox: 0.8857, d6.loss_cls: 0.7132, d6.loss_bbox: 0.8915, d7.loss_cls: 0.7148, d7.loss_bbox: 0.8967, d0.loss_traj_cls: 0.0003, d0.loss_traj: 2.0613, d1.loss_traj_cls: 0.0003, d1.loss_traj: 2.0270, d2.loss_traj_cls: 0.0003, d2.loss_traj: 2.0562, d3.loss_traj_cls: 0.0003, d3.loss_traj: 2.0941, d4.loss_traj_cls: 0.0003, d4.loss_traj: 2.1187, d5.loss_traj_cls: 0.0003, d5.loss_traj: 2.1514, d6.loss_traj_cls: 0.0003, d6.loss_traj: 2.1737, d7.loss_traj_cls: 0.0003, d7.loss_traj: 2.1944, d0.loss_map_cls_all: 0.3211, d0.loss_map_pts_all: 1.6454, d0.loss_map_dir_all: 0.0042, d0.loss_map_cls: 0.3211, d0.loss_map_pts: 1.6454, d0.loss_map_dir: 0.0042, d1.loss_map_cls: 0.2841, d1.loss_map_pts: 1.4111, d1.loss_map_dir: 0.0046, d2.loss_map_cls: 0.2730, d2.loss_map_pts: 1.3936, d2.loss_map_dir: 0.0045, d3.loss_map_cls: 0.2766, d3.loss_map_pts: 1.3906, d3.loss_map_dir: 0.0045, d4.loss_map_cls: 0.2787, d4.loss_map_pts: 1.3935, d4.loss_map_dir: 0.0045, d5.loss_map_cls: 0.2804, d5.loss_map_pts: 1.3964, d5.loss_map_dir: 0.0045, d6.loss_map_cls: 0.2803, d6.loss_map_pts: 1.4016, d6.loss_map_dir: 0.0045, d7.loss_map_cls: 0.2838, d7.loss_map_pts: 1.4035, d7.loss_map_dir: 0.0045, loss: 83.7119, grad_norm: 3281.1557
2026-05-25 15:51:51,601 - DriveTransformer - INFO - Iter [5850/12870]	lr: 1.727e-05, eta: 2:03:14, time: 1.049, data_time: 0.063, memory: 21575, loss_cls: 0.6363, loss_bbox: 0.7283, loss_traj: 0.6410, loss_traj_cls: 0.0003, loss_map_cls: 0.3893, loss_map_pts: 1.6959, loss_map_dir: 0.0192, d0.loss_plan_l1_fix_time: 1.3373, d0.loss_plan_l1_fix_dist: 0.2543, d1.loss_plan_l1_fix_time: 1.1460, d1.loss_plan_l1_fix_dist: 0.2461, d2.loss_plan_l1_fix_time: 1.1348, d2.loss_plan_l1_fix_dist: 0.2693, d3.loss_plan_l1_fix_time: 1.1411, d3.loss_plan_l1_fix_dist: 0.2970, d4.loss_plan_l1_fix_time: 1.1536, d4.loss_plan_l1_fix_dist: 0.3275, d5.loss_plan_l1_fix_time: 1.1681, d5.loss_plan_l1_fix_dist: 0.3619, d6.loss_plan_l1_fix_time: 1.1843, d6.loss_plan_l1_fix_dist: 0.3981, d7.loss_plan_l1_fix_time: 1.2015, d7.loss_plan_l1_fix_dist: 0.4389, d8.loss_plan_l1_fix_time: 1.2209, d8.loss_plan_l1_fix_dist: 0.4836, d0.loss_cls_all: 0.6235, d0.loss_bbox_all: 0.7583, d0.loss_cls: 0.6235, d0.loss_bbox: 0.7583, d1.loss_cls: 0.6268, d1.loss_bbox: 0.7297, d2.loss_cls: 0.6276, d2.loss_bbox: 0.7217, d3.loss_cls: 0.6280, d3.loss_bbox: 0.7154, d4.loss_cls: 0.6312, d4.loss_bbox: 0.7117, d5.loss_cls: 0.6340, d5.loss_bbox: 0.7130, d6.loss_cls: 0.6334, d6.loss_bbox: 0.7168, d7.loss_cls: 0.6333, d7.loss_bbox: 0.7242, d0.loss_traj_cls: 0.0002, d0.loss_traj: 0.8197, d1.loss_traj_cls: 0.0002, d1.loss_traj: 0.6951, d2.loss_traj_cls: 0.0003, d2.loss_traj: 0.6484, d3.loss_traj_cls: 0.0003, d3.loss_traj: 0.6210, d4.loss_traj_cls: 0.0003, d4.loss_traj: 0.6135, d5.loss_traj_cls: 0.0003, d5.loss_traj: 0.6182, d6.loss_traj_cls: 0.0003, d6.loss_traj: 0.6254, d7.loss_traj_cls: 0.0003, d7.loss_traj: 0.6218, d0.loss_map_cls_all: 0.4852, d0.loss_map_pts_all: 1.9538, d0.loss_map_dir_all: 0.0182, d0.loss_map_cls: 0.4852, d0.loss_map_pts: 1.9538, d0.loss_map_dir: 0.0182, d1.loss_map_cls: 0.4013, d1.loss_map_pts: 1.7460, d1.loss_map_dir: 0.0188, d2.loss_map_cls: 0.3918, d2.loss_map_pts: 1.7064, d2.loss_map_dir: 0.0191, d3.loss_map_cls: 0.3905, d3.loss_map_pts: 1.6934, d3.loss_map_dir: 0.0192, d4.loss_map_cls: 0.3861, d4.loss_map_pts: 1.6945, d4.loss_map_dir: 0.0192, d5.loss_map_cls: 0.3863, d5.loss_map_pts: 1.6923, d5.loss_map_dir: 0.0193, d6.loss_map_cls: 0.3863, d6.loss_map_pts: 1.6942, d6.loss_map_dir: 0.0193, d7.loss_map_cls: 0.3882, d7.loss_map_pts: 1.6944, d7.loss_map_dir: 0.0192, loss: 55.0505, grad_norm: 7503.5251
2026-05-25 15:52:41,326 - DriveTransformer - INFO - Iter [5900/12870]	lr: 1.709e-05, eta: 2:02:18, time: 0.995, data_time: 0.062, memory: 21575, loss_cls: 0.6641, loss_bbox: 0.7324, loss_traj: 1.5302, loss_traj_cls: 0.0003, loss_map_cls: 0.1758, loss_map_pts: 0.8821, loss_map_dir: 0.0049, d0.loss_plan_l1_fix_time: 3.1572, d0.loss_plan_l1_fix_dist: 0.2786, d1.loss_plan_l1_fix_time: 3.0000, d1.loss_plan_l1_fix_dist: 0.2683, d2.loss_plan_l1_fix_time: 2.9971, d2.loss_plan_l1_fix_dist: 0.2760, d3.loss_plan_l1_fix_time: 3.0028, d3.loss_plan_l1_fix_dist: 0.2929, d4.loss_plan_l1_fix_time: 3.0098, d4.loss_plan_l1_fix_dist: 0.3120, d5.loss_plan_l1_fix_time: 3.0170, d5.loss_plan_l1_fix_dist: 0.3327, d6.loss_plan_l1_fix_time: 3.0251, d6.loss_plan_l1_fix_dist: 0.3576, d7.loss_plan_l1_fix_time: 3.0343, d7.loss_plan_l1_fix_dist: 0.3845, d8.loss_plan_l1_fix_time: 3.0450, d8.loss_plan_l1_fix_dist: 0.4152, d0.loss_cls_all: 0.7270, d0.loss_bbox_all: 0.8388, d0.loss_cls: 0.7270, d0.loss_bbox: 0.8388, d1.loss_cls: 0.6663, d1.loss_bbox: 0.7950, d2.loss_cls: 0.6616, d2.loss_bbox: 0.7706, d3.loss_cls: 0.6577, d3.loss_bbox: 0.7599, d4.loss_cls: 0.6560, d4.loss_bbox: 0.7492, d5.loss_cls: 0.6586, d5.loss_bbox: 0.7381, d6.loss_cls: 0.6638, d6.loss_bbox: 0.7298, d7.loss_cls: 0.6611, d7.loss_bbox: 0.7324, d0.loss_traj_cls: 0.0003, d0.loss_traj: 1.8236, d1.loss_traj_cls: 0.0003, d1.loss_traj: 1.5222, d2.loss_traj_cls: 0.0003, d2.loss_traj: 1.4913, d3.loss_traj_cls: 0.0003, d3.loss_traj: 1.4916, d4.loss_traj_cls: 0.0003, d4.loss_traj: 1.5030, d5.loss_traj_cls: 0.0003, d5.loss_traj: 1.5100, d6.loss_traj_cls: 0.0003, d6.loss_traj: 1.5163, d7.loss_traj_cls: 0.0003, d7.loss_traj: 1.5185, d0.loss_map_cls_all: 0.2138, d0.loss_map_pts_all: 1.2261, d0.loss_map_dir_all: 0.0054, d0.loss_map_cls: 0.2138, d0.loss_map_pts: 1.2261, d0.loss_map_dir: 0.0054, d1.loss_map_cls: 0.1767, d1.loss_map_pts: 0.9272, d1.loss_map_dir: 0.0050, d2.loss_map_cls: 0.1690, d2.loss_map_pts: 0.8831, d2.loss_map_dir: 0.0049, d3.loss_map_cls: 0.1687, d3.loss_map_pts: 0.8767, d3.loss_map_dir: 0.0049, d4.loss_map_cls: 0.1695, d4.loss_map_pts: 0.8761, d4.loss_map_dir: 0.0049, d5.loss_map_cls: 0.1720, d5.loss_map_pts: 0.8751, d5.loss_map_dir: 0.0049, d6.loss_map_cls: 0.1737, d6.loss_map_pts: 0.8765, d6.loss_map_dir: 0.0049, d7.loss_map_cls: 0.1754, d7.loss_map_pts: 0.8784, d7.loss_map_dir: 0.0049, loss: 69.9293, grad_norm: 1735.8144
2026-05-25 15:53:32,210 - DriveTransformer - INFO - Iter [5950/12870]	lr: 1.691e-05, eta: 2:01:23, time: 1.018, data_time: 0.064, memory: 21575, loss_cls: 0.7121, loss_bbox: 0.9156, loss_traj: 1.1692, loss_traj_cls: 0.0004, loss_map_cls: 0.1869, loss_map_pts: 1.2373, loss_map_dir: 0.0067, d0.loss_plan_l1_fix_time: 2.8920, d0.loss_plan_l1_fix_dist: 0.3879, d1.loss_plan_l1_fix_time: 2.9160, d1.loss_plan_l1_fix_dist: 0.3702, d2.loss_plan_l1_fix_time: 2.9387, d2.loss_plan_l1_fix_dist: 0.3808, d3.loss_plan_l1_fix_time: 2.9597, d3.loss_plan_l1_fix_dist: 0.3957, d4.loss_plan_l1_fix_time: 2.9796, d4.loss_plan_l1_fix_dist: 0.4128, d5.loss_plan_l1_fix_time: 3.0000, d5.loss_plan_l1_fix_dist: 0.4317, d6.loss_plan_l1_fix_time: 3.0204, d6.loss_plan_l1_fix_dist: 0.4524, d7.loss_plan_l1_fix_time: 3.0417, d7.loss_plan_l1_fix_dist: 0.4765, d8.loss_plan_l1_fix_time: 3.0647, d8.loss_plan_l1_fix_dist: 0.5048, d0.loss_cls_all: 0.7550, d0.loss_bbox_all: 0.9047, d0.loss_cls: 0.7550, d0.loss_bbox: 0.9047, d1.loss_cls: 0.7359, d1.loss_bbox: 0.9486, d2.loss_cls: 0.7192, d2.loss_bbox: 0.9488, d3.loss_cls: 0.7198, d3.loss_bbox: 0.9330, d4.loss_cls: 0.7118, d4.loss_bbox: 0.9210, d5.loss_cls: 0.7069, d5.loss_bbox: 0.9175, d6.loss_cls: 0.7077, d6.loss_bbox: 0.9153, d7.loss_cls: 0.7086, d7.loss_bbox: 0.9116, d0.loss_traj_cls: 0.0003, d0.loss_traj: 1.4677, d1.loss_traj_cls: 0.0003, d1.loss_traj: 1.1987, d2.loss_traj_cls: 0.0003, d2.loss_traj: 1.1598, d3.loss_traj_cls: 0.0003, d3.loss_traj: 1.1609, d4.loss_traj_cls: 0.0003, d4.loss_traj: 1.1540, d5.loss_traj_cls: 0.0003, d5.loss_traj: 1.1465, d6.loss_traj_cls: 0.0003, d6.loss_traj: 1.1488, d7.loss_traj_cls: 0.0003, d7.loss_traj: 1.1598, d0.loss_map_cls_all: 0.2524, d0.loss_map_pts_all: 1.6006, d0.loss_map_dir_all: 0.0065, d0.loss_map_cls: 0.2524, d0.loss_map_pts: 1.6006, d0.loss_map_dir: 0.0065, d1.loss_map_cls: 0.1915, d1.loss_map_pts: 1.3023, d1.loss_map_dir: 0.0066, d2.loss_map_cls: 0.1833, d2.loss_map_pts: 1.2308, d2.loss_map_dir: 0.0067, d3.loss_map_cls: 0.1833, d3.loss_map_pts: 1.2208, d3.loss_map_dir: 0.0067, d4.loss_map_cls: 0.1791, d4.loss_map_pts: 1.2228, d4.loss_map_dir: 0.0067, d5.loss_map_cls: 0.1820, d5.loss_map_pts: 1.2238, d5.loss_map_dir: 0.0067, d6.loss_map_cls: 0.1851, d6.loss_map_pts: 1.2255, d6.loss_map_dir: 0.0067, d7.loss_map_cls: 0.1859, d7.loss_map_pts: 1.2312, d7.loss_map_dir: 0.0067, loss: 72.9903, grad_norm: 2734.1021
2026-05-25 15:54:20,837 - DriveTransformer - INFO - Exp name: drivetransformer_large_single_gpu_24g_30epoch.py
2026-05-25 15:54:20,837 - DriveTransformer - INFO - Iter [6000/12870]	lr: 1.673e-05, eta: 2:00:26, time: 0.973, data_time: 0.060, memory: 21575, loss_cls: 0.7753, loss_bbox: 0.7923, loss_traj: 2.1263, loss_traj_cls: 0.0003, loss_map_cls: 0.1982, loss_map_pts: 1.0274, loss_map_dir: 0.0038, d0.loss_plan_l1_fix_time: 2.1003, d0.loss_plan_l1_fix_dist: 0.2622, d1.loss_plan_l1_fix_time: 2.0418, d1.loss_plan_l1_fix_dist: 0.2747, d2.loss_plan_l1_fix_time: 2.0423, d2.loss_plan_l1_fix_dist: 0.2874, d3.loss_plan_l1_fix_time: 2.0511, d3.loss_plan_l1_fix_dist: 0.3044, d4.loss_plan_l1_fix_time: 2.0621, d4.loss_plan_l1_fix_dist: 0.3233, d5.loss_plan_l1_fix_time: 2.0735, d5.loss_plan_l1_fix_dist: 0.3436, d6.loss_plan_l1_fix_time: 2.0857, d6.loss_plan_l1_fix_dist: 0.3669, d7.loss_plan_l1_fix_time: 2.0987, d7.loss_plan_l1_fix_dist: 0.3950, d8.loss_plan_l1_fix_time: 2.1126, d8.loss_plan_l1_fix_dist: 0.4308, d0.loss_cls_all: 0.8241, d0.loss_bbox_all: 0.8048, d0.loss_cls: 0.8241, d0.loss_bbox: 0.8048, d1.loss_cls: 0.7817, d1.loss_bbox: 0.7890, d2.loss_cls: 0.7712, d2.loss_bbox: 0.7759, d3.loss_cls: 0.7660, d3.loss_bbox: 0.7727, d4.loss_cls: 0.7627, d4.loss_bbox: 0.7740, d5.loss_cls: 0.7624, d5.loss_bbox: 0.7732, d6.loss_cls: 0.7666, d6.loss_bbox: 0.7761, d7.loss_cls: 0.7687, d7.loss_bbox: 0.7862, d0.loss_traj_cls: 0.0003, d0.loss_traj: 1.9033, d1.loss_traj_cls: 0.0003, d1.loss_traj: 1.9015, d2.loss_traj_cls: 0.0003, d2.loss_traj: 1.9430, d3.loss_traj_cls: 0.0003, d3.loss_traj: 1.9934, d4.loss_traj_cls: 0.0003, d4.loss_traj: 2.0418, d5.loss_traj_cls: 0.0003, d5.loss_traj: 2.0750, d6.loss_traj_cls: 0.0003, d6.loss_traj: 2.0945, d7.loss_traj_cls: 0.0003, d7.loss_traj: 2.1216, d0.loss_map_cls_all: 0.2447, d0.loss_map_pts_all: 1.3893, d0.loss_map_dir_all: 0.0036, d0.loss_map_cls: 0.2447, d0.loss_map_pts: 1.3893, d0.loss_map_dir: 0.0036, d1.loss_map_cls: 0.1980, d1.loss_map_pts: 1.0878, d1.loss_map_dir: 0.0037, d2.loss_map_cls: 0.1932, d2.loss_map_pts: 1.0377, d2.loss_map_dir: 0.0037, d3.loss_map_cls: 0.1941, d3.loss_map_pts: 1.0258, d3.loss_map_dir: 0.0038, d4.loss_map_cls: 0.1954, d4.loss_map_pts: 1.0206, d4.loss_map_dir: 0.0038, d5.loss_map_cls: 0.1962, d5.loss_map_pts: 1.0208, d5.loss_map_dir: 0.0038, d6.loss_map_cls: 0.1973, d6.loss_map_pts: 1.0220, d6.loss_map_dir: 0.0038, d7.loss_map_cls: 0.1982, d7.loss_map_pts: 1.0238, d7.loss_map_dir: 0.0038, loss: 68.6528, grad_norm: 2611.5278
2026-05-25 15:54:26,506 - DriveTransformer - INFO - Saving checkpoint at 6006 iterations
2026-05-25 15:55:17,859 - DriveTransformer - INFO - Iter [6050/12870]	lr: 1.655e-05, eta: 1:59:38, time: 1.140, data_time: 0.061, memory: 21575, loss_cls: 0.7317, loss_bbox: 0.7578, loss_traj: 2.7259, loss_traj_cls: 0.0003, loss_map_cls: 0.4470, loss_map_pts: 1.4792, loss_map_dir: 0.0217, d0.loss_plan_l1_fix_time: 2.1911, d0.loss_plan_l1_fix_dist: 0.2406, d1.loss_plan_l1_fix_time: 1.9856, d1.loss_plan_l1_fix_dist: 0.2512, d2.loss_plan_l1_fix_time: 1.9579, d2.loss_plan_l1_fix_dist: 0.2635, d3.loss_plan_l1_fix_time: 1.9565, d3.loss_plan_l1_fix_dist: 0.2819, d4.loss_plan_l1_fix_time: 1.9624, d4.loss_plan_l1_fix_dist: 0.3051, d5.loss_plan_l1_fix_time: 1.9713, d5.loss_plan_l1_fix_dist: 0.3312, d6.loss_plan_l1_fix_time: 1.9819, d6.loss_plan_l1_fix_dist: 0.3612, d7.loss_plan_l1_fix_time: 1.9940, d7.loss_plan_l1_fix_dist: 0.3950, d8.loss_plan_l1_fix_time: 2.0077, d8.loss_plan_l1_fix_dist: 0.4312, d0.loss_cls_all: 0.6859, d0.loss_bbox_all: 0.8755, d0.loss_cls: 0.6859, d0.loss_bbox: 0.8755, d1.loss_cls: 0.7067, d1.loss_bbox: 0.8010, d2.loss_cls: 0.7106, d2.loss_bbox: 0.7695, d3.loss_cls: 0.7115, d3.loss_bbox: 0.7633, d4.loss_cls: 0.7157, d4.loss_bbox: 0.7615, d5.loss_cls: 0.7201, d5.loss_bbox: 0.7558, d6.loss_cls: 0.7236, d6.loss_bbox: 0.7555, d7.loss_cls: 0.7256, d7.loss_bbox: 0.7622, d0.loss_traj_cls: 0.0002, d0.loss_traj: 3.0651, d1.loss_traj_cls: 0.0002, d1.loss_traj: 2.7438, d2.loss_traj_cls: 0.0002, d2.loss_traj: 2.7073, d3.loss_traj_cls: 0.0002, d3.loss_traj: 2.6979, d4.loss_traj_cls: 0.0003, d4.loss_traj: 2.7046, d5.loss_traj_cls: 0.0003, d5.loss_traj: 2.7155, d6.loss_traj_cls: 0.0003, d6.loss_traj: 2.7295, d7.loss_traj_cls: 0.0003, d7.loss_traj: 2.7295, d0.loss_map_cls_all: 0.5093, d0.loss_map_pts_all: 1.6741, d0.loss_map_dir_all: 0.0211, d0.loss_map_cls: 0.5093, d0.loss_map_pts: 1.6741, d0.loss_map_dir: 0.0211, d1.loss_map_cls: 0.4466, d1.loss_map_pts: 1.5305, d1.loss_map_dir: 0.0211, d2.loss_map_cls: 0.4296, d2.loss_map_pts: 1.4903, d2.loss_map_dir: 0.0212, d3.loss_map_cls: 0.4392, d3.loss_map_pts: 1.4778, d3.loss_map_dir: 0.0214, d4.loss_map_cls: 0.4377, d4.loss_map_pts: 1.4762, d4.loss_map_dir: 0.0214, d5.loss_map_cls: 0.4404, d5.loss_map_pts: 1.4738, d5.loss_map_dir: 0.0214, d6.loss_map_cls: 0.4433, d6.loss_map_pts: 1.4738, d6.loss_map_dir: 0.0216, d7.loss_map_cls: 0.4454, d7.loss_map_pts: 1.4753, d7.loss_map_dir: 0.0216, loss: 80.6719, grad_norm: 6012.8842
2026-05-25 15:56:06,034 - DriveTransformer - INFO - Iter [6100/12870]	lr: 1.637e-05, eta: 1:58:41, time: 0.964, data_time: 0.058, memory: 21575, loss_cls: 0.5979, loss_bbox: 0.8304, loss_traj: 1.8868, loss_traj_cls: 0.0002, loss_map_cls: 0.3761, loss_map_pts: 1.4470, loss_map_dir: 0.0095, d0.loss_plan_l1_fix_time: 3.9345, d0.loss_plan_l1_fix_dist: 0.4108, d1.loss_plan_l1_fix_time: 3.7540, d1.loss_plan_l1_fix_dist: 0.4102, d2.loss_plan_l1_fix_time: 3.7517, d2.loss_plan_l1_fix_dist: 0.4219, d3.loss_plan_l1_fix_time: 3.7570, d3.loss_plan_l1_fix_dist: 0.4373, d4.loss_plan_l1_fix_time: 3.7646, d4.loss_plan_l1_fix_dist: 0.4547, d5.loss_plan_l1_fix_time: 3.7731, d5.loss_plan_l1_fix_dist: 0.4746, d6.loss_plan_l1_fix_time: 3.7823, d6.loss_plan_l1_fix_dist: 0.4958, d7.loss_plan_l1_fix_time: 3.7929, d7.loss_plan_l1_fix_dist: 0.5184, d8.loss_plan_l1_fix_time: 3.8047, d8.loss_plan_l1_fix_dist: 0.5428, d0.loss_cls_all: 0.5824, d0.loss_bbox_all: 1.0023, d0.loss_cls: 0.5824, d0.loss_bbox: 1.0023, d1.loss_cls: 0.5798, d1.loss_bbox: 0.9168, d2.loss_cls: 0.5791, d2.loss_bbox: 0.8925, d3.loss_cls: 0.5907, d3.loss_bbox: 0.8765, d4.loss_cls: 0.5955, d4.loss_bbox: 0.8621, d5.loss_cls: 0.6006, d5.loss_bbox: 0.8447, d6.loss_cls: 0.6011, d6.loss_bbox: 0.8351, d7.loss_cls: 0.5994, d7.loss_bbox: 0.8329, d0.loss_traj_cls: 0.0002, d0.loss_traj: 2.0994, d1.loss_traj_cls: 0.0002, d1.loss_traj: 1.7931, d2.loss_traj_cls: 0.0002, d2.loss_traj: 1.7558, d3.loss_traj_cls: 0.0002, d3.loss_traj: 1.7594, d4.loss_traj_cls: 0.0002, d4.loss_traj: 1.7907, d5.loss_traj_cls: 0.0002, d5.loss_traj: 1.7985, d6.loss_traj_cls: 0.0002, d6.loss_traj: 1.8415, d7.loss_traj_cls: 0.0002, d7.loss_traj: 1.8595, d0.loss_map_cls_all: 0.4109, d0.loss_map_pts_all: 1.6521, d0.loss_map_dir_all: 0.0095, d0.loss_map_cls: 0.4109, d0.loss_map_pts: 1.6521, d0.loss_map_dir: 0.0095, d1.loss_map_cls: 0.3641, d1.loss_map_pts: 1.5094, d1.loss_map_dir: 0.0097, d2.loss_map_cls: 0.3547, d2.loss_map_pts: 1.4608, d2.loss_map_dir: 0.0097, d3.loss_map_cls: 0.3648, d3.loss_map_pts: 1.4461, d3.loss_map_dir: 0.0096, d4.loss_map_cls: 0.3643, d4.loss_map_pts: 1.4451, d4.loss_map_dir: 0.0095, d5.loss_map_cls: 0.3661, d5.loss_map_pts: 1.4453, d5.loss_map_dir: 0.0095, d6.loss_map_cls: 0.3694, d6.loss_map_pts: 1.4428, d6.loss_map_dir: 0.0095, d7.loss_map_cls: 0.3727, d7.loss_map_pts: 1.4453, d7.loss_map_dir: 0.0095, loss: 88.4680, grad_norm: 3319.2866
2026-05-25 15:56:55,695 - DriveTransformer - INFO - Iter [6150/12870]	lr: 1.619e-05, eta: 1:57:45, time: 0.993, data_time: 0.061, memory: 21575, loss_cls: 0.7732, loss_bbox: 0.7814, loss_traj: 2.1761, loss_traj_cls: 0.0003, loss_map_cls: 0.3372, loss_map_pts: 1.2418, loss_map_dir: 0.0068, d0.loss_plan_l1_fix_time: 2.1867, d0.loss_plan_l1_fix_dist: 0.3570, d1.loss_plan_l1_fix_time: 2.0933, d1.loss_plan_l1_fix_dist: 0.3450, d2.loss_plan_l1_fix_time: 2.1025, d2.loss_plan_l1_fix_dist: 0.3503, d3.loss_plan_l1_fix_time: 2.1164, d3.loss_plan_l1_fix_dist: 0.3599, d4.loss_plan_l1_fix_time: 2.1309, d4.loss_plan_l1_fix_dist: 0.3744, d5.loss_plan_l1_fix_time: 2.1444, d5.loss_plan_l1_fix_dist: 0.3927, d6.loss_plan_l1_fix_time: 2.1573, d6.loss_plan_l1_fix_dist: 0.4123, d7.loss_plan_l1_fix_time: 2.1700, d7.loss_plan_l1_fix_dist: 0.4343, d8.loss_plan_l1_fix_time: 2.1813, d8.loss_plan_l1_fix_dist: 0.4611, d0.loss_cls_all: 0.7195, d0.loss_bbox_all: 0.8365, d0.loss_cls: 0.7195, d0.loss_bbox: 0.8365, d1.loss_cls: 0.7333, d1.loss_bbox: 0.8160, d2.loss_cls: 0.7464, d2.loss_bbox: 0.8001, d3.loss_cls: 0.7526, d3.loss_bbox: 0.7904, d4.loss_cls: 0.7589, d4.loss_bbox: 0.7811, d5.loss_cls: 0.7621, d5.loss_bbox: 0.7788, d6.loss_cls: 0.7652, d6.loss_bbox: 0.7802, d7.loss_cls: 0.7705, d7.loss_bbox: 0.7795, d0.loss_traj_cls: 0.0003, d0.loss_traj: 2.1747, d1.loss_traj_cls: 0.0003, d1.loss_traj: 2.1597, d2.loss_traj_cls: 0.0003, d2.loss_traj: 2.1549, d3.loss_traj_cls: 0.0003, d3.loss_traj: 2.1344, d4.loss_traj_cls: 0.0003, d4.loss_traj: 2.1427, d5.loss_traj_cls: 0.0003, d5.loss_traj: 2.1549, d6.loss_traj_cls: 0.0003, d6.loss_traj: 2.1802, d7.loss_traj_cls: 0.0003, d7.loss_traj: 2.1758, d0.loss_map_cls_all: 0.3719, d0.loss_map_pts_all: 1.3542, d0.loss_map_dir_all: 0.0063, d0.loss_map_cls: 0.3719, d0.loss_map_pts: 1.3542, d0.loss_map_dir: 0.0063, d1.loss_map_cls: 0.3398, d1.loss_map_pts: 1.2494, d1.loss_map_dir: 0.0067, d2.loss_map_cls: 0.3345, d2.loss_map_pts: 1.2236, d2.loss_map_dir: 0.0068, d3.loss_map_cls: 0.3389, d3.loss_map_pts: 1.2193, d3.loss_map_dir: 0.0067, d4.loss_map_cls: 0.3358, d4.loss_map_pts: 1.2271, d4.loss_map_dir: 0.0067, d5.loss_map_cls: 0.3354, d5.loss_map_pts: 1.2324, d5.loss_map_dir: 0.0068, d6.loss_map_cls: 0.3367, d6.loss_map_pts: 1.2351, d6.loss_map_dir: 0.0068, d7.loss_map_cls: 0.3384, d7.loss_map_pts: 1.2367, d7.loss_map_dir: 0.0068, loss: 73.7884, grad_norm: 1865.9773
2026-05-25 15:57:47,883 - DriveTransformer - INFO - Iter [6200/12870]	lr: 1.601e-05, eta: 1:56:52, time: 1.044, data_time: 0.061, memory: 21575, loss_cls: 0.8379, loss_bbox: 0.7174, loss_traj: 1.7560, loss_traj_cls: 0.0004, loss_map_cls: 0.4996, loss_map_pts: 2.0154, loss_map_dir: 0.0387, d0.loss_plan_l1_fix_time: 3.0167, d0.loss_plan_l1_fix_dist: 0.2040, d1.loss_plan_l1_fix_time: 2.7699, d1.loss_plan_l1_fix_dist: 0.2271, d2.loss_plan_l1_fix_time: 2.7450, d2.loss_plan_l1_fix_dist: 0.2651, d3.loss_plan_l1_fix_time: 2.7433, d3.loss_plan_l1_fix_dist: 0.3039, d4.loss_plan_l1_fix_time: 2.7481, d4.loss_plan_l1_fix_dist: 0.3438, d5.loss_plan_l1_fix_time: 2.7558, d5.loss_plan_l1_fix_dist: 0.3860, d6.loss_plan_l1_fix_time: 2.7657, d6.loss_plan_l1_fix_dist: 0.4279, d7.loss_plan_l1_fix_time: 2.7752, d7.loss_plan_l1_fix_dist: 0.4700, d8.loss_plan_l1_fix_time: 2.7861, d8.loss_plan_l1_fix_dist: 0.5115, d0.loss_cls_all: 0.8234, d0.loss_bbox_all: 0.7613, d0.loss_cls: 0.8234, d0.loss_bbox: 0.7613, d1.loss_cls: 0.8262, d1.loss_bbox: 0.7291, d2.loss_cls: 0.8238, d2.loss_bbox: 0.7239, d3.loss_cls: 0.8284, d3.loss_bbox: 0.7050, d4.loss_cls: 0.8325, d4.loss_bbox: 0.7104, d5.loss_cls: 0.8329, d5.loss_bbox: 0.7105, d6.loss_cls: 0.8347, d6.loss_bbox: 0.7194, d7.loss_cls: 0.8407, d7.loss_bbox: 0.7165, d0.loss_traj_cls: 0.0003, d0.loss_traj: 2.1986, d1.loss_traj_cls: 0.0003, d1.loss_traj: 1.8094, d2.loss_traj_cls: 0.0003, d2.loss_traj: 1.7365, d3.loss_traj_cls: 0.0003, d3.loss_traj: 1.7074, d4.loss_traj_cls: 0.0003, d4.loss_traj: 1.7334, d5.loss_traj_cls: 0.0004, d5.loss_traj: 1.7462, d6.loss_traj_cls: 0.0004, d6.loss_traj: 1.7460, d7.loss_traj_cls: 0.0004, d7.loss_traj: 1.7656, d0.loss_map_cls_all: 0.5081, d0.loss_map_pts_all: 2.6088, d0.loss_map_dir_all: 0.0369, d0.loss_map_cls: 0.5081, d0.loss_map_pts: 2.6088, d0.loss_map_dir: 0.0369, d1.loss_map_cls: 0.4691, d1.loss_map_pts: 2.1530, d1.loss_map_dir: 0.0378, d2.loss_map_cls: 0.4688, d2.loss_map_pts: 2.0600, d2.loss_map_dir: 0.0381, d3.loss_map_cls: 0.4746, d3.loss_map_pts: 2.0237, d3.loss_map_dir: 0.0382, d4.loss_map_cls: 0.4797, d4.loss_map_pts: 2.0150, d4.loss_map_dir: 0.0384, d5.loss_map_cls: 0.4840, d5.loss_map_pts: 2.0147, d5.loss_map_dir: 0.0385, d6.loss_map_cls: 0.4927, d6.loss_map_pts: 2.0140, d6.loss_map_dir: 0.0385, d7.loss_map_cls: 0.4966, d7.loss_map_pts: 2.0140, d7.loss_map_dir: 0.0385, loss: 86.7952, grad_norm: 8221.6538
2026-05-25 15:58:40,905 - DriveTransformer - INFO - Iter [6250/12870]	lr: 1.582e-05, eta: 1:56:00, time: 1.060, data_time: 0.063, memory: 21575, loss_cls: 0.8497, loss_bbox: 0.7726, loss_traj: 1.9131, loss_traj_cls: 0.0005, loss_map_cls: 0.3748, loss_map_pts: 1.4180, loss_map_dir: 0.0365, d0.loss_plan_l1_fix_time: 2.3848, d0.loss_plan_l1_fix_dist: 0.1917, d1.loss_plan_l1_fix_time: 2.0930, d1.loss_plan_l1_fix_dist: 0.1995, d2.loss_plan_l1_fix_time: 2.0669, d2.loss_plan_l1_fix_dist: 0.2188, d3.loss_plan_l1_fix_time: 2.0667, d3.loss_plan_l1_fix_dist: 0.2381, d4.loss_plan_l1_fix_time: 2.0727, d4.loss_plan_l1_fix_dist: 0.2600, d5.loss_plan_l1_fix_time: 2.0801, d5.loss_plan_l1_fix_dist: 0.2829, d6.loss_plan_l1_fix_time: 2.0894, d6.loss_plan_l1_fix_dist: 0.3077, d7.loss_plan_l1_fix_time: 2.0996, d7.loss_plan_l1_fix_dist: 0.3361, d8.loss_plan_l1_fix_time: 2.1113, d8.loss_plan_l1_fix_dist: 0.3683, d0.loss_cls_all: 0.8361, d0.loss_bbox_all: 0.8541, d0.loss_cls: 0.8361, d0.loss_bbox: 0.8541, d1.loss_cls: 0.8277, d1.loss_bbox: 0.8159, d2.loss_cls: 0.8320, d2.loss_bbox: 0.7957, d3.loss_cls: 0.8349, d3.loss_bbox: 0.7780, d4.loss_cls: 0.8362, d4.loss_bbox: 0.7750, d5.loss_cls: 0.8412, d5.loss_bbox: 0.7692, d6.loss_cls: 0.8476, d6.loss_bbox: 0.7676, d7.loss_cls: 0.8490, d7.loss_bbox: 0.7706, d0.loss_traj_cls: 0.0004, d0.loss_traj: 2.2441, d1.loss_traj_cls: 0.0004, d1.loss_traj: 2.0473, d2.loss_traj_cls: 0.0004, d2.loss_traj: 1.9769, d3.loss_traj_cls: 0.0004, d3.loss_traj: 1.9415, d4.loss_traj_cls: 0.0004, d4.loss_traj: 1.9438, d5.loss_traj_cls: 0.0004, d5.loss_traj: 1.9288, d6.loss_traj_cls: 0.0004, d6.loss_traj: 1.9251, d7.loss_traj_cls: 0.0005, d7.loss_traj: 1.9244, d0.loss_map_cls_all: 0.3570, d0.loss_map_pts_all: 2.3735, d0.loss_map_dir_all: 0.0370, d0.loss_map_cls: 0.3570, d0.loss_map_pts: 2.3735, d0.loss_map_dir: 0.0370, d1.loss_map_cls: 0.3550, d1.loss_map_pts: 1.6295, d1.loss_map_dir: 0.0364, d2.loss_map_cls: 0.3600, d2.loss_map_pts: 1.4303, d2.loss_map_dir: 0.0365, d3.loss_map_cls: 0.3626, d3.loss_map_pts: 1.4140, d3.loss_map_dir: 0.0365, d4.loss_map_cls: 0.3650, d4.loss_map_pts: 1.4128, d4.loss_map_dir: 0.0365, d5.loss_map_cls: 0.3686, d5.loss_map_pts: 1.4128, d5.loss_map_dir: 0.0365, d6.loss_map_cls: 0.3719, d6.loss_map_pts: 1.4143, d6.loss_map_dir: 0.0365, d7.loss_map_cls: 0.3745, d7.loss_map_pts: 1.4160, d7.loss_map_dir: 0.0365, loss: 75.9672, grad_norm: 3782.4865
2026-05-25 15:59:32,066 - DriveTransformer - INFO - Iter [6300/12870]	lr: 1.564e-05, eta: 1:55:06, time: 1.023, data_time: 0.060, memory: 21575, loss_cls: 0.7556, loss_bbox: 0.9801, loss_traj: 2.0258, loss_traj_cls: 0.0005, loss_map_cls: 0.3097, loss_map_pts: 1.2050, loss_map_dir: 0.0136, d0.loss_plan_l1_fix_time: 4.9217, d0.loss_plan_l1_fix_dist: 0.5114, d1.loss_plan_l1_fix_time: 4.8803, d1.loss_plan_l1_fix_dist: 0.5020, d2.loss_plan_l1_fix_time: 4.8809, d2.loss_plan_l1_fix_dist: 0.4975, d3.loss_plan_l1_fix_time: 4.8900, d3.loss_plan_l1_fix_dist: 0.4993, d4.loss_plan_l1_fix_time: 4.9013, d4.loss_plan_l1_fix_dist: 0.5035, d5.loss_plan_l1_fix_time: 4.9139, d5.loss_plan_l1_fix_dist: 0.5134, d6.loss_plan_l1_fix_time: 4.9268, d6.loss_plan_l1_fix_dist: 0.5263, d7.loss_plan_l1_fix_time: 4.9417, d7.loss_plan_l1_fix_dist: 0.5431, d8.loss_plan_l1_fix_time: 4.9578, d8.loss_plan_l1_fix_dist: 0.5637, d0.loss_cls_all: 0.8145, d0.loss_bbox_all: 1.0163, d0.loss_cls: 0.8145, d0.loss_bbox: 1.0163, d1.loss_cls: 0.7788, d1.loss_bbox: 1.0126, d2.loss_cls: 0.7670, d2.loss_bbox: 1.0081, d3.loss_cls: 0.7599, d3.loss_bbox: 0.9982, d4.loss_cls: 0.7538, d4.loss_bbox: 0.9956, d5.loss_cls: 0.7542, d5.loss_bbox: 0.9888, d6.loss_cls: 0.7495, d6.loss_bbox: 0.9886, d7.loss_cls: 0.7510, d7.loss_bbox: 0.9892, d0.loss_traj_cls: 0.0004, d0.loss_traj: 2.3389, d1.loss_traj_cls: 0.0004, d1.loss_traj: 2.1499, d2.loss_traj_cls: 0.0004, d2.loss_traj: 2.1319, d3.loss_traj_cls: 0.0004, d3.loss_traj: 2.1013, d4.loss_traj_cls: 0.0004, d4.loss_traj: 2.0820, d5.loss_traj_cls: 0.0004, d5.loss_traj: 2.0682, d6.loss_traj_cls: 0.0004, d6.loss_traj: 2.0559, d7.loss_traj_cls: 0.0004, d7.loss_traj: 2.0378, d0.loss_map_cls_all: 0.3554, d0.loss_map_pts_all: 1.7391, d0.loss_map_dir_all: 0.0135, d0.loss_map_cls: 0.3554, d0.loss_map_pts: 1.7391, d0.loss_map_dir: 0.0135, d1.loss_map_cls: 0.2893, d1.loss_map_pts: 1.3666, d1.loss_map_dir: 0.0128, d2.loss_map_cls: 0.2939, d2.loss_map_pts: 1.2265, d2.loss_map_dir: 0.0134, d3.loss_map_cls: 0.2961, d3.loss_map_pts: 1.2059, d3.loss_map_dir: 0.0135, d4.loss_map_cls: 0.2999, d4.loss_map_pts: 1.2019, d4.loss_map_dir: 0.0136, d5.loss_map_cls: 0.3028, d5.loss_map_pts: 1.2014, d5.loss_map_dir: 0.0136, d6.loss_map_cls: 0.3055, d6.loss_map_pts: 1.2019, d6.loss_map_dir: 0.0136, d7.loss_map_cls: 0.3079, d7.loss_map_pts: 1.2026, d7.loss_map_dir: 0.0136, loss: 102.1030, grad_norm: 2828.3651
2026-05-25 16:00:23,804 - DriveTransformer - INFO - Iter [6350/12870]	lr: 1.546e-05, eta: 1:54:12, time: 1.035, data_time: 0.061, memory: 21575, loss_cls: 0.7452, loss_bbox: 0.8860, loss_traj: 2.3288, loss_traj_cls: 0.0004, loss_map_cls: 0.2893, loss_map_pts: 1.1761, loss_map_dir: 0.0031, d0.loss_plan_l1_fix_time: 3.0848, d0.loss_plan_l1_fix_dist: 0.4527, d1.loss_plan_l1_fix_time: 2.9427, d1.loss_plan_l1_fix_dist: 0.4592, d2.loss_plan_l1_fix_time: 2.9351, d2.loss_plan_l1_fix_dist: 0.4808, d3.loss_plan_l1_fix_time: 2.9363, d3.loss_plan_l1_fix_dist: 0.5049, d4.loss_plan_l1_fix_time: 2.9429, d4.loss_plan_l1_fix_dist: 0.5315, d5.loss_plan_l1_fix_time: 2.9514, d5.loss_plan_l1_fix_dist: 0.5598, d6.loss_plan_l1_fix_time: 2.9620, d6.loss_plan_l1_fix_dist: 0.5906, d7.loss_plan_l1_fix_time: 2.9751, d7.loss_plan_l1_fix_dist: 0.6239, d8.loss_plan_l1_fix_time: 2.9898, d8.loss_plan_l1_fix_dist: 0.6594, d0.loss_cls_all: 0.7813, d0.loss_bbox_all: 0.8561, d0.loss_cls: 0.7813, d0.loss_bbox: 0.8561, d1.loss_cls: 0.7594, d1.loss_bbox: 0.8512, d2.loss_cls: 0.7521, d2.loss_bbox: 0.8522, d3.loss_cls: 0.7463, d3.loss_bbox: 0.8558, d4.loss_cls: 0.7408, d4.loss_bbox: 0.8637, d5.loss_cls: 0.7426, d5.loss_bbox: 0.8679, d6.loss_cls: 0.7448, d6.loss_bbox: 0.8740, d7.loss_cls: 0.7445, d7.loss_bbox: 0.8803, d0.loss_traj_cls: 0.0004, d0.loss_traj: 2.2855, d1.loss_traj_cls: 0.0004, d1.loss_traj: 2.2386, d2.loss_traj_cls: 0.0004, d2.loss_traj: 2.2407, d3.loss_traj_cls: 0.0004, d3.loss_traj: 2.2726, d4.loss_traj_cls: 0.0004, d4.loss_traj: 2.2759, d5.loss_traj_cls: 0.0004, d5.loss_traj: 2.2983, d6.loss_traj_cls: 0.0004, d6.loss_traj: 2.3123, d7.loss_traj_cls: 0.0004, d7.loss_traj: 2.3263, d0.loss_map_cls_all: 0.3143, d0.loss_map_pts_all: 1.5430, d0.loss_map_dir_all: 0.0030, d0.loss_map_cls: 0.3143, d0.loss_map_pts: 1.5430, d0.loss_map_dir: 0.0030, d1.loss_map_cls: 0.2747, d1.loss_map_pts: 1.2467, d1.loss_map_dir: 0.0030, d2.loss_map_cls: 0.2729, d2.loss_map_pts: 1.1898, d2.loss_map_dir: 0.0031, d3.loss_map_cls: 0.2791, d3.loss_map_pts: 1.1728, d3.loss_map_dir: 0.0031, d4.loss_map_cls: 0.2831, d4.loss_map_pts: 1.1707, d4.loss_map_dir: 0.0031, d5.loss_map_cls: 0.2837, d5.loss_map_pts: 1.1719, d5.loss_map_dir: 0.0031, d6.loss_map_cls: 0.2853, d6.loss_map_pts: 1.1739, d6.loss_map_dir: 0.0031, d7.loss_map_cls: 0.2883, d7.loss_map_pts: 1.1742, d7.loss_map_dir: 0.0031, loss: 83.8249, grad_norm: 5471.4297
2026-05-25 16:01:15,902 - DriveTransformer - INFO - Iter [6400/12870]	lr: 1.528e-05, eta: 1:53:19, time: 1.042, data_time: 0.061, memory: 21575, loss_cls: 0.7145, loss_bbox: 0.7458, loss_traj: 0.7976, loss_traj_cls: 0.0004, loss_map_cls: 0.2887, loss_map_pts: 1.0709, loss_map_dir: 0.0074, d0.loss_plan_l1_fix_time: 1.5112, d0.loss_plan_l1_fix_dist: 0.2556, d1.loss_plan_l1_fix_time: 1.3841, d1.loss_plan_l1_fix_dist: 0.2491, d2.loss_plan_l1_fix_time: 1.3804, d2.loss_plan_l1_fix_dist: 0.2577, d3.loss_plan_l1_fix_time: 1.3888, d3.loss_plan_l1_fix_dist: 0.2694, d4.loss_plan_l1_fix_time: 1.3998, d4.loss_plan_l1_fix_dist: 0.2863, d5.loss_plan_l1_fix_time: 1.4127, d5.loss_plan_l1_fix_dist: 0.3053, d6.loss_plan_l1_fix_time: 1.4265, d6.loss_plan_l1_fix_dist: 0.3280, d7.loss_plan_l1_fix_time: 1.4409, d7.loss_plan_l1_fix_dist: 0.3556, d8.loss_plan_l1_fix_time: 1.4574, d8.loss_plan_l1_fix_dist: 0.3893, d0.loss_cls_all: 0.7143, d0.loss_bbox_all: 0.8015, d0.loss_cls: 0.7143, d0.loss_bbox: 0.8015, d1.loss_cls: 0.7083, d1.loss_bbox: 0.7630, d2.loss_cls: 0.7086, d2.loss_bbox: 0.7445, d3.loss_cls: 0.7106, d3.loss_bbox: 0.7361, d4.loss_cls: 0.7086, d4.loss_bbox: 0.7419, d5.loss_cls: 0.7107, d5.loss_bbox: 0.7444, d6.loss_cls: 0.7106, d6.loss_bbox: 0.7476, d7.loss_cls: 0.7138, d7.loss_bbox: 0.7486, d0.loss_traj_cls: 0.0003, d0.loss_traj: 0.9923, d1.loss_traj_cls: 0.0003, d1.loss_traj: 0.8656, d2.loss_traj_cls: 0.0003, d2.loss_traj: 0.8384, d3.loss_traj_cls: 0.0003, d3.loss_traj: 0.8133, d4.loss_traj_cls: 0.0003, d4.loss_traj: 0.8058, d5.loss_traj_cls: 0.0003, d5.loss_traj: 0.7984, d6.loss_traj_cls: 0.0003, d6.loss_traj: 0.7948, d7.loss_traj_cls: 0.0003, d7.loss_traj: 0.7940, d0.loss_map_cls_all: 0.3355, d0.loss_map_pts_all: 1.3684, d0.loss_map_dir_all: 0.0071, d0.loss_map_cls: 0.3355, d0.loss_map_pts: 1.3684, d0.loss_map_dir: 0.0071, d1.loss_map_cls: 0.2770, d1.loss_map_pts: 1.1247, d1.loss_map_dir: 0.0072, d2.loss_map_cls: 0.2726, d2.loss_map_pts: 1.0767, d2.loss_map_dir: 0.0073, d3.loss_map_cls: 0.2789, d3.loss_map_pts: 1.0672, d3.loss_map_dir: 0.0073, d4.loss_map_cls: 0.2811, d4.loss_map_pts: 1.0647, d4.loss_map_dir: 0.0073, d5.loss_map_cls: 0.2827, d5.loss_map_pts: 1.0653, d5.loss_map_dir: 0.0073, d6.loss_map_cls: 0.2845, d6.loss_map_pts: 1.0668, d6.loss_map_dir: 0.0073, d7.loss_map_cls: 0.2869, d7.loss_map_pts: 1.0679, d7.loss_map_dir: 0.0073, loss: 52.0276, grad_norm: 3761.5999
2026-05-25 16:01:54,248 - DriveTransformer - INFO - Saving checkpoint at 6435 iterations
2026-05-25 16:02:17,776 - DriveTransformer - INFO - Iter [6450/12870]	lr: 1.510e-05, eta: 1:52:36, time: 1.237, data_time: 0.063, memory: 21575, loss_cls: 0.7307, loss_bbox: 0.7715, loss_traj: 2.5720, loss_traj_cls: 0.0004, loss_map_cls: 0.4165, loss_map_pts: 2.4518, loss_map_dir: 0.0333, d0.loss_plan_l1_fix_time: 3.3941, d0.loss_plan_l1_fix_dist: 0.2758, d1.loss_plan_l1_fix_time: 3.3989, d1.loss_plan_l1_fix_dist: 0.3042, d2.loss_plan_l1_fix_time: 3.4071, d2.loss_plan_l1_fix_dist: 0.3410, d3.loss_plan_l1_fix_time: 3.4186, d3.loss_plan_l1_fix_dist: 0.3832, d4.loss_plan_l1_fix_time: 3.4304, d4.loss_plan_l1_fix_dist: 0.4310, d5.loss_plan_l1_fix_time: 3.4438, d5.loss_plan_l1_fix_dist: 0.4823, d6.loss_plan_l1_fix_time: 3.4575, d6.loss_plan_l1_fix_dist: 0.5368, d7.loss_plan_l1_fix_time: 3.4730, d7.loss_plan_l1_fix_dist: 0.5914, d8.loss_plan_l1_fix_time: 3.4901, d8.loss_plan_l1_fix_dist: 0.6476, d0.loss_cls_all: 0.7427, d0.loss_bbox_all: 0.8087, d0.loss_cls: 0.7427, d0.loss_bbox: 0.8087, d1.loss_cls: 0.7376, d1.loss_bbox: 0.7504, d2.loss_cls: 0.7312, d2.loss_bbox: 0.7482, d3.loss_cls: 0.7257, d3.loss_bbox: 0.7411, d4.loss_cls: 0.7232, d4.loss_bbox: 0.7470, d5.loss_cls: 0.7231, d5.loss_bbox: 0.7514, d6.loss_cls: 0.7235, d6.loss_bbox: 0.7596, d7.loss_cls: 0.7287, d7.loss_bbox: 0.7661, d0.loss_traj_cls: 0.0003, d0.loss_traj: 2.6831, d1.loss_traj_cls: 0.0003, d1.loss_traj: 2.4949, d2.loss_traj_cls: 0.0003, d2.loss_traj: 2.5215, d3.loss_traj_cls: 0.0003, d3.loss_traj: 2.5364, d4.loss_traj_cls: 0.0004, d4.loss_traj: 2.5521, d5.loss_traj_cls: 0.0004, d5.loss_traj: 2.5566, d6.loss_traj_cls: 0.0003, d6.loss_traj: 2.5554, d7.loss_traj_cls: 0.0003, d7.loss_traj: 2.5676, d0.loss_map_cls_all: 0.4819, d0.loss_map_pts_all: 2.7772, d0.loss_map_dir_all: 0.0337, d0.loss_map_cls: 0.4819, d0.loss_map_pts: 2.7772, d0.loss_map_dir: 0.0337, d1.loss_map_cls: 0.4198, d1.loss_map_pts: 2.4392, d1.loss_map_dir: 0.0337, d2.loss_map_cls: 0.4197, d2.loss_map_pts: 2.4231, d2.loss_map_dir: 0.0334, d3.loss_map_cls: 0.4187, d3.loss_map_pts: 2.4171, d3.loss_map_dir: 0.0334, d4.loss_map_cls: 0.4136, d4.loss_map_pts: 2.4250, d4.loss_map_dir: 0.0333, d5.loss_map_cls: 0.4127, d5.loss_map_pts: 2.4310, d5.loss_map_dir: 0.0333, d6.loss_map_cls: 0.4141, d6.loss_map_pts: 2.4371, d6.loss_map_dir: 0.0333, d7.loss_map_cls: 0.4163, d7.loss_map_pts: 2.4458, d7.loss_map_dir: 0.0333, loss: 102.5657, grad_norm: 6997.9771
2026-05-25 16:03:11,436 - DriveTransformer - INFO - Iter [6500/12870]	lr: 1.492e-05, eta: 1:51:44, time: 1.073, data_time: 0.061, memory: 21575, loss_cls: 0.7069, loss_bbox: 0.7570, loss_traj: 0.9509, loss_traj_cls: 0.0004, loss_map_cls: 0.3444, loss_map_pts: 1.7625, loss_map_dir: 0.0329, d0.loss_plan_l1_fix_time: 3.3133, d0.loss_plan_l1_fix_dist: 0.4598, d1.loss_plan_l1_fix_time: 3.2870, d1.loss_plan_l1_fix_dist: 0.4706, d2.loss_plan_l1_fix_time: 3.2945, d2.loss_plan_l1_fix_dist: 0.4887, d3.loss_plan_l1_fix_time: 3.3017, d3.loss_plan_l1_fix_dist: 0.5103, d4.loss_plan_l1_fix_time: 3.3088, d4.loss_plan_l1_fix_dist: 0.5359, d5.loss_plan_l1_fix_time: 3.3173, d5.loss_plan_l1_fix_dist: 0.5654, d6.loss_plan_l1_fix_time: 3.3263, d6.loss_plan_l1_fix_dist: 0.5993, d7.loss_plan_l1_fix_time: 3.3362, d7.loss_plan_l1_fix_dist: 0.6365, d8.loss_plan_l1_fix_time: 3.3473, d8.loss_plan_l1_fix_dist: 0.6760, d0.loss_cls_all: 0.7200, d0.loss_bbox_all: 0.8235, d0.loss_cls: 0.7200, d0.loss_bbox: 0.8235, d1.loss_cls: 0.7154, d1.loss_bbox: 0.7748, d2.loss_cls: 0.7098, d2.loss_bbox: 0.7552, d3.loss_cls: 0.7075, d3.loss_bbox: 0.7455, d4.loss_cls: 0.7067, d4.loss_bbox: 0.7486, d5.loss_cls: 0.7060, d5.loss_bbox: 0.7474, d6.loss_cls: 0.7057, d6.loss_bbox: 0.7472, d7.loss_cls: 0.7091, d7.loss_bbox: 0.7474, d0.loss_traj_cls: 0.0003, d0.loss_traj: 0.8609, d1.loss_traj_cls: 0.0003, d1.loss_traj: 0.8275, d2.loss_traj_cls: 0.0003, d2.loss_traj: 0.8292, d3.loss_traj_cls: 0.0003, d3.loss_traj: 0.8189, d4.loss_traj_cls: 0.0003, d4.loss_traj: 0.8437, d5.loss_traj_cls: 0.0004, d5.loss_traj: 0.8595, d6.loss_traj_cls: 0.0003, d6.loss_traj: 0.9007, d7.loss_traj_cls: 0.0003, d7.loss_traj: 0.9337, d0.loss_map_cls_all: 0.3474, d0.loss_map_pts_all: 2.6267, d0.loss_map_dir_all: 0.0323, d0.loss_map_cls: 0.3474, d0.loss_map_pts: 2.6267, d0.loss_map_dir: 0.0323, d1.loss_map_cls: 0.3247, d1.loss_map_pts: 1.9263, d1.loss_map_dir: 0.0324, d2.loss_map_cls: 0.3265, d2.loss_map_pts: 1.7276, d2.loss_map_dir: 0.0327, d3.loss_map_cls: 0.3319, d3.loss_map_pts: 1.7179, d3.loss_map_dir: 0.0328, d4.loss_map_cls: 0.3365, d4.loss_map_pts: 1.7243, d4.loss_map_dir: 0.0328, d5.loss_map_cls: 0.3394, d5.loss_map_pts: 1.7329, d5.loss_map_dir: 0.0329, d6.loss_map_cls: 0.3402, d6.loss_map_pts: 1.7416, d6.loss_map_dir: 0.0329, d7.loss_map_cls: 0.3429, d7.loss_map_pts: 1.7517, d7.loss_map_dir: 0.0329, loss: 80.4260, grad_norm: 6733.8634
2026-05-25 16:04:01,775 - DriveTransformer - INFO - Iter [6550/12870]	lr: 1.474e-05, eta: 1:50:50, time: 1.007, data_time: 0.061, memory: 21575, loss_cls: 0.7186, loss_bbox: 0.8250, loss_traj: 1.6419, loss_traj_cls: 0.0003, loss_map_cls: 0.2721, loss_map_pts: 1.5885, loss_map_dir: 0.0117, d0.loss_plan_l1_fix_time: 3.0289, d0.loss_plan_l1_fix_dist: 0.3698, d1.loss_plan_l1_fix_time: 2.9551, d1.loss_plan_l1_fix_dist: 0.3643, d2.loss_plan_l1_fix_time: 2.9469, d2.loss_plan_l1_fix_dist: 0.3746, d3.loss_plan_l1_fix_time: 2.9497, d3.loss_plan_l1_fix_dist: 0.3913, d4.loss_plan_l1_fix_time: 2.9549, d4.loss_plan_l1_fix_dist: 0.4151, d5.loss_plan_l1_fix_time: 2.9617, d5.loss_plan_l1_fix_dist: 0.4429, d6.loss_plan_l1_fix_time: 2.9698, d6.loss_plan_l1_fix_dist: 0.4746, d7.loss_plan_l1_fix_time: 2.9788, d7.loss_plan_l1_fix_dist: 0.5115, d8.loss_plan_l1_fix_time: 2.9893, d8.loss_plan_l1_fix_dist: 0.5526, d0.loss_cls_all: 0.7445, d0.loss_bbox_all: 0.8559, d0.loss_cls: 0.7445, d0.loss_bbox: 0.8559, d1.loss_cls: 0.7316, d1.loss_bbox: 0.8209, d2.loss_cls: 0.7291, d2.loss_bbox: 0.8128, d3.loss_cls: 0.7283, d3.loss_bbox: 0.8109, d4.loss_cls: 0.7263, d4.loss_bbox: 0.8115, d5.loss_cls: 0.7250, d5.loss_bbox: 0.8113, d6.loss_cls: 0.7222, d6.loss_bbox: 0.8130, d7.loss_cls: 0.7197, d7.loss_bbox: 0.8198, d0.loss_traj_cls: 0.0002, d0.loss_traj: 1.7902, d1.loss_traj_cls: 0.0002, d1.loss_traj: 1.6486, d2.loss_traj_cls: 0.0002, d2.loss_traj: 1.5975, d3.loss_traj_cls: 0.0002, d3.loss_traj: 1.5848, d4.loss_traj_cls: 0.0002, d4.loss_traj: 1.5895, d5.loss_traj_cls: 0.0002, d5.loss_traj: 1.6083, d6.loss_traj_cls: 0.0002, d6.loss_traj: 1.6355, d7.loss_traj_cls: 0.0002, d7.loss_traj: 1.6364, d0.loss_map_cls_all: 0.3223, d0.loss_map_pts_all: 2.0479, d0.loss_map_dir_all: 0.0106, d0.loss_map_cls: 0.3223, d0.loss_map_pts: 2.0479, d0.loss_map_dir: 0.0106, d1.loss_map_cls: 0.2662, d1.loss_map_pts: 1.7620, d1.loss_map_dir: 0.0104, d2.loss_map_cls: 0.2610, d2.loss_map_pts: 1.6049, d2.loss_map_dir: 0.0113, d3.loss_map_cls: 0.2631, d3.loss_map_pts: 1.5791, d3.loss_map_dir: 0.0116, d4.loss_map_cls: 0.2652, d4.loss_map_pts: 1.5755, d4.loss_map_dir: 0.0119, d5.loss_map_cls: 0.2668, d5.loss_map_pts: 1.5757, d5.loss_map_dir: 0.0118, d6.loss_map_cls: 0.2682, d6.loss_map_pts: 1.5795, d6.loss_map_dir: 0.0118, d7.loss_map_cls: 0.2701, d7.loss_map_pts: 1.5841, d7.loss_map_dir: 0.0118, loss: 80.7293, grad_norm: 4899.9418
2026-05-25 16:04:52,232 - DriveTransformer - INFO - Iter [6600/12870]	lr: 1.456e-05, eta: 1:49:55, time: 1.009, data_time: 0.062, memory: 21575, loss_cls: 0.6863, loss_bbox: 0.7341, loss_traj: 1.2252, loss_traj_cls: 0.0002, loss_map_cls: 0.2869, loss_map_pts: 1.1967, loss_map_dir: 0.0076, d0.loss_plan_l1_fix_time: 1.4135, d0.loss_plan_l1_fix_dist: 0.1999, d1.loss_plan_l1_fix_time: 1.3364, d1.loss_plan_l1_fix_dist: 0.2142, d2.loss_plan_l1_fix_time: 1.3470, d2.loss_plan_l1_fix_dist: 0.2315, d3.loss_plan_l1_fix_time: 1.3617, d3.loss_plan_l1_fix_dist: 0.2518, d4.loss_plan_l1_fix_time: 1.3755, d4.loss_plan_l1_fix_dist: 0.2736, d5.loss_plan_l1_fix_time: 1.3889, d5.loss_plan_l1_fix_dist: 0.2971, d6.loss_plan_l1_fix_time: 1.4031, d6.loss_plan_l1_fix_dist: 0.3238, d7.loss_plan_l1_fix_time: 1.4179, d7.loss_plan_l1_fix_dist: 0.3526, d8.loss_plan_l1_fix_time: 1.4337, d8.loss_plan_l1_fix_dist: 0.3866, d0.loss_cls_all: 0.6825, d0.loss_bbox_all: 0.8031, d0.loss_cls: 0.6825, d0.loss_bbox: 0.8031, d1.loss_cls: 0.6795, d1.loss_bbox: 0.7645, d2.loss_cls: 0.6839, d2.loss_bbox: 0.7462, d3.loss_cls: 0.6847, d3.loss_bbox: 0.7396, d4.loss_cls: 0.6810, d4.loss_bbox: 0.7399, d5.loss_cls: 0.6836, d5.loss_bbox: 0.7337, d6.loss_cls: 0.6823, d6.loss_bbox: 0.7320, d7.loss_cls: 0.6847, d7.loss_bbox: 0.7340, d0.loss_traj_cls: 0.0002, d0.loss_traj: 1.2864, d1.loss_traj_cls: 0.0002, d1.loss_traj: 1.0977, d2.loss_traj_cls: 0.0002, d2.loss_traj: 1.1530, d3.loss_traj_cls: 0.0002, d3.loss_traj: 1.1596, d4.loss_traj_cls: 0.0002, d4.loss_traj: 1.1651, d5.loss_traj_cls: 0.0002, d5.loss_traj: 1.1923, d6.loss_traj_cls: 0.0002, d6.loss_traj: 1.1961, d7.loss_traj_cls: 0.0002, d7.loss_traj: 1.1939, d0.loss_map_cls_all: 0.3740, d0.loss_map_pts_all: 1.5032, d0.loss_map_dir_all: 0.0068, d0.loss_map_cls: 0.3740, d0.loss_map_pts: 1.5032, d0.loss_map_dir: 0.0068, d1.loss_map_cls: 0.3098, d1.loss_map_pts: 1.2172, d1.loss_map_dir: 0.0073, d2.loss_map_cls: 0.2833, d2.loss_map_pts: 1.1763, d2.loss_map_dir: 0.0075, d3.loss_map_cls: 0.2872, d3.loss_map_pts: 1.1689, d3.loss_map_dir: 0.0076, d4.loss_map_cls: 0.2865, d4.loss_map_pts: 1.1709, d4.loss_map_dir: 0.0076, d5.loss_map_cls: 0.2855, d5.loss_map_pts: 1.1754, d5.loss_map_dir: 0.0076, d6.loss_map_cls: 0.2868, d6.loss_map_pts: 1.1818, d6.loss_map_dir: 0.0076, d7.loss_map_cls: 0.2872, d7.loss_map_pts: 1.1885, d7.loss_map_dir: 0.0076, loss: 55.6587, grad_norm: 7669.6246
2026-05-25 16:05:41,237 - DriveTransformer - INFO - Iter [6650/12870]	lr: 1.437e-05, eta: 1:48:59, time: 0.980, data_time: 0.063, memory: 21575, loss_cls: 0.7080, loss_bbox: 0.8563, loss_traj: 1.3510, loss_traj_cls: 0.0003, loss_map_cls: 0.1647, loss_map_pts: 0.6657, loss_map_dir: 0.0066, d0.loss_plan_l1_fix_time: 2.2305, d0.loss_plan_l1_fix_dist: 0.2447, d1.loss_plan_l1_fix_time: 1.9966, d1.loss_plan_l1_fix_dist: 0.2274, d2.loss_plan_l1_fix_time: 1.9610, d2.loss_plan_l1_fix_dist: 0.2303, d3.loss_plan_l1_fix_time: 1.9565, d3.loss_plan_l1_fix_dist: 0.2378, d4.loss_plan_l1_fix_time: 1.9591, d4.loss_plan_l1_fix_dist: 0.2495, d5.loss_plan_l1_fix_time: 1.9647, d5.loss_plan_l1_fix_dist: 0.2637, d6.loss_plan_l1_fix_time: 1.9721, d6.loss_plan_l1_fix_dist: 0.2793, d7.loss_plan_l1_fix_time: 1.9805, d7.loss_plan_l1_fix_dist: 0.2972, d8.loss_plan_l1_fix_time: 1.9909, d8.loss_plan_l1_fix_dist: 0.3190, d0.loss_cls_all: 0.7940, d0.loss_bbox_all: 0.8887, d0.loss_cls: 0.7940, d0.loss_bbox: 0.8887, d1.loss_cls: 0.7524, d1.loss_bbox: 0.8735, d2.loss_cls: 0.7260, d2.loss_bbox: 0.8785, d3.loss_cls: 0.7154, d3.loss_bbox: 0.8687, d4.loss_cls: 0.7078, d4.loss_bbox: 0.8656, d5.loss_cls: 0.7030, d5.loss_bbox: 0.8603, d6.loss_cls: 0.6988, d6.loss_bbox: 0.8620, d7.loss_cls: 0.7027, d7.loss_bbox: 0.8589, d0.loss_traj_cls: 0.0003, d0.loss_traj: 1.5622, d1.loss_traj_cls: 0.0003, d1.loss_traj: 1.3219, d2.loss_traj_cls: 0.0003, d2.loss_traj: 1.2945, d3.loss_traj_cls: 0.0003, d3.loss_traj: 1.3056, d4.loss_traj_cls: 0.0003, d4.loss_traj: 1.3398, d5.loss_traj_cls: 0.0003, d5.loss_traj: 1.3452, d6.loss_traj_cls: 0.0003, d6.loss_traj: 1.3484, d7.loss_traj_cls: 0.0003, d7.loss_traj: 1.3478, d0.loss_map_cls_all: 0.2244, d0.loss_map_pts_all: 0.9868, d0.loss_map_dir_all: 0.0063, d0.loss_map_cls: 0.2244, d0.loss_map_pts: 0.9868, d0.loss_map_dir: 0.0063, d1.loss_map_cls: 0.1773, d1.loss_map_pts: 0.7198, d1.loss_map_dir: 0.0064, d2.loss_map_cls: 0.1546, d2.loss_map_pts: 0.6611, d2.loss_map_dir: 0.0065, d3.loss_map_cls: 0.1522, d3.loss_map_pts: 0.6523, d3.loss_map_dir: 0.0066, d4.loss_map_cls: 0.1558, d4.loss_map_pts: 0.6531, d4.loss_map_dir: 0.0066, d5.loss_map_cls: 0.1578, d5.loss_map_pts: 0.6557, d5.loss_map_dir: 0.0066, d6.loss_map_cls: 0.1614, d6.loss_map_pts: 0.6584, d6.loss_map_dir: 0.0066, d7.loss_map_cls: 0.1637, d7.loss_map_pts: 0.6613, d7.loss_map_dir: 0.0066, loss: 57.6856, grad_norm: 3318.1470
2026-05-25 16:06:29,381 - DriveTransformer - INFO - Iter [6700/12870]	lr: 1.419e-05, eta: 1:48:02, time: 0.963, data_time: 0.063, memory: 21575, loss_cls: 0.6571, loss_bbox: 0.7622, loss_traj: 1.5183, loss_traj_cls: 0.0003, loss_map_cls: 0.2366, loss_map_pts: 0.8303, loss_map_dir: 0.0045, d0.loss_plan_l1_fix_time: 2.2602, d0.loss_plan_l1_fix_dist: 0.2289, d1.loss_plan_l1_fix_time: 2.0353, d1.loss_plan_l1_fix_dist: 0.2310, d2.loss_plan_l1_fix_time: 2.0161, d2.loss_plan_l1_fix_dist: 0.2502, d3.loss_plan_l1_fix_time: 2.0173, d3.loss_plan_l1_fix_dist: 0.2706, d4.loss_plan_l1_fix_time: 2.0218, d4.loss_plan_l1_fix_dist: 0.2928, d5.loss_plan_l1_fix_time: 2.0276, d5.loss_plan_l1_fix_dist: 0.3155, d6.loss_plan_l1_fix_time: 2.0354, d6.loss_plan_l1_fix_dist: 0.3387, d7.loss_plan_l1_fix_time: 2.0442, d7.loss_plan_l1_fix_dist: 0.3631, d8.loss_plan_l1_fix_time: 2.0543, d8.loss_plan_l1_fix_dist: 0.3904, d0.loss_cls_all: 0.7335, d0.loss_bbox_all: 0.7555, d0.loss_cls: 0.7335, d0.loss_bbox: 0.7555, d1.loss_cls: 0.6994, d1.loss_bbox: 0.7480, d2.loss_cls: 0.6743, d2.loss_bbox: 0.7553, d3.loss_cls: 0.6680, d3.loss_bbox: 0.7594, d4.loss_cls: 0.6595, d4.loss_bbox: 0.7632, d5.loss_cls: 0.6554, d5.loss_bbox: 0.7586, d6.loss_cls: 0.6505, d6.loss_bbox: 0.7643, d7.loss_cls: 0.6551, d7.loss_bbox: 0.7634, d0.loss_traj_cls: 0.0003, d0.loss_traj: 1.5296, d1.loss_traj_cls: 0.0003, d1.loss_traj: 1.5063, d2.loss_traj_cls: 0.0003, d2.loss_traj: 1.5112, d3.loss_traj_cls: 0.0003, d3.loss_traj: 1.5176, d4.loss_traj_cls: 0.0003, d4.loss_traj: 1.5213, d5.loss_traj_cls: 0.0003, d5.loss_traj: 1.5186, d6.loss_traj_cls: 0.0003, d6.loss_traj: 1.5119, d7.loss_traj_cls: 0.0003, d7.loss_traj: 1.5005, d0.loss_map_cls_all: 0.2522, d0.loss_map_pts_all: 1.1963, d0.loss_map_dir_all: 0.0036, d0.loss_map_cls: 0.2522, d0.loss_map_pts: 1.1963, d0.loss_map_dir: 0.0036, d1.loss_map_cls: 0.2270, d1.loss_map_pts: 0.8692, d1.loss_map_dir: 0.0043, d2.loss_map_cls: 0.2165, d2.loss_map_pts: 0.8199, d2.loss_map_dir: 0.0044, d3.loss_map_cls: 0.2185, d3.loss_map_pts: 0.8187, d3.loss_map_dir: 0.0044, d4.loss_map_cls: 0.2209, d4.loss_map_pts: 0.8233, d4.loss_map_dir: 0.0044, d5.loss_map_cls: 0.2275, d5.loss_map_pts: 0.8227, d5.loss_map_dir: 0.0045, d6.loss_map_cls: 0.2296, d6.loss_map_pts: 0.8257, d6.loss_map_dir: 0.0045, d7.loss_map_cls: 0.2336, d7.loss_map_pts: 0.8269, d7.loss_map_dir: 0.0045, loss: 60.5894, grad_norm: 11753.0673
2026-05-25 16:07:17,529 - DriveTransformer - INFO - Iter [6750/12870]	lr: 1.401e-05, eta: 1:47:06, time: 0.963, data_time: 0.061, memory: 21575, loss_cls: 0.7409, loss_bbox: 0.8118, loss_traj: 2.4180, loss_traj_cls: 0.0003, loss_map_cls: 0.2802, loss_map_pts: 0.9543, loss_map_dir: 0.0036, d0.loss_plan_l1_fix_time: 3.8717, d0.loss_plan_l1_fix_dist: 0.2233, d1.loss_plan_l1_fix_time: 3.8571, d1.loss_plan_l1_fix_dist: 0.2203, d2.loss_plan_l1_fix_time: 3.8775, d2.loss_plan_l1_fix_dist: 0.2358, d3.loss_plan_l1_fix_time: 3.8932, d3.loss_plan_l1_fix_dist: 0.2518, d4.loss_plan_l1_fix_time: 3.9082, d4.loss_plan_l1_fix_dist: 0.2692, d5.loss_plan_l1_fix_time: 3.9226, d5.loss_plan_l1_fix_dist: 0.2890, d6.loss_plan_l1_fix_time: 3.9373, d6.loss_plan_l1_fix_dist: 0.3102, d7.loss_plan_l1_fix_time: 3.9526, d7.loss_plan_l1_fix_dist: 0.3349, d8.loss_plan_l1_fix_time: 3.9691, d8.loss_plan_l1_fix_dist: 0.3634, d0.loss_cls_all: 0.7390, d0.loss_bbox_all: 0.9411, d0.loss_cls: 0.7390, d0.loss_bbox: 0.9411, d1.loss_cls: 0.7346, d1.loss_bbox: 0.8604, d2.loss_cls: 0.7245, d2.loss_bbox: 0.8416, d3.loss_cls: 0.7290, d3.loss_bbox: 0.8257, d4.loss_cls: 0.7353, d4.loss_bbox: 0.8214, d5.loss_cls: 0.7398, d5.loss_bbox: 0.8155, d6.loss_cls: 0.7438, d6.loss_bbox: 0.8153, d7.loss_cls: 0.7406, d7.loss_bbox: 0.8138, d0.loss_traj_cls: 0.0003, d0.loss_traj: 3.0713, d1.loss_traj_cls: 0.0003, d1.loss_traj: 2.4456, d2.loss_traj_cls: 0.0003, d2.loss_traj: 2.4042, d3.loss_traj_cls: 0.0003, d3.loss_traj: 2.3445, d4.loss_traj_cls: 0.0003, d4.loss_traj: 2.3186, d5.loss_traj_cls: 0.0003, d5.loss_traj: 2.3347, d6.loss_traj_cls: 0.0003, d6.loss_traj: 2.3525, d7.loss_traj_cls: 0.0003, d7.loss_traj: 2.3993, d0.loss_map_cls_all: 0.3265, d0.loss_map_pts_all: 1.0495, d0.loss_map_dir_all: 0.0036, d0.loss_map_cls: 0.3265, d0.loss_map_pts: 1.0495, d0.loss_map_dir: 0.0036, d1.loss_map_cls: 0.2684, d1.loss_map_pts: 0.9667, d1.loss_map_dir: 0.0036, d2.loss_map_cls: 0.2611, d2.loss_map_pts: 0.9391, d2.loss_map_dir: 0.0037, d3.loss_map_cls: 0.2661, d3.loss_map_pts: 0.9345, d3.loss_map_dir: 0.0037, d4.loss_map_cls: 0.2684, d4.loss_map_pts: 0.9360, d4.loss_map_dir: 0.0037, d5.loss_map_cls: 0.2712, d5.loss_map_pts: 0.9422, d5.loss_map_dir: 0.0037, d6.loss_map_cls: 0.2734, d6.loss_map_pts: 0.9462, d6.loss_map_dir: 0.0037, d7.loss_map_cls: 0.2786, d7.loss_map_pts: 0.9492, d7.loss_map_dir: 0.0037, loss: 88.1575, grad_norm: 1520.4850
2026-05-25 16:08:06,665 - DriveTransformer - INFO - Iter [6800/12870]	lr: 1.383e-05, eta: 1:46:10, time: 0.983, data_time: 0.061, memory: 21575, loss_cls: 0.7462, loss_bbox: 0.7167, loss_traj: 2.0549, loss_traj_cls: 0.0003, loss_map_cls: 0.4230, loss_map_pts: 1.7052, loss_map_dir: 0.0210, d0.loss_plan_l1_fix_time: 1.6154, d0.loss_plan_l1_fix_dist: 0.2896, d1.loss_plan_l1_fix_time: 1.4823, d1.loss_plan_l1_fix_dist: 0.2881, d2.loss_plan_l1_fix_time: 1.4877, d2.loss_plan_l1_fix_dist: 0.3022, d3.loss_plan_l1_fix_time: 1.4962, d3.loss_plan_l1_fix_dist: 0.3236, d4.loss_plan_l1_fix_time: 1.5055, d4.loss_plan_l1_fix_dist: 0.3491, d5.loss_plan_l1_fix_time: 1.5155, d5.loss_plan_l1_fix_dist: 0.3774, d6.loss_plan_l1_fix_time: 1.5263, d6.loss_plan_l1_fix_dist: 0.4068, d7.loss_plan_l1_fix_time: 1.5382, d7.loss_plan_l1_fix_dist: 0.4379, d8.loss_plan_l1_fix_time: 1.5491, d8.loss_plan_l1_fix_dist: 0.4725, d0.loss_cls_all: 0.7271, d0.loss_bbox_all: 0.7724, d0.loss_cls: 0.7271, d0.loss_bbox: 0.7724, d1.loss_cls: 0.7367, d1.loss_bbox: 0.7228, d2.loss_cls: 0.7345, d2.loss_bbox: 0.7108, d3.loss_cls: 0.7388, d3.loss_bbox: 0.7070, d4.loss_cls: 0.7437, d4.loss_bbox: 0.7164, d5.loss_cls: 0.7462, d5.loss_bbox: 0.7052, d6.loss_cls: 0.7439, d6.loss_bbox: 0.7067, d7.loss_cls: 0.7456, d7.loss_bbox: 0.7124, d0.loss_traj_cls: 0.0003, d0.loss_traj: 2.4188, d1.loss_traj_cls: 0.0003, d1.loss_traj: 2.2621, d2.loss_traj_cls: 0.0003, d2.loss_traj: 2.2005, d3.loss_traj_cls: 0.0003, d3.loss_traj: 2.1295, d4.loss_traj_cls: 0.0003, d4.loss_traj: 2.0684, d5.loss_traj_cls: 0.0003, d5.loss_traj: 2.0268, d6.loss_traj_cls: 0.0003, d6.loss_traj: 2.0476, d7.loss_traj_cls: 0.0003, d7.loss_traj: 2.0464, d0.loss_map_cls_all: 0.4831, d0.loss_map_pts_all: 1.9462, d0.loss_map_dir_all: 0.0205, d0.loss_map_cls: 0.4831, d0.loss_map_pts: 1.9462, d0.loss_map_dir: 0.0205, d1.loss_map_cls: 0.4309, d1.loss_map_pts: 1.7942, d1.loss_map_dir: 0.0206, d2.loss_map_cls: 0.4172, d2.loss_map_pts: 1.7050, d2.loss_map_dir: 0.0207, d3.loss_map_cls: 0.4209, d3.loss_map_pts: 1.6891, d3.loss_map_dir: 0.0207, d4.loss_map_cls: 0.4174, d4.loss_map_pts: 1.6925, d4.loss_map_dir: 0.0208, d5.loss_map_cls: 0.4208, d5.loss_map_pts: 1.6910, d5.loss_map_dir: 0.0210, d6.loss_map_cls: 0.4225, d6.loss_map_pts: 1.6939, d6.loss_map_dir: 0.0210, d7.loss_map_cls: 0.4223, d7.loss_map_pts: 1.6991, d7.loss_map_dir: 0.0210, loss: 72.9645, grad_norm: 12218.9149
2026-05-25 16:08:55,586 - DriveTransformer - INFO - Iter [6850/12870]	lr: 1.365e-05, eta: 1:45:15, time: 0.978, data_time: 0.061, memory: 21575, loss_cls: 0.8489, loss_bbox: 0.6939, loss_traj: 2.3988, loss_traj_cls: 0.0004, loss_map_cls: 0.4381, loss_map_pts: 1.3930, loss_map_dir: 0.0134, d0.loss_plan_l1_fix_time: 2.4390, d0.loss_plan_l1_fix_dist: 0.2274, d1.loss_plan_l1_fix_time: 2.1422, d1.loss_plan_l1_fix_dist: 0.2421, d2.loss_plan_l1_fix_time: 2.1109, d2.loss_plan_l1_fix_dist: 0.2688, d3.loss_plan_l1_fix_time: 2.1044, d3.loss_plan_l1_fix_dist: 0.2986, d4.loss_plan_l1_fix_time: 2.1068, d4.loss_plan_l1_fix_dist: 0.3303, d5.loss_plan_l1_fix_time: 2.1129, d5.loss_plan_l1_fix_dist: 0.3619, d6.loss_plan_l1_fix_time: 2.1203, d6.loss_plan_l1_fix_dist: 0.3932, d7.loss_plan_l1_fix_time: 2.1290, d7.loss_plan_l1_fix_dist: 0.4256, d8.loss_plan_l1_fix_time: 2.1384, d8.loss_plan_l1_fix_dist: 0.4586, d0.loss_cls_all: 0.8251, d0.loss_bbox_all: 0.7686, d0.loss_cls: 0.8251, d0.loss_bbox: 0.7686, d1.loss_cls: 0.8236, d1.loss_bbox: 0.7111, d2.loss_cls: 0.8286, d2.loss_bbox: 0.7085, d3.loss_cls: 0.8307, d3.loss_bbox: 0.6987, d4.loss_cls: 0.8380, d4.loss_bbox: 0.6895, d5.loss_cls: 0.8419, d5.loss_bbox: 0.6853, d6.loss_cls: 0.8445, d6.loss_bbox: 0.6866, d7.loss_cls: 0.8464, d7.loss_bbox: 0.6883, d0.loss_traj_cls: 0.0003, d0.loss_traj: 2.9037, d1.loss_traj_cls: 0.0003, d1.loss_traj: 2.3686, d2.loss_traj_cls: 0.0003, d2.loss_traj: 2.3232, d3.loss_traj_cls: 0.0003, d3.loss_traj: 2.3219, d4.loss_traj_cls: 0.0003, d4.loss_traj: 2.3327, d5.loss_traj_cls: 0.0003, d5.loss_traj: 2.3476, d6.loss_traj_cls: 0.0003, d6.loss_traj: 2.3524, d7.loss_traj_cls: 0.0003, d7.loss_traj: 2.3762, d0.loss_map_cls_all: 0.4227, d0.loss_map_pts_all: 1.5813, d0.loss_map_dir_all: 0.0143, d0.loss_map_cls: 0.4227, d0.loss_map_pts: 1.5813, d0.loss_map_dir: 0.0143, d1.loss_map_cls: 0.3728, d1.loss_map_pts: 1.4501, d1.loss_map_dir: 0.0139, d2.loss_map_cls: 0.3847, d2.loss_map_pts: 1.4008, d2.loss_map_dir: 0.0135, d3.loss_map_cls: 0.4050, d3.loss_map_pts: 1.3900, d3.loss_map_dir: 0.0134, d4.loss_map_cls: 0.4119, d4.loss_map_pts: 1.3926, d4.loss_map_dir: 0.0134, d5.loss_map_cls: 0.4243, d5.loss_map_pts: 1.3897, d5.loss_map_dir: 0.0135, d6.loss_map_cls: 0.4284, d6.loss_map_pts: 1.3907, d6.loss_map_dir: 0.0135, d7.loss_map_cls: 0.4349, d7.loss_map_pts: 1.3907, d7.loss_map_dir: 0.0135, loss: 78.2324, grad_norm: 8480.8438
2026-05-25 16:09:10,214 - DriveTransformer - INFO - Saving checkpoint at 6864 iterations
2026-05-25 16:09:57,716 - DriveTransformer - INFO - Iter [6900/12870]	lr: 1.347e-05, eta: 1:44:31, time: 1.243, data_time: 0.062, memory: 21575, loss_cls: 0.8900, loss_bbox: 0.8552, loss_traj: 3.6398, loss_traj_cls: 0.0004, loss_map_cls: 0.4433, loss_map_pts: 2.0397, loss_map_dir: 0.0312, d0.loss_plan_l1_fix_time: 5.0936, d0.loss_plan_l1_fix_dist: 0.4405, d1.loss_plan_l1_fix_time: 5.1455, d1.loss_plan_l1_fix_dist: 0.4417, d2.loss_plan_l1_fix_time: 5.1557, d2.loss_plan_l1_fix_dist: 0.4520, d3.loss_plan_l1_fix_time: 5.1729, d3.loss_plan_l1_fix_dist: 0.4622, d4.loss_plan_l1_fix_time: 5.1873, d4.loss_plan_l1_fix_dist: 0.4757, d5.loss_plan_l1_fix_time: 5.2006, d5.loss_plan_l1_fix_dist: 0.4935, d6.loss_plan_l1_fix_time: 5.2168, d6.loss_plan_l1_fix_dist: 0.5115, d7.loss_plan_l1_fix_time: 5.2346, d7.loss_plan_l1_fix_dist: 0.5320, d8.loss_plan_l1_fix_time: 5.2529, d8.loss_plan_l1_fix_dist: 0.5568, d0.loss_cls_all: 0.8825, d0.loss_bbox_all: 0.9387, d0.loss_cls: 0.8825, d0.loss_bbox: 0.9387, d1.loss_cls: 0.8728, d1.loss_bbox: 0.8717, d2.loss_cls: 0.8704, d2.loss_bbox: 0.8553, d3.loss_cls: 0.8701, d3.loss_bbox: 0.8494, d4.loss_cls: 0.8755, d4.loss_bbox: 0.8476, d5.loss_cls: 0.8791, d5.loss_bbox: 0.8526, d6.loss_cls: 0.8830, d6.loss_bbox: 0.8517, d7.loss_cls: 0.8873, d7.loss_bbox: 0.8528, d0.loss_traj_cls: 0.0003, d0.loss_traj: 3.2472, d1.loss_traj_cls: 0.0003, d1.loss_traj: 3.2995, d2.loss_traj_cls: 0.0003, d2.loss_traj: 3.3600, d3.loss_traj_cls: 0.0003, d3.loss_traj: 3.4218, d4.loss_traj_cls: 0.0003, d4.loss_traj: 3.4853, d5.loss_traj_cls: 0.0003, d5.loss_traj: 3.5270, d6.loss_traj_cls: 0.0003, d6.loss_traj: 3.5733, d7.loss_traj_cls: 0.0004, d7.loss_traj: 3.6137, d0.loss_map_cls_all: 0.5003, d0.loss_map_pts_all: 2.5989, d0.loss_map_dir_all: 0.0298, d0.loss_map_cls: 0.5003, d0.loss_map_pts: 2.5989, d0.loss_map_dir: 0.0298, d1.loss_map_cls: 0.4396, d1.loss_map_pts: 2.1373, d1.loss_map_dir: 0.0304, d2.loss_map_cls: 0.4327, d2.loss_map_pts: 2.0727, d2.loss_map_dir: 0.0309, d3.loss_map_cls: 0.4304, d3.loss_map_pts: 2.0498, d3.loss_map_dir: 0.0311, d4.loss_map_cls: 0.4282, d4.loss_map_pts: 2.0491, d4.loss_map_dir: 0.0309, d5.loss_map_cls: 0.4302, d5.loss_map_pts: 2.0434, d5.loss_map_dir: 0.0312, d6.loss_map_cls: 0.4353, d6.loss_map_pts: 2.0414, d6.loss_map_dir: 0.0312, d7.loss_map_cls: 0.4387, d7.loss_map_pts: 2.0412, d7.loss_map_dir: 0.0311, loss: 126.1624, grad_norm: 8282.5225
2026-05-25 16:10:51,699 - DriveTransformer - INFO - Iter [6950/12870]	lr: 1.329e-05, eta: 1:43:39, time: 1.080, data_time: 0.062, memory: 21575, loss_cls: 0.7660, loss_bbox: 0.8735, loss_traj: 1.6136, loss_traj_cls: 0.0004, loss_map_cls: 0.3873, loss_map_pts: 1.6806, loss_map_dir: 0.0303, d0.loss_plan_l1_fix_time: 3.5813, d0.loss_plan_l1_fix_dist: 0.4495, d1.loss_plan_l1_fix_time: 3.4858, d1.loss_plan_l1_fix_dist: 0.4449, d2.loss_plan_l1_fix_time: 3.4880, d2.loss_plan_l1_fix_dist: 0.4505, d3.loss_plan_l1_fix_time: 3.4934, d3.loss_plan_l1_fix_dist: 0.4614, d4.loss_plan_l1_fix_time: 3.5008, d4.loss_plan_l1_fix_dist: 0.4756, d5.loss_plan_l1_fix_time: 3.5086, d5.loss_plan_l1_fix_dist: 0.4915, d6.loss_plan_l1_fix_time: 3.5166, d6.loss_plan_l1_fix_dist: 0.5096, d7.loss_plan_l1_fix_time: 3.5257, d7.loss_plan_l1_fix_dist: 0.5287, d8.loss_plan_l1_fix_time: 3.5356, d8.loss_plan_l1_fix_dist: 0.5492, d0.loss_cls_all: 0.7876, d0.loss_bbox_all: 0.9451, d0.loss_cls: 0.7876, d0.loss_bbox: 0.9451, d1.loss_cls: 0.7709, d1.loss_bbox: 0.9149, d2.loss_cls: 0.7688, d2.loss_bbox: 0.8973, d3.loss_cls: 0.7681, d3.loss_bbox: 0.8855, d4.loss_cls: 0.7687, d4.loss_bbox: 0.8829, d5.loss_cls: 0.7660, d5.loss_bbox: 0.8820, d6.loss_cls: 0.7641, d6.loss_bbox: 0.8801, d7.loss_cls: 0.7630, d7.loss_bbox: 0.8784, d0.loss_traj_cls: 0.0003, d0.loss_traj: 1.5798, d1.loss_traj_cls: 0.0003, d1.loss_traj: 1.6499, d2.loss_traj_cls: 0.0003, d2.loss_traj: 1.6124, d3.loss_traj_cls: 0.0003, d3.loss_traj: 1.6150, d4.loss_traj_cls: 0.0003, d4.loss_traj: 1.5979, d5.loss_traj_cls: 0.0004, d5.loss_traj: 1.6087, d6.loss_traj_cls: 0.0004, d6.loss_traj: 1.6118, d7.loss_traj_cls: 0.0004, d7.loss_traj: 1.6137, d0.loss_map_cls_all: 0.3752, d0.loss_map_pts_all: 2.6621, d0.loss_map_dir_all: 0.0297, d0.loss_map_cls: 0.3752, d0.loss_map_pts: 2.6621, d0.loss_map_dir: 0.0297, d1.loss_map_cls: 0.3731, d1.loss_map_pts: 1.9163, d1.loss_map_dir: 0.0296, d2.loss_map_cls: 0.3704, d2.loss_map_pts: 1.7102, d2.loss_map_dir: 0.0300, d3.loss_map_cls: 0.3667, d3.loss_map_pts: 1.6842, d3.loss_map_dir: 0.0301, d4.loss_map_cls: 0.3705, d4.loss_map_pts: 1.6779, d4.loss_map_dir: 0.0301, d5.loss_map_cls: 0.3751, d5.loss_map_pts: 1.6747, d5.loss_map_dir: 0.0302, d6.loss_map_cls: 0.3794, d6.loss_map_pts: 1.6769, d6.loss_map_dir: 0.0302, d7.loss_map_cls: 0.3841, d7.loss_map_pts: 1.6789, d7.loss_map_dir: 0.0303, loss: 90.2796, grad_norm: 7612.1191
2026-05-25 16:11:43,289 - DriveTransformer - INFO - Exp name: drivetransformer_large_single_gpu_24g_30epoch.py
2026-05-25 16:11:43,289 - DriveTransformer - INFO - Iter [7000/12870]	lr: 1.311e-05, eta: 1:42:46, time: 1.032, data_time: 0.062, memory: 21575, loss_cls: 0.7665, loss_bbox: 0.7109, loss_traj: 2.8385, loss_traj_cls: 0.0003, loss_map_cls: 0.4405, loss_map_pts: 1.4212, loss_map_dir: 0.0095, d0.loss_plan_l1_fix_time: 1.0835, d0.loss_plan_l1_fix_dist: 0.2212, d1.loss_plan_l1_fix_time: 0.9703, d1.loss_plan_l1_fix_dist: 0.2167, d2.loss_plan_l1_fix_time: 0.9679, d2.loss_plan_l1_fix_dist: 0.2218, d3.loss_plan_l1_fix_time: 0.9751, d3.loss_plan_l1_fix_dist: 0.2300, d4.loss_plan_l1_fix_time: 0.9823, d4.loss_plan_l1_fix_dist: 0.2413, d5.loss_plan_l1_fix_time: 0.9890, d5.loss_plan_l1_fix_dist: 0.2547, d6.loss_plan_l1_fix_time: 0.9964, d6.loss_plan_l1_fix_dist: 0.2706, d7.loss_plan_l1_fix_time: 1.0047, d7.loss_plan_l1_fix_dist: 0.2894, d8.loss_plan_l1_fix_time: 1.0133, d8.loss_plan_l1_fix_dist: 0.3117, d0.loss_cls_all: 0.7760, d0.loss_bbox_all: 0.7716, d0.loss_cls: 0.7760, d0.loss_bbox: 0.7716, d1.loss_cls: 0.7529, d1.loss_bbox: 0.7319, d2.loss_cls: 0.7574, d2.loss_bbox: 0.7189, d3.loss_cls: 0.7595, d3.loss_bbox: 0.7125, d4.loss_cls: 0.7604, d4.loss_bbox: 0.7148, d5.loss_cls: 0.7609, d5.loss_bbox: 0.7130, d6.loss_cls: 0.7630, d6.loss_bbox: 0.7124, d7.loss_cls: 0.7650, d7.loss_bbox: 0.7120, d0.loss_traj_cls: 0.0003, d0.loss_traj: 3.2123, d1.loss_traj_cls: 0.0003, d1.loss_traj: 2.9547, d2.loss_traj_cls: 0.0003, d2.loss_traj: 2.8909, d3.loss_traj_cls: 0.0003, d3.loss_traj: 2.8602, d4.loss_traj_cls: 0.0003, d4.loss_traj: 2.8542, d5.loss_traj_cls: 0.0003, d5.loss_traj: 2.8588, d6.loss_traj_cls: 0.0003, d6.loss_traj: 2.8500, d7.loss_traj_cls: 0.0003, d7.loss_traj: 2.8486, d0.loss_map_cls_all: 0.4593, d0.loss_map_pts_all: 1.8072, d0.loss_map_dir_all: 0.0083, d0.loss_map_cls: 0.4593, d0.loss_map_pts: 1.8072, d0.loss_map_dir: 0.0083, d1.loss_map_cls: 0.4207, d1.loss_map_pts: 1.5368, d1.loss_map_dir: 0.0085, d2.loss_map_cls: 0.4155, d2.loss_map_pts: 1.4426, d2.loss_map_dir: 0.0096, d3.loss_map_cls: 0.4244, d3.loss_map_pts: 1.4152, d3.loss_map_dir: 0.0096, d4.loss_map_cls: 0.4301, d4.loss_map_pts: 1.4130, d4.loss_map_dir: 0.0097, d5.loss_map_cls: 0.4352, d5.loss_map_pts: 1.4131, d5.loss_map_dir: 0.0097, d6.loss_map_cls: 0.4391, d6.loss_map_pts: 1.4150, d6.loss_map_dir: 0.0096, d7.loss_map_cls: 0.4396, d7.loss_map_pts: 1.4182, d7.loss_map_dir: 0.0095, loss: 71.8633, grad_norm: 2956.3589
2026-05-25 16:12:33,599 - DriveTransformer - INFO - Iter [7050/12870]	lr: 1.293e-05, eta: 1:41:52, time: 1.006, data_time: 0.061, memory: 21575, loss_cls: 0.6061, loss_bbox: 0.7693, loss_traj: 1.5634, loss_traj_cls: 0.0003, loss_map_cls: 0.1418, loss_map_pts: 0.6080, loss_map_dir: 0.0023, d0.loss_plan_l1_fix_time: 3.3172, d0.loss_plan_l1_fix_dist: 0.4226, d1.loss_plan_l1_fix_time: 3.1580, d1.loss_plan_l1_fix_dist: 0.4185, d2.loss_plan_l1_fix_time: 3.1399, d2.loss_plan_l1_fix_dist: 0.4322, d3.loss_plan_l1_fix_time: 3.1373, d3.loss_plan_l1_fix_dist: 0.4493, d4.loss_plan_l1_fix_time: 3.1385, d4.loss_plan_l1_fix_dist: 0.4678, d5.loss_plan_l1_fix_time: 3.1423, d5.loss_plan_l1_fix_dist: 0.4885, d6.loss_plan_l1_fix_time: 3.1475, d6.loss_plan_l1_fix_dist: 0.5104, d7.loss_plan_l1_fix_time: 3.1540, d7.loss_plan_l1_fix_dist: 0.5342, d8.loss_plan_l1_fix_time: 3.1620, d8.loss_plan_l1_fix_dist: 0.5610, d0.loss_cls_all: 0.6236, d0.loss_bbox_all: 0.8682, d0.loss_cls: 0.6236, d0.loss_bbox: 0.8682, d1.loss_cls: 0.6185, d1.loss_bbox: 0.8244, d2.loss_cls: 0.6151, d2.loss_bbox: 0.7932, d3.loss_cls: 0.6120, d3.loss_bbox: 0.7828, d4.loss_cls: 0.6101, d4.loss_bbox: 0.7783, d5.loss_cls: 0.6087, d5.loss_bbox: 0.7744, d6.loss_cls: 0.6064, d6.loss_bbox: 0.7731, d7.loss_cls: 0.6050, d7.loss_bbox: 0.7734, d0.loss_traj_cls: 0.0002, d0.loss_traj: 1.6130, d1.loss_traj_cls: 0.0002, d1.loss_traj: 1.6027, d2.loss_traj_cls: 0.0002, d2.loss_traj: 1.5784, d3.loss_traj_cls: 0.0002, d3.loss_traj: 1.5619, d4.loss_traj_cls: 0.0002, d4.loss_traj: 1.5424, d5.loss_traj_cls: 0.0002, d5.loss_traj: 1.5365, d6.loss_traj_cls: 0.0002, d6.loss_traj: 1.5586, d7.loss_traj_cls: 0.0002, d7.loss_traj: 1.5742, d0.loss_map_cls_all: 0.2351, d0.loss_map_pts_all: 0.9369, d0.loss_map_dir_all: 0.0025, d0.loss_map_cls: 0.2351, d0.loss_map_pts: 0.9369, d0.loss_map_dir: 0.0025, d1.loss_map_cls: 0.1561, d1.loss_map_pts: 0.6570, d1.loss_map_dir: 0.0024, d2.loss_map_cls: 0.1335, d2.loss_map_pts: 0.6161, d2.loss_map_dir: 0.0023, d3.loss_map_cls: 0.1295, d3.loss_map_pts: 0.6077, d3.loss_map_dir: 0.0023, d4.loss_map_cls: 0.1327, d4.loss_map_pts: 0.6055, d4.loss_map_dir: 0.0023, d5.loss_map_cls: 0.1358, d5.loss_map_pts: 0.6058, d5.loss_map_dir: 0.0023, d6.loss_map_cls: 0.1382, d6.loss_map_pts: 0.6066, d6.loss_map_dir: 0.0023, d7.loss_map_cls: 0.1401, d7.loss_map_pts: 0.6073, d7.loss_map_dir: 0.0023, loss: 69.4383, grad_norm: 3212.7871
2026-05-25 16:13:24,670 - DriveTransformer - INFO - Iter [7100/12870]	lr: 1.275e-05, eta: 1:40:58, time: 1.021, data_time: 0.063, memory: 21575, loss_cls: 0.6975, loss_bbox: 0.8738, loss_traj: 2.0469, loss_traj_cls: 0.0003, loss_map_cls: 0.2735, loss_map_pts: 1.2548, loss_map_dir: 0.0020, d0.loss_plan_l1_fix_time: 4.1524, d0.loss_plan_l1_fix_dist: 0.4029, d1.loss_plan_l1_fix_time: 4.1840, d1.loss_plan_l1_fix_dist: 0.3898, d2.loss_plan_l1_fix_time: 4.1873, d2.loss_plan_l1_fix_dist: 0.3897, d3.loss_plan_l1_fix_time: 4.1917, d3.loss_plan_l1_fix_dist: 0.3963, d4.loss_plan_l1_fix_time: 4.2014, d4.loss_plan_l1_fix_dist: 0.4079, d5.loss_plan_l1_fix_time: 4.2133, d5.loss_plan_l1_fix_dist: 0.4212, d6.loss_plan_l1_fix_time: 4.2267, d6.loss_plan_l1_fix_dist: 0.4373, d7.loss_plan_l1_fix_time: 4.2400, d7.loss_plan_l1_fix_dist: 0.4568, d8.loss_plan_l1_fix_time: 4.2542, d8.loss_plan_l1_fix_dist: 0.4811, d0.loss_cls_all: 0.7261, d0.loss_bbox_all: 0.9981, d0.loss_cls: 0.7261, d0.loss_bbox: 0.9981, d1.loss_cls: 0.7016, d1.loss_bbox: 0.9466, d2.loss_cls: 0.7028, d2.loss_bbox: 0.9160, d3.loss_cls: 0.7035, d3.loss_bbox: 0.9089, d4.loss_cls: 0.7007, d4.loss_bbox: 0.8995, d5.loss_cls: 0.7011, d5.loss_bbox: 0.8863, d6.loss_cls: 0.6985, d6.loss_bbox: 0.8805, d7.loss_cls: 0.6998, d7.loss_bbox: 0.8768, d0.loss_traj_cls: 0.0003, d0.loss_traj: 2.9584, d1.loss_traj_cls: 0.0003, d1.loss_traj: 2.1420, d2.loss_traj_cls: 0.0003, d2.loss_traj: 2.0946, d3.loss_traj_cls: 0.0003, d3.loss_traj: 2.0553, d4.loss_traj_cls: 0.0003, d4.loss_traj: 2.0414, d5.loss_traj_cls: 0.0003, d5.loss_traj: 2.0428, d6.loss_traj_cls: 0.0003, d6.loss_traj: 2.0505, d7.loss_traj_cls: 0.0003, d7.loss_traj: 2.0509, d0.loss_map_cls_all: 0.3377, d0.loss_map_pts_all: 1.4806, d0.loss_map_dir_all: 0.0019, d0.loss_map_cls: 0.3377, d0.loss_map_pts: 1.4806, d0.loss_map_dir: 0.0019, d1.loss_map_cls: 0.2690, d1.loss_map_pts: 1.3386, d1.loss_map_dir: 0.0019, d2.loss_map_cls: 0.2520, d2.loss_map_pts: 1.2821, d2.loss_map_dir: 0.0019, d3.loss_map_cls: 0.2626, d3.loss_map_pts: 1.2597, d3.loss_map_dir: 0.0019, d4.loss_map_cls: 0.2672, d4.loss_map_pts: 1.2520, d4.loss_map_dir: 0.0019, d5.loss_map_cls: 0.2687, d5.loss_map_pts: 1.2527, d5.loss_map_dir: 0.0020, d6.loss_map_cls: 0.2693, d6.loss_map_pts: 1.2526, d6.loss_map_dir: 0.0020, d7.loss_map_cls: 0.2725, d7.loss_map_pts: 1.2536, d7.loss_map_dir: 0.0020, loss: 93.2986, grad_norm: 468.9559
2026-05-25 16:14:15,295 - DriveTransformer - INFO - Iter [7150/12870]	lr: 1.257e-05, eta: 1:40:04, time: 1.013, data_time: 0.062, memory: 21575, loss_cls: 0.7002, loss_bbox: 0.7733, loss_traj: 2.2329, loss_traj_cls: 0.0003, loss_map_cls: 0.1998, loss_map_pts: 0.9504, loss_map_dir: 0.0017, d0.loss_plan_l1_fix_time: 2.3572, d0.loss_plan_l1_fix_dist: 0.3126, d1.loss_plan_l1_fix_time: 2.1987, d1.loss_plan_l1_fix_dist: 0.3121, d2.loss_plan_l1_fix_time: 2.1960, d2.loss_plan_l1_fix_dist: 0.3231, d3.loss_plan_l1_fix_time: 2.2076, d3.loss_plan_l1_fix_dist: 0.3337, d4.loss_plan_l1_fix_time: 2.2206, d4.loss_plan_l1_fix_dist: 0.3465, d5.loss_plan_l1_fix_time: 2.2333, d5.loss_plan_l1_fix_dist: 0.3601, d6.loss_plan_l1_fix_time: 2.2469, d6.loss_plan_l1_fix_dist: 0.3763, d7.loss_plan_l1_fix_time: 2.2613, d7.loss_plan_l1_fix_dist: 0.3974, d8.loss_plan_l1_fix_time: 2.2761, d8.loss_plan_l1_fix_dist: 0.4245, d0.loss_cls_all: 0.7039, d0.loss_bbox_all: 0.8746, d0.loss_cls: 0.7039, d0.loss_bbox: 0.8746, d1.loss_cls: 0.7011, d1.loss_bbox: 0.8437, d2.loss_cls: 0.7015, d2.loss_bbox: 0.8104, d3.loss_cls: 0.6999, d3.loss_bbox: 0.7980, d4.loss_cls: 0.6990, d4.loss_bbox: 0.7870, d5.loss_cls: 0.6964, d5.loss_bbox: 0.7841, d6.loss_cls: 0.6977, d6.loss_bbox: 0.7754, d7.loss_cls: 0.6988, d7.loss_bbox: 0.7720, d0.loss_traj_cls: 0.0003, d0.loss_traj: 2.5169, d1.loss_traj_cls: 0.0003, d1.loss_traj: 2.2777, d2.loss_traj_cls: 0.0003, d2.loss_traj: 2.2003, d3.loss_traj_cls: 0.0003, d3.loss_traj: 2.1923, d4.loss_traj_cls: 0.0003, d4.loss_traj: 2.2000, d5.loss_traj_cls: 0.0003, d5.loss_traj: 2.2093, d6.loss_traj_cls: 0.0003, d6.loss_traj: 2.2142, d7.loss_traj_cls: 0.0003, d7.loss_traj: 2.2239, d0.loss_map_cls_all: 0.2712, d0.loss_map_pts_all: 1.1774, d0.loss_map_dir_all: 0.0019, d0.loss_map_cls: 0.2712, d0.loss_map_pts: 1.1774, d0.loss_map_dir: 0.0019, d1.loss_map_cls: 0.2158, d1.loss_map_pts: 0.9916, d1.loss_map_dir: 0.0017, d2.loss_map_cls: 0.1956, d2.loss_map_pts: 0.9627, d2.loss_map_dir: 0.0017, d3.loss_map_cls: 0.1919, d3.loss_map_pts: 0.9516, d3.loss_map_dir: 0.0017, d4.loss_map_cls: 0.1940, d4.loss_map_pts: 0.9478, d4.loss_map_dir: 0.0017, d5.loss_map_cls: 0.1961, d5.loss_map_pts: 0.9464, d5.loss_map_dir: 0.0017, d6.loss_map_cls: 0.1960, d6.loss_map_pts: 0.9493, d6.loss_map_dir: 0.0017, d7.loss_map_cls: 0.1994, d7.loss_map_pts: 0.9480, d7.loss_map_dir: 0.0017, loss: 70.9004, grad_norm: 2530.2919
2026-05-25 16:15:06,364 - DriveTransformer - INFO - Iter [7200/12870]	lr: 1.240e-05, eta: 1:39:10, time: 1.021, data_time: 0.065, memory: 21575, loss_cls: 0.8130, loss_bbox: 0.6531, loss_traj: 1.8892, loss_traj_cls: 0.0003, loss_map_cls: 0.1886, loss_map_pts: 1.0987, loss_map_dir: 0.0062, d0.loss_plan_l1_fix_time: 2.1058, d0.loss_plan_l1_fix_dist: 0.1736, d1.loss_plan_l1_fix_time: 1.8621, d1.loss_plan_l1_fix_dist: 0.1741, d2.loss_plan_l1_fix_time: 1.8253, d2.loss_plan_l1_fix_dist: 0.1819, d3.loss_plan_l1_fix_time: 1.8193, d3.loss_plan_l1_fix_dist: 0.1946, d4.loss_plan_l1_fix_time: 1.8207, d4.loss_plan_l1_fix_dist: 0.2075, d5.loss_plan_l1_fix_time: 1.8271, d5.loss_plan_l1_fix_dist: 0.2216, d6.loss_plan_l1_fix_time: 1.8349, d6.loss_plan_l1_fix_dist: 0.2374, d7.loss_plan_l1_fix_time: 1.8434, d7.loss_plan_l1_fix_dist: 0.2541, d8.loss_plan_l1_fix_time: 1.8538, d8.loss_plan_l1_fix_dist: 0.2737, d0.loss_cls_all: 0.8266, d0.loss_bbox_all: 0.7138, d0.loss_cls: 0.8266, d0.loss_bbox: 0.7138, d1.loss_cls: 0.8000, d1.loss_bbox: 0.6703, d2.loss_cls: 0.8018, d2.loss_bbox: 0.6633, d3.loss_cls: 0.8037, d3.loss_bbox: 0.6555, d4.loss_cls: 0.8033, d4.loss_bbox: 0.6501, d5.loss_cls: 0.8080, d5.loss_bbox: 0.6467, d6.loss_cls: 0.8087, d6.loss_bbox: 0.6487, d7.loss_cls: 0.8119, d7.loss_bbox: 0.6505, d0.loss_traj_cls: 0.0003, d0.loss_traj: 2.5996, d1.loss_traj_cls: 0.0003, d1.loss_traj: 1.8941, d2.loss_traj_cls: 0.0003, d2.loss_traj: 1.8159, d3.loss_traj_cls: 0.0003, d3.loss_traj: 1.8055, d4.loss_traj_cls: 0.0003, d4.loss_traj: 1.8241, d5.loss_traj_cls: 0.0003, d5.loss_traj: 1.8437, d6.loss_traj_cls: 0.0003, d6.loss_traj: 1.8647, d7.loss_traj_cls: 0.0003, d7.loss_traj: 1.8695, d0.loss_map_cls_all: 0.2798, d0.loss_map_pts_all: 1.3426, d0.loss_map_dir_all: 0.0060, d0.loss_map_cls: 0.2798, d0.loss_map_pts: 1.3426, d0.loss_map_dir: 0.0060, d1.loss_map_cls: 0.1919, d1.loss_map_pts: 1.1226, d1.loss_map_dir: 0.0060, d2.loss_map_cls: 0.1779, d2.loss_map_pts: 1.0739, d2.loss_map_dir: 0.0061, d3.loss_map_cls: 0.1755, d3.loss_map_pts: 1.0717, d3.loss_map_dir: 0.0060, d4.loss_map_cls: 0.1811, d4.loss_map_pts: 1.0757, d4.loss_map_dir: 0.0061, d5.loss_map_cls: 0.1845, d5.loss_map_pts: 1.0824, d5.loss_map_dir: 0.0061, d6.loss_map_cls: 0.1860, d6.loss_map_pts: 1.0892, d6.loss_map_dir: 0.0061, d7.loss_map_cls: 0.1877, d7.loss_map_pts: 1.0935, d7.loss_map_dir: 0.0062, loss: 64.3760, grad_norm: 5911.8570
2026-05-25 16:15:57,403 - DriveTransformer - INFO - Iter [7250/12870]	lr: 1.222e-05, eta: 1:38:17, time: 1.021, data_time: 0.062, memory: 21575, loss_cls: 0.7512, loss_bbox: 0.6294, loss_traj: 1.4349, loss_traj_cls: 0.0003, loss_map_cls: 0.2485, loss_map_pts: 0.9746, loss_map_dir: 0.0135, d0.loss_plan_l1_fix_time: 4.1514, d0.loss_plan_l1_fix_dist: 0.2596, d1.loss_plan_l1_fix_time: 4.0516, d1.loss_plan_l1_fix_dist: 0.2731, d2.loss_plan_l1_fix_time: 4.0168, d2.loss_plan_l1_fix_dist: 0.2959, d3.loss_plan_l1_fix_time: 4.0064, d3.loss_plan_l1_fix_dist: 0.3192, d4.loss_plan_l1_fix_time: 4.0025, d4.loss_plan_l1_fix_dist: 0.3429, d5.loss_plan_l1_fix_time: 4.0018, d5.loss_plan_l1_fix_dist: 0.3699, d6.loss_plan_l1_fix_time: 4.0040, d6.loss_plan_l1_fix_dist: 0.3984, d7.loss_plan_l1_fix_time: 4.0081, d7.loss_plan_l1_fix_dist: 0.4297, d8.loss_plan_l1_fix_time: 4.0148, d8.loss_plan_l1_fix_dist: 0.4623, d0.loss_cls_all: 0.7350, d0.loss_bbox_all: 0.7467, d0.loss_cls: 0.7350, d0.loss_bbox: 0.7467, d1.loss_cls: 0.7387, d1.loss_bbox: 0.6587, d2.loss_cls: 0.7467, d2.loss_bbox: 0.6430, d3.loss_cls: 0.7501, d3.loss_bbox: 0.6345, d4.loss_cls: 0.7503, d4.loss_bbox: 0.6292, d5.loss_cls: 0.7463, d5.loss_bbox: 0.6290, d6.loss_cls: 0.7480, d6.loss_bbox: 0.6345, d7.loss_cls: 0.7489, d7.loss_bbox: 0.6328, d0.loss_traj_cls: 0.0003, d0.loss_traj: 2.5110, d1.loss_traj_cls: 0.0003, d1.loss_traj: 1.5744, d2.loss_traj_cls: 0.0003, d2.loss_traj: 1.5014, d3.loss_traj_cls: 0.0003, d3.loss_traj: 1.4740, d4.loss_traj_cls: 0.0003, d4.loss_traj: 1.4511, d5.loss_traj_cls: 0.0003, d5.loss_traj: 1.4518, d6.loss_traj_cls: 0.0003, d6.loss_traj: 1.4376, d7.loss_traj_cls: 0.0003, d7.loss_traj: 1.4328, d0.loss_map_cls_all: 0.2809, d0.loss_map_pts_all: 1.4633, d0.loss_map_dir_all: 0.0129, d0.loss_map_cls: 0.2809, d0.loss_map_pts: 1.4633, d0.loss_map_dir: 0.0129, d1.loss_map_cls: 0.2698, d1.loss_map_pts: 1.0789, d1.loss_map_dir: 0.0133, d2.loss_map_cls: 0.2456, d2.loss_map_pts: 0.9942, d2.loss_map_dir: 0.0133, d3.loss_map_cls: 0.2478, d3.loss_map_pts: 0.9682, d3.loss_map_dir: 0.0134, d4.loss_map_cls: 0.2518, d4.loss_map_pts: 0.9647, d4.loss_map_dir: 0.0134, d5.loss_map_cls: 0.2495, d5.loss_map_pts: 0.9640, d5.loss_map_dir: 0.0134, d6.loss_map_cls: 0.2482, d6.loss_map_pts: 0.9653, d6.loss_map_dir: 0.0135, d7.loss_map_cls: 0.2477, d7.loss_map_pts: 0.9693, d7.loss_map_dir: 0.0135, loss: 81.2236, grad_norm: 5067.3785
2026-05-25 16:16:43,544 - DriveTransformer - INFO - Saving checkpoint at 7293 iterations
2026-05-25 16:17:02,033 - DriveTransformer - INFO - Iter [7300/12870]	lr: 1.204e-05, eta: 1:37:34, time: 1.293, data_time: 0.063, memory: 21575, loss_cls: 0.7504, loss_bbox: 0.6683, loss_traj: 1.8445, loss_traj_cls: 0.0004, loss_map_cls: 0.2916, loss_map_pts: 1.3653, loss_map_dir: 0.0272, d0.loss_plan_l1_fix_time: 2.9369, d0.loss_plan_l1_fix_dist: 0.3343, d1.loss_plan_l1_fix_time: 2.7165, d1.loss_plan_l1_fix_dist: 0.3519, d2.loss_plan_l1_fix_time: 2.6957, d2.loss_plan_l1_fix_dist: 0.3809, d3.loss_plan_l1_fix_time: 2.6985, d3.loss_plan_l1_fix_dist: 0.4159, d4.loss_plan_l1_fix_time: 2.7077, d4.loss_plan_l1_fix_dist: 0.4546, d5.loss_plan_l1_fix_time: 2.7227, d5.loss_plan_l1_fix_dist: 0.4969, d6.loss_plan_l1_fix_time: 2.7411, d6.loss_plan_l1_fix_dist: 0.5401, d7.loss_plan_l1_fix_time: 2.7622, d7.loss_plan_l1_fix_dist: 0.5840, d8.loss_plan_l1_fix_time: 2.7859, d8.loss_plan_l1_fix_dist: 0.6278, d0.loss_cls_all: 0.7684, d0.loss_bbox_all: 0.7189, d0.loss_cls: 0.7684, d0.loss_bbox: 0.7189, d1.loss_cls: 0.7550, d1.loss_bbox: 0.6829, d2.loss_cls: 0.7549, d2.loss_bbox: 0.6643, d3.loss_cls: 0.7539, d3.loss_bbox: 0.6543, d4.loss_cls: 0.7499, d4.loss_bbox: 0.6508, d5.loss_cls: 0.7526, d5.loss_bbox: 0.6535, d6.loss_cls: 0.7526, d6.loss_bbox: 0.6568, d7.loss_cls: 0.7519, d7.loss_bbox: 0.6634, d0.loss_traj_cls: 0.0003, d0.loss_traj: 1.6160, d1.loss_traj_cls: 0.0003, d1.loss_traj: 1.7100, d2.loss_traj_cls: 0.0003, d2.loss_traj: 1.7643, d3.loss_traj_cls: 0.0003, d3.loss_traj: 1.7883, d4.loss_traj_cls: 0.0003, d4.loss_traj: 1.8165, d5.loss_traj_cls: 0.0004, d5.loss_traj: 1.8280, d6.loss_traj_cls: 0.0004, d6.loss_traj: 1.8412, d7.loss_traj_cls: 0.0004, d7.loss_traj: 1.8376, d0.loss_map_cls_all: 0.3008, d0.loss_map_pts_all: 2.1426, d0.loss_map_dir_all: 0.0266, d0.loss_map_cls: 0.3008, d0.loss_map_pts: 2.1426, d0.loss_map_dir: 0.0266, d1.loss_map_cls: 0.2565, d1.loss_map_pts: 1.4152, d1.loss_map_dir: 0.0271, d2.loss_map_cls: 0.2505, d2.loss_map_pts: 1.3598, d2.loss_map_dir: 0.0270, d3.loss_map_cls: 0.2631, d3.loss_map_pts: 1.3522, d3.loss_map_dir: 0.0272, d4.loss_map_cls: 0.2733, d4.loss_map_pts: 1.3512, d4.loss_map_dir: 0.0272, d5.loss_map_cls: 0.2775, d5.loss_map_pts: 1.3542, d5.loss_map_dir: 0.0271, d6.loss_map_cls: 0.2834, d6.loss_map_pts: 1.3583, d6.loss_map_dir: 0.0271, d7.loss_map_cls: 0.2878, d7.loss_map_pts: 1.3622, d7.loss_map_dir: 0.0271, loss: 77.5529, grad_norm: 5617.9312
2026-05-25 16:17:54,177 - DriveTransformer - INFO - Iter [7350/12870]	lr: 1.186e-05, eta: 1:36:41, time: 1.043, data_time: 0.063, memory: 21575, loss_cls: 0.7651, loss_bbox: 0.6374, loss_traj: 1.0372, loss_traj_cls: 0.0004, loss_map_cls: 0.2707, loss_map_pts: 1.3911, loss_map_dir: 0.0224, d0.loss_plan_l1_fix_time: 2.6638, d0.loss_plan_l1_fix_dist: 0.2737, d1.loss_plan_l1_fix_time: 2.3721, d1.loss_plan_l1_fix_dist: 0.2728, d2.loss_plan_l1_fix_time: 2.3423, d2.loss_plan_l1_fix_dist: 0.2822, d3.loss_plan_l1_fix_time: 2.3374, d3.loss_plan_l1_fix_dist: 0.2961, d4.loss_plan_l1_fix_time: 2.3390, d4.loss_plan_l1_fix_dist: 0.3139, d5.loss_plan_l1_fix_time: 2.3451, d5.loss_plan_l1_fix_dist: 0.3327, d6.loss_plan_l1_fix_time: 2.3534, d6.loss_plan_l1_fix_dist: 0.3530, d7.loss_plan_l1_fix_time: 2.3617, d7.loss_plan_l1_fix_dist: 0.3773, d8.loss_plan_l1_fix_time: 2.3711, d8.loss_plan_l1_fix_dist: 0.4041, d0.loss_cls_all: 0.7898, d0.loss_bbox_all: 0.6704, d0.loss_cls: 0.7898, d0.loss_bbox: 0.6704, d1.loss_cls: 0.7673, d1.loss_bbox: 0.6480, d2.loss_cls: 0.7638, d2.loss_bbox: 0.6368, d3.loss_cls: 0.7629, d3.loss_bbox: 0.6251, d4.loss_cls: 0.7616, d4.loss_bbox: 0.6295, d5.loss_cls: 0.7617, d5.loss_bbox: 0.6273, d6.loss_cls: 0.7624, d6.loss_bbox: 0.6290, d7.loss_cls: 0.7642, d7.loss_bbox: 0.6326, d0.loss_traj_cls: 0.0004, d0.loss_traj: 1.2502, d1.loss_traj_cls: 0.0003, d1.loss_traj: 0.9860, d2.loss_traj_cls: 0.0003, d2.loss_traj: 0.9629, d3.loss_traj_cls: 0.0003, d3.loss_traj: 0.9787, d4.loss_traj_cls: 0.0004, d4.loss_traj: 0.9882, d5.loss_traj_cls: 0.0004, d5.loss_traj: 1.0014, d6.loss_traj_cls: 0.0004, d6.loss_traj: 1.0113, d7.loss_traj_cls: 0.0004, d7.loss_traj: 1.0189, d0.loss_map_cls_all: 0.2927, d0.loss_map_pts_all: 2.3558, d0.loss_map_dir_all: 0.0220, d0.loss_map_cls: 0.2927, d0.loss_map_pts: 2.3558, d0.loss_map_dir: 0.0220, d1.loss_map_cls: 0.2772, d1.loss_map_pts: 1.6659, d1.loss_map_dir: 0.0218, d2.loss_map_cls: 0.2618, d2.loss_map_pts: 1.4053, d2.loss_map_dir: 0.0226, d3.loss_map_cls: 0.2624, d3.loss_map_pts: 1.3877, d3.loss_map_dir: 0.0224, d4.loss_map_cls: 0.2670, d4.loss_map_pts: 1.3831, d4.loss_map_dir: 0.0225, d5.loss_map_cls: 0.2668, d5.loss_map_pts: 1.3850, d5.loss_map_dir: 0.0225, d6.loss_map_cls: 0.2678, d6.loss_map_pts: 1.3872, d6.loss_map_dir: 0.0225, d7.loss_map_cls: 0.2697, d7.loss_map_pts: 1.3888, d7.loss_map_dir: 0.0225, loss: 66.7823, grad_norm: 4852.8205
2026-05-25 16:18:45,863 - DriveTransformer - INFO - Iter [7400/12870]	lr: 1.169e-05, eta: 1:35:48, time: 1.034, data_time: 0.063, memory: 21575, loss_cls: 0.6427, loss_bbox: 0.5619, loss_traj: 2.5392, loss_traj_cls: 0.0003, loss_map_cls: 0.0740, loss_map_pts: 0.4898, loss_map_dir: 0.0037, d0.loss_plan_l1_fix_time: 1.9461, d0.loss_plan_l1_fix_dist: 0.1754, d1.loss_plan_l1_fix_time: 1.5037, d1.loss_plan_l1_fix_dist: 0.1774, d2.loss_plan_l1_fix_time: 1.4279, d2.loss_plan_l1_fix_dist: 0.1887, d3.loss_plan_l1_fix_time: 1.4154, d3.loss_plan_l1_fix_dist: 0.2008, d4.loss_plan_l1_fix_time: 1.4168, d4.loss_plan_l1_fix_dist: 0.2162, d5.loss_plan_l1_fix_time: 1.4228, d5.loss_plan_l1_fix_dist: 0.2335, d6.loss_plan_l1_fix_time: 1.4311, d6.loss_plan_l1_fix_dist: 0.2516, d7.loss_plan_l1_fix_time: 1.4407, d7.loss_plan_l1_fix_dist: 0.2707, d8.loss_plan_l1_fix_time: 1.4507, d8.loss_plan_l1_fix_dist: 0.2930, d0.loss_cls_all: 0.6593, d0.loss_bbox_all: 0.6652, d0.loss_cls: 0.6593, d0.loss_bbox: 0.6652, d1.loss_cls: 0.6308, d1.loss_bbox: 0.5887, d2.loss_cls: 0.6294, d2.loss_bbox: 0.5722, d3.loss_cls: 0.6307, d3.loss_bbox: 0.5622, d4.loss_cls: 0.6339, d4.loss_bbox: 0.5634, d5.loss_cls: 0.6376, d5.loss_bbox: 0.5619, d6.loss_cls: 0.6368, d6.loss_bbox: 0.5615, d7.loss_cls: 0.6399, d7.loss_bbox: 0.5603, d0.loss_traj_cls: 0.0002, d0.loss_traj: 2.8016, d1.loss_traj_cls: 0.0002, d1.loss_traj: 2.5888, d2.loss_traj_cls: 0.0002, d2.loss_traj: 2.5696, d3.loss_traj_cls: 0.0002, d3.loss_traj: 2.5342, d4.loss_traj_cls: 0.0002, d4.loss_traj: 2.5252, d5.loss_traj_cls: 0.0003, d5.loss_traj: 2.5230, d6.loss_traj_cls: 0.0003, d6.loss_traj: 2.5298, d7.loss_traj_cls: 0.0003, d7.loss_traj: 2.5299, d0.loss_map_cls_all: 0.1367, d0.loss_map_pts_all: 0.9482, d0.loss_map_dir_all: 0.0033, d0.loss_map_cls: 0.1367, d0.loss_map_pts: 0.9482, d0.loss_map_dir: 0.0033, d1.loss_map_cls: 0.0830, d1.loss_map_pts: 0.5561, d1.loss_map_dir: 0.0037, d2.loss_map_cls: 0.0730, d2.loss_map_pts: 0.4967, d2.loss_map_dir: 0.0036, d3.loss_map_cls: 0.0702, d3.loss_map_pts: 0.4800, d3.loss_map_dir: 0.0037, d4.loss_map_cls: 0.0711, d4.loss_map_pts: 0.4777, d4.loss_map_dir: 0.0037, d5.loss_map_cls: 0.0726, d5.loss_map_pts: 0.4787, d5.loss_map_dir: 0.0037, d6.loss_map_cls: 0.0734, d6.loss_map_pts: 0.4809, d6.loss_map_dir: 0.0037, d7.loss_map_cls: 0.0742, d7.loss_map_pts: 0.4851, d7.loss_map_dir: 0.0037, loss: 57.6116, grad_norm: 900.9573
2026-05-25 16:19:38,134 - DriveTransformer - INFO - Iter [7450/12870]	lr: 1.151e-05, eta: 1:34:55, time: 1.045, data_time: 0.064, memory: 21575, loss_cls: 0.6357, loss_bbox: 0.7473, loss_traj: 1.3853, loss_traj_cls: 0.0003, loss_map_cls: 0.0304, loss_map_pts: 0.9666, loss_map_dir: 0.0012, d0.loss_plan_l1_fix_time: 3.7055, d0.loss_plan_l1_fix_dist: 0.4729, d1.loss_plan_l1_fix_time: 3.4287, d1.loss_plan_l1_fix_dist: 0.4494, d2.loss_plan_l1_fix_time: 3.4057, d2.loss_plan_l1_fix_dist: 0.4485, d3.loss_plan_l1_fix_time: 3.4035, d3.loss_plan_l1_fix_dist: 0.4540, d4.loss_plan_l1_fix_time: 3.4070, d4.loss_plan_l1_fix_dist: 0.4633, d5.loss_plan_l1_fix_time: 3.4123, d5.loss_plan_l1_fix_dist: 0.4772, d6.loss_plan_l1_fix_time: 3.4197, d6.loss_plan_l1_fix_dist: 0.4942, d7.loss_plan_l1_fix_time: 3.4284, d7.loss_plan_l1_fix_dist: 0.5143, d8.loss_plan_l1_fix_time: 3.4379, d8.loss_plan_l1_fix_dist: 0.5375, d0.loss_cls_all: 0.6429, d0.loss_bbox_all: 0.8156, d0.loss_cls: 0.6429, d0.loss_bbox: 0.8156, d1.loss_cls: 0.6310, d1.loss_bbox: 0.7881, d2.loss_cls: 0.6337, d2.loss_bbox: 0.7678, d3.loss_cls: 0.6366, d3.loss_bbox: 0.7574, d4.loss_cls: 0.6378, d4.loss_bbox: 0.7552, d5.loss_cls: 0.6359, d5.loss_bbox: 0.7492, d6.loss_cls: 0.6347, d6.loss_bbox: 0.7488, d7.loss_cls: 0.6345, d7.loss_bbox: 0.7480, d0.loss_traj_cls: 0.0003, d0.loss_traj: 1.4153, d1.loss_traj_cls: 0.0003, d1.loss_traj: 1.4091, d2.loss_traj_cls: 0.0003, d2.loss_traj: 1.4021, d3.loss_traj_cls: 0.0003, d3.loss_traj: 1.3857, d4.loss_traj_cls: 0.0003, d4.loss_traj: 1.3778, d5.loss_traj_cls: 0.0003, d5.loss_traj: 1.3731, d6.loss_traj_cls: 0.0003, d6.loss_traj: 1.3703, d7.loss_traj_cls: 0.0003, d7.loss_traj: 1.3754, d0.loss_map_cls_all: 0.1031, d0.loss_map_pts_all: 1.3536, d0.loss_map_dir_all: 0.0014, d0.loss_map_cls: 0.1031, d0.loss_map_pts: 1.3536, d0.loss_map_dir: 0.0014, d1.loss_map_cls: 0.0390, d1.loss_map_pts: 1.0569, d1.loss_map_dir: 0.0012, d2.loss_map_cls: 0.0295, d2.loss_map_pts: 0.9923, d2.loss_map_dir: 0.0012, d3.loss_map_cls: 0.0270, d3.loss_map_pts: 0.9722, d3.loss_map_dir: 0.0012, d4.loss_map_cls: 0.0279, d4.loss_map_pts: 0.9668, d4.loss_map_dir: 0.0012, d5.loss_map_cls: 0.0288, d5.loss_map_pts: 0.9648, d5.loss_map_dir: 0.0012, d6.loss_map_cls: 0.0297, d6.loss_map_pts: 0.9643, d6.loss_map_dir: 0.0012, d7.loss_map_cls: 0.0302, d7.loss_map_pts: 0.9650, d7.loss_map_dir: 0.0012, loss: 72.9326, grad_norm: 259.7479
2026-05-25 16:20:30,262 - DriveTransformer - INFO - Iter [7500/12870]	lr: 1.134e-05, eta: 1:34:02, time: 1.043, data_time: 0.063, memory: 21575, loss_cls: 0.7657, loss_bbox: 0.8082, loss_traj: 1.9479, loss_traj_cls: 0.0003, loss_map_cls: 0.1132, loss_map_pts: 0.8828, loss_map_dir: 0.0030, d0.loss_plan_l1_fix_time: 1.4406, d0.loss_plan_l1_fix_dist: 0.3492, d1.loss_plan_l1_fix_time: 1.3688, d1.loss_plan_l1_fix_dist: 0.3527, d2.loss_plan_l1_fix_time: 1.3761, d2.loss_plan_l1_fix_dist: 0.3558, d3.loss_plan_l1_fix_time: 1.3922, d3.loss_plan_l1_fix_dist: 0.3626, d4.loss_plan_l1_fix_time: 1.4084, d4.loss_plan_l1_fix_dist: 0.3725, d5.loss_plan_l1_fix_time: 1.4223, d5.loss_plan_l1_fix_dist: 0.3845, d6.loss_plan_l1_fix_time: 1.4366, d6.loss_plan_l1_fix_dist: 0.3993, d7.loss_plan_l1_fix_time: 1.4513, d7.loss_plan_l1_fix_dist: 0.4175, d8.loss_plan_l1_fix_time: 1.4666, d8.loss_plan_l1_fix_dist: 0.4423, d0.loss_cls_all: 0.7877, d0.loss_bbox_all: 0.8653, d0.loss_cls: 0.7877, d0.loss_bbox: 0.8653, d1.loss_cls: 0.7511, d1.loss_bbox: 0.8268, d2.loss_cls: 0.7548, d2.loss_bbox: 0.8062, d3.loss_cls: 0.7603, d3.loss_bbox: 0.8014, d4.loss_cls: 0.7621, d4.loss_bbox: 0.8053, d5.loss_cls: 0.7631, d5.loss_bbox: 0.8018, d6.loss_cls: 0.7642, d6.loss_bbox: 0.8014, d7.loss_cls: 0.7646, d7.loss_bbox: 0.8070, d0.loss_traj_cls: 0.0003, d0.loss_traj: 1.8870, d1.loss_traj_cls: 0.0003, d1.loss_traj: 1.9403, d2.loss_traj_cls: 0.0003, d2.loss_traj: 1.9457, d3.loss_traj_cls: 0.0003, d3.loss_traj: 1.9282, d4.loss_traj_cls: 0.0003, d4.loss_traj: 1.9148, d5.loss_traj_cls: 0.0003, d5.loss_traj: 1.9221, d6.loss_traj_cls: 0.0003, d6.loss_traj: 1.9352, d7.loss_traj_cls: 0.0003, d7.loss_traj: 1.9338, d0.loss_map_cls_all: 0.1670, d0.loss_map_pts_all: 1.2992, d0.loss_map_dir_all: 0.0028, d0.loss_map_cls: 0.1670, d0.loss_map_pts: 1.2992, d0.loss_map_dir: 0.0028, d1.loss_map_cls: 0.1182, d1.loss_map_pts: 0.9427, d1.loss_map_dir: 0.0029, d2.loss_map_cls: 0.1063, d2.loss_map_pts: 0.8882, d2.loss_map_dir: 0.0030, d3.loss_map_cls: 0.1070, d3.loss_map_pts: 0.8769, d3.loss_map_dir: 0.0030, d4.loss_map_cls: 0.1080, d4.loss_map_pts: 0.8754, d4.loss_map_dir: 0.0030, d5.loss_map_cls: 0.1096, d5.loss_map_pts: 0.8759, d5.loss_map_dir: 0.0030, d6.loss_map_cls: 0.1117, d6.loss_map_pts: 0.8770, d6.loss_map_dir: 0.0030, d7.loss_map_cls: 0.1127, d7.loss_map_pts: 0.8795, d7.loss_map_dir: 0.0030, loss: 60.3545, grad_norm: 764.1577
2026-05-25 16:21:24,085 - DriveTransformer - INFO - Iter [7550/12870]	lr: 1.116e-05, eta: 1:33:10, time: 1.076, data_time: 0.066, memory: 21575, loss_cls: 0.6676, loss_bbox: 0.7158, loss_traj: 1.6018, loss_traj_cls: 0.0003, loss_map_cls: 0.0534, loss_map_pts: 0.5018, loss_map_dir: 0.0026, d0.loss_plan_l1_fix_time: 1.9621, d0.loss_plan_l1_fix_dist: 0.2366, d1.loss_plan_l1_fix_time: 1.8006, d1.loss_plan_l1_fix_dist: 0.2405, d2.loss_plan_l1_fix_time: 1.7806, d2.loss_plan_l1_fix_dist: 0.2485, d3.loss_plan_l1_fix_time: 1.7832, d3.loss_plan_l1_fix_dist: 0.2579, d4.loss_plan_l1_fix_time: 1.7886, d4.loss_plan_l1_fix_dist: 0.2703, d5.loss_plan_l1_fix_time: 1.7963, d5.loss_plan_l1_fix_dist: 0.2855, d6.loss_plan_l1_fix_time: 1.8050, d6.loss_plan_l1_fix_dist: 0.3029, d7.loss_plan_l1_fix_time: 1.8146, d7.loss_plan_l1_fix_dist: 0.3233, d8.loss_plan_l1_fix_time: 1.8252, d8.loss_plan_l1_fix_dist: 0.3475, d0.loss_cls_all: 0.7084, d0.loss_bbox_all: 0.7322, d0.loss_cls: 0.7084, d0.loss_bbox: 0.7322, d1.loss_cls: 0.6773, d1.loss_bbox: 0.7204, d2.loss_cls: 0.6773, d2.loss_bbox: 0.7122, d3.loss_cls: 0.6736, d3.loss_bbox: 0.7101, d4.loss_cls: 0.6705, d4.loss_bbox: 0.7110, d5.loss_cls: 0.6667, d5.loss_bbox: 0.7074, d6.loss_cls: 0.6669, d6.loss_bbox: 0.7078, d7.loss_cls: 0.6660, d7.loss_bbox: 0.7124, d0.loss_traj_cls: 0.0003, d0.loss_traj: 1.5880, d1.loss_traj_cls: 0.0002, d1.loss_traj: 1.5479, d2.loss_traj_cls: 0.0002, d2.loss_traj: 1.5585, d3.loss_traj_cls: 0.0002, d3.loss_traj: 1.5736, d4.loss_traj_cls: 0.0002, d4.loss_traj: 1.5913, d5.loss_traj_cls: 0.0002, d5.loss_traj: 1.6024, d6.loss_traj_cls: 0.0003, d6.loss_traj: 1.6027, d7.loss_traj_cls: 0.0003, d7.loss_traj: 1.6005, d0.loss_map_cls_all: 0.0901, d0.loss_map_pts_all: 0.9571, d0.loss_map_dir_all: 0.0024, d0.loss_map_cls: 0.0901, d0.loss_map_pts: 0.9571, d0.loss_map_dir: 0.0024, d1.loss_map_cls: 0.0552, d1.loss_map_pts: 0.5580, d1.loss_map_dir: 0.0025, d2.loss_map_cls: 0.0479, d2.loss_map_pts: 0.5007, d2.loss_map_dir: 0.0026, d3.loss_map_cls: 0.0482, d3.loss_map_pts: 0.4907, d3.loss_map_dir: 0.0026, d4.loss_map_cls: 0.0499, d4.loss_map_pts: 0.4908, d4.loss_map_dir: 0.0026, d5.loss_map_cls: 0.0520, d5.loss_map_pts: 0.4920, d5.loss_map_dir: 0.0026, d6.loss_map_cls: 0.0526, d6.loss_map_pts: 0.4949, d6.loss_map_dir: 0.0026, d7.loss_map_cls: 0.0531, d7.loss_map_pts: 0.4976, d7.loss_map_dir: 0.0026, loss: 53.6407, grad_norm: 1445.1717
2026-05-25 16:22:17,270 - DriveTransformer - INFO - Iter [7600/12870]	lr: 1.099e-05, eta: 1:32:18, time: 1.064, data_time: 0.065, memory: 21575, loss_cls: 0.6092, loss_bbox: 0.5840, loss_traj: 1.1227, loss_traj_cls: 0.0003, loss_map_cls: 0.0205, loss_map_pts: 0.5121, loss_map_dir: 0.0004, d0.loss_plan_l1_fix_time: 2.7723, d0.loss_plan_l1_fix_dist: 0.3083, d1.loss_plan_l1_fix_time: 2.7389, d1.loss_plan_l1_fix_dist: 0.3024, d2.loss_plan_l1_fix_time: 2.7352, d2.loss_plan_l1_fix_dist: 0.3053, d3.loss_plan_l1_fix_time: 2.7415, d3.loss_plan_l1_fix_dist: 0.3129, d4.loss_plan_l1_fix_time: 2.7498, d4.loss_plan_l1_fix_dist: 0.3232, d5.loss_plan_l1_fix_time: 2.7587, d5.loss_plan_l1_fix_dist: 0.3357, d6.loss_plan_l1_fix_time: 2.7684, d6.loss_plan_l1_fix_dist: 0.3491, d7.loss_plan_l1_fix_time: 2.7787, d7.loss_plan_l1_fix_dist: 0.3665, d8.loss_plan_l1_fix_time: 2.7901, d8.loss_plan_l1_fix_dist: 0.3878, d0.loss_cls_all: 0.6160, d0.loss_bbox_all: 0.6661, d0.loss_cls: 0.6160, d0.loss_bbox: 0.6661, d1.loss_cls: 0.6044, d1.loss_bbox: 0.6163, d2.loss_cls: 0.6055, d2.loss_bbox: 0.6013, d3.loss_cls: 0.6047, d3.loss_bbox: 0.5919, d4.loss_cls: 0.6048, d4.loss_bbox: 0.5858, d5.loss_cls: 0.6053, d5.loss_bbox: 0.5836, d6.loss_cls: 0.6081, d6.loss_bbox: 0.5813, d7.loss_cls: 0.6078, d7.loss_bbox: 0.5829, d0.loss_traj_cls: 0.0003, d0.loss_traj: 1.4195, d1.loss_traj_cls: 0.0003, d1.loss_traj: 1.1151, d2.loss_traj_cls: 0.0003, d2.loss_traj: 1.0750, d3.loss_traj_cls: 0.0003, d3.loss_traj: 1.0829, d4.loss_traj_cls: 0.0003, d4.loss_traj: 1.0923, d5.loss_traj_cls: 0.0003, d5.loss_traj: 1.1023, d6.loss_traj_cls: 0.0003, d6.loss_traj: 1.1078, d7.loss_traj_cls: 0.0003, d7.loss_traj: 1.1146, d0.loss_map_cls_all: 0.0638, d0.loss_map_pts_all: 0.9724, d0.loss_map_dir_all: 0.0006, d0.loss_map_cls: 0.0638, d0.loss_map_pts: 0.9724, d0.loss_map_dir: 0.0006, d1.loss_map_cls: 0.0268, d1.loss_map_pts: 0.5801, d1.loss_map_dir: 0.0005, d2.loss_map_cls: 0.0194, d2.loss_map_pts: 0.5189, d2.loss_map_dir: 0.0005, d3.loss_map_cls: 0.0181, d3.loss_map_pts: 0.5068, d3.loss_map_dir: 0.0005, d4.loss_map_cls: 0.0186, d4.loss_map_pts: 0.5052, d4.loss_map_dir: 0.0005, d5.loss_map_cls: 0.0195, d5.loss_map_pts: 0.5061, d5.loss_map_dir: 0.0005, d6.loss_map_cls: 0.0198, d6.loss_map_pts: 0.5074, d6.loss_map_dir: 0.0004, d7.loss_map_cls: 0.0204, d7.loss_map_pts: 0.5096, d7.loss_map_dir: 0.0004, loss: 56.5873, grad_norm: 222.5372
2026-05-25 16:23:10,525 - DriveTransformer - INFO - Iter [7650/12870]	lr: 1.081e-05, eta: 1:31:26, time: 1.065, data_time: 0.064, memory: 21575, loss_cls: 0.6162, loss_bbox: 0.5832, loss_traj: 1.2809, loss_traj_cls: 0.0003, loss_map_cls: 0.0248, loss_map_pts: 0.7831, loss_map_dir: 0.0013, d0.loss_plan_l1_fix_time: 1.8797, d0.loss_plan_l1_fix_dist: 0.4255, d1.loss_plan_l1_fix_time: 1.7303, d1.loss_plan_l1_fix_dist: 0.4195, d2.loss_plan_l1_fix_time: 1.7134, d2.loss_plan_l1_fix_dist: 0.4189, d3.loss_plan_l1_fix_time: 1.7109, d3.loss_plan_l1_fix_dist: 0.4237, d4.loss_plan_l1_fix_time: 1.7149, d4.loss_plan_l1_fix_dist: 0.4314, d5.loss_plan_l1_fix_time: 1.7226, d5.loss_plan_l1_fix_dist: 0.4424, d6.loss_plan_l1_fix_time: 1.7329, d6.loss_plan_l1_fix_dist: 0.4564, d7.loss_plan_l1_fix_time: 1.7451, d7.loss_plan_l1_fix_dist: 0.4749, d8.loss_plan_l1_fix_time: 1.7587, d8.loss_plan_l1_fix_dist: 0.4988, d0.loss_cls_all: 0.6211, d0.loss_bbox_all: 0.6161, d0.loss_cls: 0.6211, d0.loss_bbox: 0.6161, d1.loss_cls: 0.6096, d1.loss_bbox: 0.5907, d2.loss_cls: 0.6083, d2.loss_bbox: 0.5842, d3.loss_cls: 0.6086, d3.loss_bbox: 0.5825, d4.loss_cls: 0.6118, d4.loss_bbox: 0.5812, d5.loss_cls: 0.6131, d5.loss_bbox: 0.5788, d6.loss_cls: 0.6136, d6.loss_bbox: 0.5793, d7.loss_cls: 0.6143, d7.loss_bbox: 0.5817, d0.loss_traj_cls: 0.0003, d0.loss_traj: 1.2152, d1.loss_traj_cls: 0.0003, d1.loss_traj: 1.2219, d2.loss_traj_cls: 0.0003, d2.loss_traj: 1.2269, d3.loss_traj_cls: 0.0003, d3.loss_traj: 1.2085, d4.loss_traj_cls: 0.0003, d4.loss_traj: 1.2155, d5.loss_traj_cls: 0.0003, d5.loss_traj: 1.2232, d6.loss_traj_cls: 0.0003, d6.loss_traj: 1.2428, d7.loss_traj_cls: 0.0003, d7.loss_traj: 1.2670, d0.loss_map_cls_all: 0.0650, d0.loss_map_pts_all: 1.1666, d0.loss_map_dir_all: 0.0014, d0.loss_map_cls: 0.0650, d0.loss_map_pts: 1.1666, d0.loss_map_dir: 0.0014, d1.loss_map_cls: 0.0305, d1.loss_map_pts: 0.8466, d1.loss_map_dir: 0.0013, d2.loss_map_cls: 0.0250, d2.loss_map_pts: 0.7978, d2.loss_map_dir: 0.0013, d3.loss_map_cls: 0.0237, d3.loss_map_pts: 0.7862, d3.loss_map_dir: 0.0013, d4.loss_map_cls: 0.0238, d4.loss_map_pts: 0.7828, d4.loss_map_dir: 0.0013, d5.loss_map_cls: 0.0240, d5.loss_map_pts: 0.7814, d5.loss_map_dir: 0.0013, d6.loss_map_cls: 0.0244, d6.loss_map_pts: 0.7813, d6.loss_map_dir: 0.0013, d7.loss_map_cls: 0.0247, d7.loss_map_pts: 0.7817, d7.loss_map_dir: 0.0013, loss: 51.8535, grad_norm: 272.4326
2026-05-25 16:24:03,854 - DriveTransformer - INFO - Iter [7700/12870]	lr: 1.064e-05, eta: 1:30:34, time: 1.067, data_time: 0.063, memory: 21575, loss_cls: 0.5775, loss_bbox: 0.5403, loss_traj: 1.0592, loss_traj_cls: 0.0003, loss_map_cls: 0.0663, loss_map_pts: 0.5882, loss_map_dir: 0.0015, d0.loss_plan_l1_fix_time: 1.9182, d0.loss_plan_l1_fix_dist: 0.2857, d1.loss_plan_l1_fix_time: 1.6966, d1.loss_plan_l1_fix_dist: 0.2949, d2.loss_plan_l1_fix_time: 1.6762, d2.loss_plan_l1_fix_dist: 0.3053, d3.loss_plan_l1_fix_time: 1.6753, d3.loss_plan_l1_fix_dist: 0.3163, d4.loss_plan_l1_fix_time: 1.6794, d4.loss_plan_l1_fix_dist: 0.3291, d5.loss_plan_l1_fix_time: 1.6860, d5.loss_plan_l1_fix_dist: 0.3434, d6.loss_plan_l1_fix_time: 1.6938, d6.loss_plan_l1_fix_dist: 0.3589, d7.loss_plan_l1_fix_time: 1.7025, d7.loss_plan_l1_fix_dist: 0.3762, d8.loss_plan_l1_fix_time: 1.7123, d8.loss_plan_l1_fix_dist: 0.3979, d0.loss_cls_all: 0.5848, d0.loss_bbox_all: 0.5531, d0.loss_cls: 0.5848, d0.loss_bbox: 0.5531, d1.loss_cls: 0.5740, d1.loss_bbox: 0.5454, d2.loss_cls: 0.5721, d2.loss_bbox: 0.5370, d3.loss_cls: 0.5706, d3.loss_bbox: 0.5325, d4.loss_cls: 0.5704, d4.loss_bbox: 0.5291, d5.loss_cls: 0.5731, d5.loss_bbox: 0.5252, d6.loss_cls: 0.5746, d6.loss_bbox: 0.5282, d7.loss_cls: 0.5761, d7.loss_bbox: 0.5355, d0.loss_traj_cls: 0.0002, d0.loss_traj: 1.0983, d1.loss_traj_cls: 0.0002, d1.loss_traj: 0.9458, d2.loss_traj_cls: 0.0002, d2.loss_traj: 0.9482, d3.loss_traj_cls: 0.0002, d3.loss_traj: 0.9676, d4.loss_traj_cls: 0.0002, d4.loss_traj: 0.9940, d5.loss_traj_cls: 0.0003, d5.loss_traj: 1.0096, d6.loss_traj_cls: 0.0003, d6.loss_traj: 1.0244, d7.loss_traj_cls: 0.0003, d7.loss_traj: 1.0386, d0.loss_map_cls_all: 0.0864, d0.loss_map_pts_all: 0.8892, d0.loss_map_dir_all: 0.0015, d0.loss_map_cls: 0.0864, d0.loss_map_pts: 0.8892, d0.loss_map_dir: 0.0015, d1.loss_map_cls: 0.0629, d1.loss_map_pts: 0.6016, d1.loss_map_dir: 0.0014, d2.loss_map_cls: 0.0579, d2.loss_map_pts: 0.5697, d2.loss_map_dir: 0.0014, d3.loss_map_cls: 0.0551, d3.loss_map_pts: 0.5731, d3.loss_map_dir: 0.0015, d4.loss_map_cls: 0.0575, d4.loss_map_pts: 0.5759, d4.loss_map_dir: 0.0015, d5.loss_map_cls: 0.0598, d5.loss_map_pts: 0.5793, d5.loss_map_dir: 0.0015, d6.loss_map_cls: 0.0614, d6.loss_map_pts: 0.5823, d6.loss_map_dir: 0.0015, d7.loss_map_cls: 0.0648, d7.loss_map_pts: 0.5848, d7.loss_map_dir: 0.0015, loss: 45.7795, grad_norm: 1940.8784
2026-05-25 16:24:28,425 - DriveTransformer - INFO - Saving checkpoint at 7722 iterations
2026-05-25 16:25:11,330 - DriveTransformer - INFO - Iter [7750/12870]	lr: 1.047e-05, eta: 1:29:51, time: 1.350, data_time: 0.067, memory: 21575, loss_cls: 0.6948, loss_bbox: 0.6812, loss_traj: 2.4952, loss_traj_cls: 0.0004, loss_map_cls: 0.2701, loss_map_pts: 1.8207, loss_map_dir: 0.0196, d0.loss_plan_l1_fix_time: 3.2052, d0.loss_plan_l1_fix_dist: 0.3003, d1.loss_plan_l1_fix_time: 3.1962, d1.loss_plan_l1_fix_dist: 0.3141, d2.loss_plan_l1_fix_time: 3.2173, d2.loss_plan_l1_fix_dist: 0.3274, d3.loss_plan_l1_fix_time: 3.2371, d3.loss_plan_l1_fix_dist: 0.3453, d4.loss_plan_l1_fix_time: 3.2521, d4.loss_plan_l1_fix_dist: 0.3671, d5.loss_plan_l1_fix_time: 3.2656, d5.loss_plan_l1_fix_dist: 0.3935, d6.loss_plan_l1_fix_time: 3.2781, d6.loss_plan_l1_fix_dist: 0.4216, d7.loss_plan_l1_fix_time: 3.2911, d7.loss_plan_l1_fix_dist: 0.4528, d8.loss_plan_l1_fix_time: 3.3043, d8.loss_plan_l1_fix_dist: 0.4864, d0.loss_cls_all: 0.6898, d0.loss_bbox_all: 0.7275, d0.loss_cls: 0.6898, d0.loss_bbox: 0.7275, d1.loss_cls: 0.6878, d1.loss_bbox: 0.7061, d2.loss_cls: 0.6913, d2.loss_bbox: 0.6903, d3.loss_cls: 0.6890, d3.loss_bbox: 0.6864, d4.loss_cls: 0.6908, d4.loss_bbox: 0.6790, d5.loss_cls: 0.6923, d5.loss_bbox: 0.6796, d6.loss_cls: 0.6955, d6.loss_bbox: 0.6767, d7.loss_cls: 0.6946, d7.loss_bbox: 0.6781, d0.loss_traj_cls: 0.0003, d0.loss_traj: 2.4758, d1.loss_traj_cls: 0.0003, d1.loss_traj: 2.3829, d2.loss_traj_cls: 0.0003, d2.loss_traj: 2.4252, d3.loss_traj_cls: 0.0003, d3.loss_traj: 2.4292, d4.loss_traj_cls: 0.0003, d4.loss_traj: 2.4463, d5.loss_traj_cls: 0.0003, d5.loss_traj: 2.4546, d6.loss_traj_cls: 0.0003, d6.loss_traj: 2.4510, d7.loss_traj_cls: 0.0003, d7.loss_traj: 2.4741, d0.loss_map_cls_all: 0.3736, d0.loss_map_pts_all: 2.2312, d0.loss_map_dir_all: 0.0188, d0.loss_map_cls: 0.3736, d0.loss_map_pts: 2.2312, d0.loss_map_dir: 0.0188, d1.loss_map_cls: 0.2791, d1.loss_map_pts: 1.9227, d1.loss_map_dir: 0.0190, d2.loss_map_cls: 0.2644, d2.loss_map_pts: 1.8567, d2.loss_map_dir: 0.0192, d3.loss_map_cls: 0.2631, d3.loss_map_pts: 1.8275, d3.loss_map_dir: 0.0194, d4.loss_map_cls: 0.2687, d4.loss_map_pts: 1.8243, d4.loss_map_dir: 0.0195, d5.loss_map_cls: 0.2704, d5.loss_map_pts: 1.8205, d5.loss_map_dir: 0.0195, d6.loss_map_cls: 0.2717, d6.loss_map_pts: 1.8187, d6.loss_map_dir: 0.0196, d7.loss_map_cls: 0.2718, d7.loss_map_pts: 1.8191, d7.loss_map_dir: 0.0196, loss: 90.8132, grad_norm: 6320.9159
2026-05-25 16:26:08,389 - DriveTransformer - INFO - Iter [7800/12870]	lr: 1.030e-05, eta: 1:29:02, time: 1.141, data_time: 0.067, memory: 21575, loss_cls: 0.7982, loss_bbox: 0.7974, loss_traj: 1.2509, loss_traj_cls: 0.0004, loss_map_cls: 0.2788, loss_map_pts: 1.5873, loss_map_dir: 0.0237, d0.loss_plan_l1_fix_time: 3.1869, d0.loss_plan_l1_fix_dist: 0.4939, d1.loss_plan_l1_fix_time: 3.0508, d1.loss_plan_l1_fix_dist: 0.5094, d2.loss_plan_l1_fix_time: 3.0495, d2.loss_plan_l1_fix_dist: 0.5333, d3.loss_plan_l1_fix_time: 3.0599, d3.loss_plan_l1_fix_dist: 0.5605, d4.loss_plan_l1_fix_time: 3.0685, d4.loss_plan_l1_fix_dist: 0.5886, d5.loss_plan_l1_fix_time: 3.0762, d5.loss_plan_l1_fix_dist: 0.6176, d6.loss_plan_l1_fix_time: 3.0839, d6.loss_plan_l1_fix_dist: 0.6492, d7.loss_plan_l1_fix_time: 3.0919, d7.loss_plan_l1_fix_dist: 0.6843, d8.loss_plan_l1_fix_time: 3.1003, d8.loss_plan_l1_fix_dist: 0.7206, d0.loss_cls_all: 0.7972, d0.loss_bbox_all: 0.8539, d0.loss_cls: 0.7972, d0.loss_bbox: 0.8539, d1.loss_cls: 0.7921, d1.loss_bbox: 0.8257, d2.loss_cls: 0.7952, d2.loss_bbox: 0.8147, d3.loss_cls: 0.7933, d3.loss_bbox: 0.8099, d4.loss_cls: 0.7947, d4.loss_bbox: 0.8034, d5.loss_cls: 0.7996, d5.loss_bbox: 0.7957, d6.loss_cls: 0.8007, d6.loss_bbox: 0.7951, d7.loss_cls: 0.8005, d7.loss_bbox: 0.7938, d0.loss_traj_cls: 0.0003, d0.loss_traj: 1.1682, d1.loss_traj_cls: 0.0003, d1.loss_traj: 1.1651, d2.loss_traj_cls: 0.0003, d2.loss_traj: 1.1606, d3.loss_traj_cls: 0.0003, d3.loss_traj: 1.1663, d4.loss_traj_cls: 0.0003, d4.loss_traj: 1.1648, d5.loss_traj_cls: 0.0004, d5.loss_traj: 1.1746, d6.loss_traj_cls: 0.0004, d6.loss_traj: 1.2188, d7.loss_traj_cls: 0.0004, d7.loss_traj: 1.2423, d0.loss_map_cls_all: 0.3129, d0.loss_map_pts_all: 2.3648, d0.loss_map_dir_all: 0.0233, d0.loss_map_cls: 0.3129, d0.loss_map_pts: 2.3648, d0.loss_map_dir: 0.0233, d1.loss_map_cls: 0.2641, d1.loss_map_pts: 1.7052, d1.loss_map_dir: 0.0235, d2.loss_map_cls: 0.2585, d2.loss_map_pts: 1.6160, d2.loss_map_dir: 0.0237, d3.loss_map_cls: 0.2638, d3.loss_map_pts: 1.5887, d3.loss_map_dir: 0.0237, d4.loss_map_cls: 0.2670, d4.loss_map_pts: 1.5866, d4.loss_map_dir: 0.0237, d5.loss_map_cls: 0.2693, d5.loss_map_pts: 1.5857, d5.loss_map_dir: 0.0237, d6.loss_map_cls: 0.2727, d6.loss_map_pts: 1.5855, d6.loss_map_dir: 0.0237, d7.loss_map_cls: 0.2777, d7.loss_map_pts: 1.5846, d7.loss_map_dir: 0.0237, loss: 80.5353, grad_norm: 5605.2985
2026-05-25 16:27:01,567 - DriveTransformer - INFO - Iter [7850/12870]	lr: 1.013e-05, eta: 1:28:09, time: 1.064, data_time: 0.066, memory: 21575, loss_cls: 0.8433, loss_bbox: 0.7839, loss_traj: 1.3088, loss_traj_cls: 0.0003, loss_map_cls: 0.2827, loss_map_pts: 1.1715, loss_map_dir: 0.0146, d0.loss_plan_l1_fix_time: 1.7835, d0.loss_plan_l1_fix_dist: 0.2703, d1.loss_plan_l1_fix_time: 1.6625, d1.loss_plan_l1_fix_dist: 0.2716, d2.loss_plan_l1_fix_time: 1.6467, d2.loss_plan_l1_fix_dist: 0.2805, d3.loss_plan_l1_fix_time: 1.6461, d3.loss_plan_l1_fix_dist: 0.2941, d4.loss_plan_l1_fix_time: 1.6487, d4.loss_plan_l1_fix_dist: 0.3090, d5.loss_plan_l1_fix_time: 1.6528, d5.loss_plan_l1_fix_dist: 0.3262, d6.loss_plan_l1_fix_time: 1.6568, d6.loss_plan_l1_fix_dist: 0.3441, d7.loss_plan_l1_fix_time: 1.6615, d7.loss_plan_l1_fix_dist: 0.3619, d8.loss_plan_l1_fix_time: 1.6668, d8.loss_plan_l1_fix_dist: 0.3843, d0.loss_cls_all: 0.8504, d0.loss_bbox_all: 0.8375, d0.loss_cls: 0.8504, d0.loss_bbox: 0.8375, d1.loss_cls: 0.8296, d1.loss_bbox: 0.7949, d2.loss_cls: 0.8341, d2.loss_bbox: 0.7859, d3.loss_cls: 0.8355, d3.loss_bbox: 0.7795, d4.loss_cls: 0.8377, d4.loss_bbox: 0.7792, d5.loss_cls: 0.8398, d5.loss_bbox: 0.7745, d6.loss_cls: 0.8403, d6.loss_bbox: 0.7770, d7.loss_cls: 0.8417, d7.loss_bbox: 0.7807, d0.loss_traj_cls: 0.0003, d0.loss_traj: 1.3494, d1.loss_traj_cls: 0.0003, d1.loss_traj: 1.2444, d2.loss_traj_cls: 0.0003, d2.loss_traj: 1.2118, d3.loss_traj_cls: 0.0003, d3.loss_traj: 1.2202, d4.loss_traj_cls: 0.0003, d4.loss_traj: 1.2564, d5.loss_traj_cls: 0.0003, d5.loss_traj: 1.2788, d6.loss_traj_cls: 0.0003, d6.loss_traj: 1.2966, d7.loss_traj_cls: 0.0003, d7.loss_traj: 1.3058, d0.loss_map_cls_all: 0.3065, d0.loss_map_pts_all: 1.8326, d0.loss_map_dir_all: 0.0137, d0.loss_map_cls: 0.3065, d0.loss_map_pts: 1.8326, d0.loss_map_dir: 0.0137, d1.loss_map_cls: 0.2735, d1.loss_map_pts: 1.4611, d1.loss_map_dir: 0.0134, d2.loss_map_cls: 0.2747, d2.loss_map_pts: 1.2440, d2.loss_map_dir: 0.0143, d3.loss_map_cls: 0.2758, d3.loss_map_pts: 1.1921, d3.loss_map_dir: 0.0144, d4.loss_map_cls: 0.2765, d4.loss_map_pts: 1.1776, d4.loss_map_dir: 0.0144, d5.loss_map_cls: 0.2798, d5.loss_map_pts: 1.1727, d5.loss_map_dir: 0.0144, d6.loss_map_cls: 0.2809, d6.loss_map_pts: 1.1715, d6.loss_map_dir: 0.0145, d7.loss_map_cls: 0.2828, d7.loss_map_pts: 1.1713, d7.loss_map_dir: 0.0145, loss: 62.0836, grad_norm: 8123.1649
2026-05-25 16:27:52,558 - DriveTransformer - INFO - Iter [7900/12870]	lr: 9.955e-06, eta: 1:27:16, time: 1.020, data_time: 0.063, memory: 21575, loss_cls: 0.8895, loss_bbox: 0.6944, loss_traj: 0.8763, loss_traj_cls: 0.0002, loss_map_cls: 0.4102, loss_map_pts: 1.5822, loss_map_dir: 0.0188, d0.loss_plan_l1_fix_time: 2.5665, d0.loss_plan_l1_fix_dist: 0.1733, d1.loss_plan_l1_fix_time: 2.4282, d1.loss_plan_l1_fix_dist: 0.1644, d2.loss_plan_l1_fix_time: 2.4023, d2.loss_plan_l1_fix_dist: 0.1675, d3.loss_plan_l1_fix_time: 2.3986, d3.loss_plan_l1_fix_dist: 0.1774, d4.loss_plan_l1_fix_time: 2.4005, d4.loss_plan_l1_fix_dist: 0.1907, d5.loss_plan_l1_fix_time: 2.4050, d5.loss_plan_l1_fix_dist: 0.2051, d6.loss_plan_l1_fix_time: 2.4103, d6.loss_plan_l1_fix_dist: 0.2208, d7.loss_plan_l1_fix_time: 2.4170, d7.loss_plan_l1_fix_dist: 0.2378, d8.loss_plan_l1_fix_time: 2.4257, d8.loss_plan_l1_fix_dist: 0.2591, d0.loss_cls_all: 0.8759, d0.loss_bbox_all: 0.7058, d0.loss_cls: 0.8759, d0.loss_bbox: 0.7058, d1.loss_cls: 0.8718, d1.loss_bbox: 0.6907, d2.loss_cls: 0.8906, d2.loss_bbox: 0.6787, d3.loss_cls: 0.8929, d3.loss_bbox: 0.6806, d4.loss_cls: 0.8942, d4.loss_bbox: 0.6865, d5.loss_cls: 0.8928, d5.loss_bbox: 0.6869, d6.loss_cls: 0.8913, d6.loss_bbox: 0.6900, d7.loss_cls: 0.8926, d7.loss_bbox: 0.6913, d0.loss_traj_cls: 0.0002, d0.loss_traj: 0.9470, d1.loss_traj_cls: 0.0002, d1.loss_traj: 0.8842, d2.loss_traj_cls: 0.0002, d2.loss_traj: 0.8709, d3.loss_traj_cls: 0.0002, d3.loss_traj: 0.8746, d4.loss_traj_cls: 0.0002, d4.loss_traj: 0.8737, d5.loss_traj_cls: 0.0002, d5.loss_traj: 0.8623, d6.loss_traj_cls: 0.0002, d6.loss_traj: 0.8629, d7.loss_traj_cls: 0.0002, d7.loss_traj: 0.8702, d0.loss_map_cls_all: 0.4238, d0.loss_map_pts_all: 1.8642, d0.loss_map_dir_all: 0.0165, d0.loss_map_cls: 0.4238, d0.loss_map_pts: 1.8642, d0.loss_map_dir: 0.0165, d1.loss_map_cls: 0.4193, d1.loss_map_pts: 1.7158, d1.loss_map_dir: 0.0174, d2.loss_map_cls: 0.4018, d2.loss_map_pts: 1.6330, d2.loss_map_dir: 0.0181, d3.loss_map_cls: 0.4109, d3.loss_map_pts: 1.5994, d3.loss_map_dir: 0.0183, d4.loss_map_cls: 0.4087, d4.loss_map_pts: 1.5932, d4.loss_map_dir: 0.0185, d5.loss_map_cls: 0.4069, d5.loss_map_pts: 1.5877, d5.loss_map_dir: 0.0186, d6.loss_map_cls: 0.4093, d6.loss_map_pts: 1.5855, d6.loss_map_dir: 0.0187, d7.loss_map_cls: 0.4099, d7.loss_map_pts: 1.5840, d7.loss_map_dir: 0.0187, loss: 68.2664, grad_norm: 9182.8109
2026-05-25 16:28:45,810 - DriveTransformer - INFO - Iter [7950/12870]	lr: 9.786e-06, eta: 1:26:23, time: 1.065, data_time: 0.063, memory: 21575, loss_cls: 0.8809, loss_bbox: 0.6112, loss_traj: 2.0776, loss_traj_cls: 0.0003, loss_map_cls: 0.3451, loss_map_pts: 1.9419, loss_map_dir: 0.0342, d0.loss_plan_l1_fix_time: 3.4753, d0.loss_plan_l1_fix_dist: 0.2022, d1.loss_plan_l1_fix_time: 3.2962, d1.loss_plan_l1_fix_dist: 0.1912, d2.loss_plan_l1_fix_time: 3.2735, d2.loss_plan_l1_fix_dist: 0.1918, d3.loss_plan_l1_fix_time: 3.2764, d3.loss_plan_l1_fix_dist: 0.1991, d4.loss_plan_l1_fix_time: 3.2832, d4.loss_plan_l1_fix_dist: 0.2090, d5.loss_plan_l1_fix_time: 3.2925, d5.loss_plan_l1_fix_dist: 0.2199, d6.loss_plan_l1_fix_time: 3.3025, d6.loss_plan_l1_fix_dist: 0.2338, d7.loss_plan_l1_fix_time: 3.3137, d7.loss_plan_l1_fix_dist: 0.2512, d8.loss_plan_l1_fix_time: 3.3261, d8.loss_plan_l1_fix_dist: 0.2719, d0.loss_cls_all: 0.8793, d0.loss_bbox_all: 0.7047, d0.loss_cls: 0.8793, d0.loss_bbox: 0.7047, d1.loss_cls: 0.8579, d1.loss_bbox: 0.6526, d2.loss_cls: 0.8650, d2.loss_bbox: 0.6245, d3.loss_cls: 0.8672, d3.loss_bbox: 0.6109, d4.loss_cls: 0.8719, d4.loss_bbox: 0.6078, d5.loss_cls: 0.8777, d5.loss_bbox: 0.6037, d6.loss_cls: 0.8804, d6.loss_bbox: 0.6030, d7.loss_cls: 0.8826, d7.loss_bbox: 0.6052, d0.loss_traj_cls: 0.0002, d0.loss_traj: 1.9653, d1.loss_traj_cls: 0.0002, d1.loss_traj: 2.0154, d2.loss_traj_cls: 0.0003, d2.loss_traj: 2.0473, d3.loss_traj_cls: 0.0003, d3.loss_traj: 2.0597, d4.loss_traj_cls: 0.0003, d4.loss_traj: 2.0598, d5.loss_traj_cls: 0.0003, d5.loss_traj: 2.0623, d6.loss_traj_cls: 0.0003, d6.loss_traj: 2.0497, d7.loss_traj_cls: 0.0003, d7.loss_traj: 2.0618, d0.loss_map_cls_all: 0.3377, d0.loss_map_pts_all: 2.4926, d0.loss_map_dir_all: 0.0336, d0.loss_map_cls: 0.3377, d0.loss_map_pts: 2.4926, d0.loss_map_dir: 0.0336, d1.loss_map_cls: 0.3267, d1.loss_map_pts: 1.9689, d1.loss_map_dir: 0.0339, d2.loss_map_cls: 0.3264, d2.loss_map_pts: 1.9162, d2.loss_map_dir: 0.0340, d3.loss_map_cls: 0.3255, d3.loss_map_pts: 1.9134, d3.loss_map_dir: 0.0340, d4.loss_map_cls: 0.3307, d4.loss_map_pts: 1.9165, d4.loss_map_dir: 0.0341, d5.loss_map_cls: 0.3358, d5.loss_map_pts: 1.9221, d5.loss_map_dir: 0.0341, d6.loss_map_cls: 0.3402, d6.loss_map_pts: 1.9273, d6.loss_map_dir: 0.0342, d7.loss_map_cls: 0.3442, d7.loss_map_pts: 1.9350, d7.loss_map_dir: 0.0342, loss: 89.3980, grad_norm: 6740.8549
2026-05-25 16:29:37,722 - DriveTransformer - INFO - Exp name: drivetransformer_large_single_gpu_24g_30epoch.py
2026-05-25 16:29:37,723 - DriveTransformer - INFO - Iter [8000/12870]	lr: 9.617e-06, eta: 1:25:30, time: 1.038, data_time: 0.065, memory: 21575, loss_cls: 0.8606, loss_bbox: 0.6379, loss_traj: 1.4142, loss_traj_cls: 0.0003, loss_map_cls: 0.3393, loss_map_pts: 1.5086, loss_map_dir: 0.0330, d0.loss_plan_l1_fix_time: 3.2733, d0.loss_plan_l1_fix_dist: 0.1783, d1.loss_plan_l1_fix_time: 3.1373, d1.loss_plan_l1_fix_dist: 0.1648, d2.loss_plan_l1_fix_time: 3.1097, d2.loss_plan_l1_fix_dist: 0.1668, d3.loss_plan_l1_fix_time: 3.1105, d3.loss_plan_l1_fix_dist: 0.1762, d4.loss_plan_l1_fix_time: 3.1164, d4.loss_plan_l1_fix_dist: 0.1895, d5.loss_plan_l1_fix_time: 3.1244, d5.loss_plan_l1_fix_dist: 0.2044, d6.loss_plan_l1_fix_time: 3.1330, d6.loss_plan_l1_fix_dist: 0.2216, d7.loss_plan_l1_fix_time: 3.1416, d7.loss_plan_l1_fix_dist: 0.2401, d8.loss_plan_l1_fix_time: 3.1507, d8.loss_plan_l1_fix_dist: 0.2614, d0.loss_cls_all: 0.8362, d0.loss_bbox_all: 0.7332, d0.loss_cls: 0.8362, d0.loss_bbox: 0.7332, d1.loss_cls: 0.8361, d1.loss_bbox: 0.6834, d2.loss_cls: 0.8431, d2.loss_bbox: 0.6585, d3.loss_cls: 0.8443, d3.loss_bbox: 0.6507, d4.loss_cls: 0.8475, d4.loss_bbox: 0.6531, d5.loss_cls: 0.8501, d5.loss_bbox: 0.6466, d6.loss_cls: 0.8559, d6.loss_bbox: 0.6426, d7.loss_cls: 0.8584, d7.loss_bbox: 0.6418, d0.loss_traj_cls: 0.0003, d0.loss_traj: 1.6482, d1.loss_traj_cls: 0.0003, d1.loss_traj: 1.4517, d2.loss_traj_cls: 0.0003, d2.loss_traj: 1.3978, d3.loss_traj_cls: 0.0003, d3.loss_traj: 1.3659, d4.loss_traj_cls: 0.0003, d4.loss_traj: 1.3667, d5.loss_traj_cls: 0.0003, d5.loss_traj: 1.3792, d6.loss_traj_cls: 0.0003, d6.loss_traj: 1.4105, d7.loss_traj_cls: 0.0003, d7.loss_traj: 1.4086, d0.loss_map_cls_all: 0.3265, d0.loss_map_pts_all: 2.7752, d0.loss_map_dir_all: 0.0320, d0.loss_map_cls: 0.3265, d0.loss_map_pts: 2.7752, d0.loss_map_dir: 0.0320, d1.loss_map_cls: 0.3370, d1.loss_map_pts: 1.9258, d1.loss_map_dir: 0.0312, d2.loss_map_cls: 0.3309, d2.loss_map_pts: 1.5635, d2.loss_map_dir: 0.0330, d3.loss_map_cls: 0.3298, d3.loss_map_pts: 1.5122, d3.loss_map_dir: 0.0329, d4.loss_map_cls: 0.3311, d4.loss_map_pts: 1.5001, d4.loss_map_dir: 0.0328, d5.loss_map_cls: 0.3332, d5.loss_map_pts: 1.5002, d5.loss_map_dir: 0.0327, d6.loss_map_cls: 0.3354, d6.loss_map_pts: 1.5024, d6.loss_map_dir: 0.0329, d7.loss_map_cls: 0.3379, d7.loss_map_pts: 1.5054, d7.loss_map_dir: 0.0328, loss: 79.8161, grad_norm: 5667.7974
2026-05-25 16:30:26,509 - DriveTransformer - INFO - Iter [8050/12870]	lr: 9.450e-06, eta: 1:24:35, time: 0.976, data_time: 0.060, memory: 21575, loss_cls: 0.7737, loss_bbox: 0.6851, loss_traj: 1.5223, loss_traj_cls: 0.0003, loss_map_cls: 0.2174, loss_map_pts: 0.7015, loss_map_dir: 0.0041, d0.loss_plan_l1_fix_time: 1.9727, d0.loss_plan_l1_fix_dist: 0.2075, d1.loss_plan_l1_fix_time: 1.7990, d1.loss_plan_l1_fix_dist: 0.1982, d2.loss_plan_l1_fix_time: 1.7862, d2.loss_plan_l1_fix_dist: 0.2042, d3.loss_plan_l1_fix_time: 1.7929, d3.loss_plan_l1_fix_dist: 0.2128, d4.loss_plan_l1_fix_time: 1.8001, d4.loss_plan_l1_fix_dist: 0.2247, d5.loss_plan_l1_fix_time: 1.8061, d5.loss_plan_l1_fix_dist: 0.2373, d6.loss_plan_l1_fix_time: 1.8123, d6.loss_plan_l1_fix_dist: 0.2504, d7.loss_plan_l1_fix_time: 1.8187, d7.loss_plan_l1_fix_dist: 0.2647, d8.loss_plan_l1_fix_time: 1.8260, d8.loss_plan_l1_fix_dist: 0.2817, d0.loss_cls_all: 0.8066, d0.loss_bbox_all: 0.8117, d0.loss_cls: 0.8066, d0.loss_bbox: 0.8117, d1.loss_cls: 0.7418, d1.loss_bbox: 0.7569, d2.loss_cls: 0.7375, d2.loss_bbox: 0.7414, d3.loss_cls: 0.7413, d3.loss_bbox: 0.7278, d4.loss_cls: 0.7455, d4.loss_bbox: 0.7192, d5.loss_cls: 0.7532, d5.loss_bbox: 0.7067, d6.loss_cls: 0.7617, d6.loss_bbox: 0.6974, d7.loss_cls: 0.7658, d7.loss_bbox: 0.6915, d0.loss_traj_cls: 0.0003, d0.loss_traj: 2.0430, d1.loss_traj_cls: 0.0003, d1.loss_traj: 1.5429, d2.loss_traj_cls: 0.0003, d2.loss_traj: 1.4779, d3.loss_traj_cls: 0.0003, d3.loss_traj: 1.4831, d4.loss_traj_cls: 0.0003, d4.loss_traj: 1.4915, d5.loss_traj_cls: 0.0003, d5.loss_traj: 1.5045, d6.loss_traj_cls: 0.0003, d6.loss_traj: 1.5110, d7.loss_traj_cls: 0.0003, d7.loss_traj: 1.5119, d0.loss_map_cls_all: 0.2267, d0.loss_map_pts_all: 0.9872, d0.loss_map_dir_all: 0.0039, d0.loss_map_cls: 0.2267, d0.loss_map_pts: 0.9872, d0.loss_map_dir: 0.0039, d1.loss_map_cls: 0.2556, d1.loss_map_pts: 0.7557, d1.loss_map_dir: 0.0039, d2.loss_map_cls: 0.2167, d2.loss_map_pts: 0.6870, d2.loss_map_dir: 0.0041, d3.loss_map_cls: 0.2122, d3.loss_map_pts: 0.6798, d3.loss_map_dir: 0.0041, d4.loss_map_cls: 0.2103, d4.loss_map_pts: 0.6862, d4.loss_map_dir: 0.0041, d5.loss_map_cls: 0.2117, d5.loss_map_pts: 0.6898, d5.loss_map_dir: 0.0041, d6.loss_map_cls: 0.2150, d6.loss_map_pts: 0.6936, d6.loss_map_dir: 0.0041, d7.loss_map_cls: 0.2170, d7.loss_map_pts: 0.6977, d7.loss_map_dir: 0.0041, loss: 57.3846, grad_norm: 6350.6266
2026-05-25 16:31:16,860 - DriveTransformer - INFO - Iter [8100/12870]	lr: 9.283e-06, eta: 1:23:41, time: 1.007, data_time: 0.061, memory: 21575, loss_cls: 0.7280, loss_bbox: 0.8887, loss_traj: 1.1540, loss_traj_cls: 0.0005, loss_map_cls: 0.2039, loss_map_pts: 0.8433, loss_map_dir: 0.0043, d0.loss_plan_l1_fix_time: 2.5425, d0.loss_plan_l1_fix_dist: 0.3269, d1.loss_plan_l1_fix_time: 2.4318, d1.loss_plan_l1_fix_dist: 0.3205, d2.loss_plan_l1_fix_time: 2.4255, d2.loss_plan_l1_fix_dist: 0.3298, d3.loss_plan_l1_fix_time: 2.4303, d3.loss_plan_l1_fix_dist: 0.3441, d4.loss_plan_l1_fix_time: 2.4370, d4.loss_plan_l1_fix_dist: 0.3604, d5.loss_plan_l1_fix_time: 2.4443, d5.loss_plan_l1_fix_dist: 0.3782, d6.loss_plan_l1_fix_time: 2.4525, d6.loss_plan_l1_fix_dist: 0.3961, d7.loss_plan_l1_fix_time: 2.4612, d7.loss_plan_l1_fix_dist: 0.4168, d8.loss_plan_l1_fix_time: 2.4706, d8.loss_plan_l1_fix_dist: 0.4391, d0.loss_cls_all: 0.7572, d0.loss_bbox_all: 0.9201, d0.loss_cls: 0.7572, d0.loss_bbox: 0.9201, d1.loss_cls: 0.7821, d1.loss_bbox: 0.8980, d2.loss_cls: 0.7414, d2.loss_bbox: 0.8931, d3.loss_cls: 0.7189, d3.loss_bbox: 0.8819, d4.loss_cls: 0.7150, d4.loss_bbox: 0.8781, d5.loss_cls: 0.7144, d5.loss_bbox: 0.8830, d6.loss_cls: 0.7157, d6.loss_bbox: 0.8905, d7.loss_cls: 0.7235, d7.loss_bbox: 0.8920, d0.loss_traj_cls: 0.0004, d0.loss_traj: 1.5044, d1.loss_traj_cls: 0.0005, d1.loss_traj: 1.2133, d2.loss_traj_cls: 0.0004, d2.loss_traj: 1.1934, d3.loss_traj_cls: 0.0004, d3.loss_traj: 1.1721, d4.loss_traj_cls: 0.0004, d4.loss_traj: 1.1726, d5.loss_traj_cls: 0.0004, d5.loss_traj: 1.1665, d6.loss_traj_cls: 0.0004, d6.loss_traj: 1.1476, d7.loss_traj_cls: 0.0005, d7.loss_traj: 1.1503, d0.loss_map_cls_all: 0.2237, d0.loss_map_pts_all: 1.1507, d0.loss_map_dir_all: 0.0038, d0.loss_map_cls: 0.2237, d0.loss_map_pts: 1.1507, d0.loss_map_dir: 0.0038, d1.loss_map_cls: 0.2120, d1.loss_map_pts: 0.9074, d1.loss_map_dir: 0.0040, d2.loss_map_cls: 0.1908, d2.loss_map_pts: 0.8445, d2.loss_map_dir: 0.0041, d3.loss_map_cls: 0.1920, d3.loss_map_pts: 0.8314, d3.loss_map_dir: 0.0042, d4.loss_map_cls: 0.1977, d4.loss_map_pts: 0.8324, d4.loss_map_dir: 0.0042, d5.loss_map_cls: 0.2006, d5.loss_map_pts: 0.8346, d5.loss_map_dir: 0.0042, d6.loss_map_cls: 0.2030, d6.loss_map_pts: 0.8365, d6.loss_map_dir: 0.0043, d7.loss_map_cls: 0.2038, d7.loss_map_pts: 0.8395, d7.loss_map_dir: 0.0043, loss: 63.7481, grad_norm: 7205.0271
2026-05-25 16:32:10,114 - DriveTransformer - INFO - Iter [8150/12870]	lr: 9.117e-06, eta: 1:22:49, time: 1.065, data_time: 0.062, memory: 21575, loss_cls: 0.7787, loss_bbox: 0.9238, loss_traj: 1.8198, loss_traj_cls: 0.0006, loss_map_cls: 0.3203, loss_map_pts: 1.3557, loss_map_dir: 0.0078, d0.loss_plan_l1_fix_time: 3.0130, d0.loss_plan_l1_fix_dist: 0.4352, d1.loss_plan_l1_fix_time: 2.8683, d1.loss_plan_l1_fix_dist: 0.4300, d2.loss_plan_l1_fix_time: 2.8512, d2.loss_plan_l1_fix_dist: 0.4315, d3.loss_plan_l1_fix_time: 2.8529, d3.loss_plan_l1_fix_dist: 0.4382, d4.loss_plan_l1_fix_time: 2.8586, d4.loss_plan_l1_fix_dist: 0.4485, d5.loss_plan_l1_fix_time: 2.8659, d5.loss_plan_l1_fix_dist: 0.4614, d6.loss_plan_l1_fix_time: 2.8739, d6.loss_plan_l1_fix_dist: 0.4766, d7.loss_plan_l1_fix_time: 2.8828, d7.loss_plan_l1_fix_dist: 0.4950, d8.loss_plan_l1_fix_time: 2.8921, d8.loss_plan_l1_fix_dist: 0.5155, d0.loss_cls_all: 0.8265, d0.loss_bbox_all: 0.9358, d0.loss_cls: 0.8265, d0.loss_bbox: 0.9358, d1.loss_cls: 0.7730, d1.loss_bbox: 0.9184, d2.loss_cls: 0.7644, d2.loss_bbox: 0.9153, d3.loss_cls: 0.7666, d3.loss_bbox: 0.9021, d4.loss_cls: 0.7702, d4.loss_bbox: 0.9017, d5.loss_cls: 0.7690, d5.loss_bbox: 0.9064, d6.loss_cls: 0.7703, d6.loss_bbox: 0.9173, d7.loss_cls: 0.7734, d7.loss_bbox: 0.9210, d0.loss_traj_cls: 0.0005, d0.loss_traj: 2.0413, d1.loss_traj_cls: 0.0005, d1.loss_traj: 1.6609, d2.loss_traj_cls: 0.0005, d2.loss_traj: 1.6821, d3.loss_traj_cls: 0.0005, d3.loss_traj: 1.6996, d4.loss_traj_cls: 0.0005, d4.loss_traj: 1.7198, d5.loss_traj_cls: 0.0005, d5.loss_traj: 1.7382, d6.loss_traj_cls: 0.0006, d6.loss_traj: 1.7629, d7.loss_traj_cls: 0.0006, d7.loss_traj: 1.7855, d0.loss_map_cls_all: 0.3311, d0.loss_map_pts_all: 1.6862, d0.loss_map_dir_all: 0.0072, d0.loss_map_cls: 0.3311, d0.loss_map_pts: 1.6862, d0.loss_map_dir: 0.0072, d1.loss_map_cls: 0.3181, d1.loss_map_pts: 1.4553, d1.loss_map_dir: 0.0075, d2.loss_map_cls: 0.3014, d2.loss_map_pts: 1.3915, d2.loss_map_dir: 0.0077, d3.loss_map_cls: 0.3056, d3.loss_map_pts: 1.3684, d3.loss_map_dir: 0.0077, d4.loss_map_cls: 0.3099, d4.loss_map_pts: 1.3606, d4.loss_map_dir: 0.0078, d5.loss_map_cls: 0.3149, d5.loss_map_pts: 1.3546, d5.loss_map_dir: 0.0078, d6.loss_map_cls: 0.3173, d6.loss_map_pts: 1.3540, d6.loss_map_dir: 0.0078, d7.loss_map_cls: 0.3191, d7.loss_map_pts: 1.3549, d7.loss_map_dir: 0.0078, loss: 80.6139, grad_norm: 6876.5257
2026-05-25 16:32:11,243 - DriveTransformer - INFO - Saving checkpoint at 8151 iterations
2026-05-25 16:33:19,365 - DriveTransformer - INFO - Iter [8200/12870]	lr: 8.951e-06, eta: 1:22:06, time: 1.385, data_time: 0.065, memory: 21575, loss_cls: 0.8587, loss_bbox: 0.9237, loss_traj: 2.0616, loss_traj_cls: 0.0007, loss_map_cls: 0.3868, loss_map_pts: 1.8965, loss_map_dir: 0.0241, d0.loss_plan_l1_fix_time: 3.1080, d0.loss_plan_l1_fix_dist: 0.3289, d1.loss_plan_l1_fix_time: 2.9130, d1.loss_plan_l1_fix_dist: 0.3476, d2.loss_plan_l1_fix_time: 2.8899, d2.loss_plan_l1_fix_dist: 0.3682, d3.loss_plan_l1_fix_time: 2.8927, d3.loss_plan_l1_fix_dist: 0.3921, d4.loss_plan_l1_fix_time: 2.8995, d4.loss_plan_l1_fix_dist: 0.4180, d5.loss_plan_l1_fix_time: 2.9080, d5.loss_plan_l1_fix_dist: 0.4421, d6.loss_plan_l1_fix_time: 2.9184, d6.loss_plan_l1_fix_dist: 0.4642, d7.loss_plan_l1_fix_time: 2.9290, d7.loss_plan_l1_fix_dist: 0.4854, d8.loss_plan_l1_fix_time: 2.9401, d8.loss_plan_l1_fix_dist: 0.5076, d0.loss_cls_all: 0.8608, d0.loss_bbox_all: 0.9029, d0.loss_cls: 0.8608, d0.loss_bbox: 0.9029, d1.loss_cls: 0.8494, d1.loss_bbox: 0.9067, d2.loss_cls: 0.8484, d2.loss_bbox: 0.9064, d3.loss_cls: 0.8506, d3.loss_bbox: 0.9076, d4.loss_cls: 0.8513, d4.loss_bbox: 0.9124, d5.loss_cls: 0.8500, d5.loss_bbox: 0.9140, d6.loss_cls: 0.8523, d6.loss_bbox: 0.9175, d7.loss_cls: 0.8549, d7.loss_bbox: 0.9195, d0.loss_traj_cls: 0.0006, d0.loss_traj: 1.8469, d1.loss_traj_cls: 0.0006, d1.loss_traj: 1.9662, d2.loss_traj_cls: 0.0006, d2.loss_traj: 2.0061, d3.loss_traj_cls: 0.0006, d3.loss_traj: 2.0236, d4.loss_traj_cls: 0.0006, d4.loss_traj: 2.0202, d5.loss_traj_cls: 0.0006, d5.loss_traj: 2.0412, d6.loss_traj_cls: 0.0006, d6.loss_traj: 2.0520, d7.loss_traj_cls: 0.0006, d7.loss_traj: 2.0670, d0.loss_map_cls_all: 0.4249, d0.loss_map_pts_all: 2.4343, d0.loss_map_dir_all: 0.0238, d0.loss_map_cls: 0.4249, d0.loss_map_pts: 2.4343, d0.loss_map_dir: 0.0238, d1.loss_map_cls: 0.3761, d1.loss_map_pts: 2.0161, d1.loss_map_dir: 0.0235, d2.loss_map_cls: 0.3623, d2.loss_map_pts: 1.9373, d2.loss_map_dir: 0.0238, d3.loss_map_cls: 0.3666, d3.loss_map_pts: 1.8978, d3.loss_map_dir: 0.0239, d4.loss_map_cls: 0.3696, d4.loss_map_pts: 1.8911, d4.loss_map_dir: 0.0240, d5.loss_map_cls: 0.3737, d5.loss_map_pts: 1.8902, d5.loss_map_dir: 0.0240, d6.loss_map_cls: 0.3804, d6.loss_map_pts: 1.8895, d6.loss_map_dir: 0.0240, d7.loss_map_cls: 0.3848, d7.loss_map_pts: 1.8940, d7.loss_map_dir: 0.0240, loss: 90.1644, grad_norm: 8766.1748
2026-05-25 16:34:17,261 - DriveTransformer - INFO - Iter [8250/12870]	lr: 8.787e-06, eta: 1:21:16, time: 1.158, data_time: 0.062, memory: 21575, loss_cls: 0.8905, loss_bbox: 0.8222, loss_traj: 2.3464, loss_traj_cls: 0.0006, loss_map_cls: 0.5220, loss_map_pts: 2.4792, loss_map_dir: 0.0296, d0.loss_plan_l1_fix_time: 2.2335, d0.loss_plan_l1_fix_dist: 0.3093, d1.loss_plan_l1_fix_time: 1.8723, d1.loss_plan_l1_fix_dist: 0.3290, d2.loss_plan_l1_fix_time: 1.8224, d2.loss_plan_l1_fix_dist: 0.3503, d3.loss_plan_l1_fix_time: 1.8090, d3.loss_plan_l1_fix_dist: 0.3748, d4.loss_plan_l1_fix_time: 1.8069, d4.loss_plan_l1_fix_dist: 0.4030, d5.loss_plan_l1_fix_time: 1.8075, d5.loss_plan_l1_fix_dist: 0.4298, d6.loss_plan_l1_fix_time: 1.8092, d6.loss_plan_l1_fix_dist: 0.4580, d7.loss_plan_l1_fix_time: 1.8111, d7.loss_plan_l1_fix_dist: 0.4874, d8.loss_plan_l1_fix_time: 1.8135, d8.loss_plan_l1_fix_dist: 0.5184, d0.loss_cls_all: 0.8790, d0.loss_bbox_all: 0.8398, d0.loss_cls: 0.8790, d0.loss_bbox: 0.8398, d1.loss_cls: 0.8733, d1.loss_bbox: 0.8116, d2.loss_cls: 0.8717, d2.loss_bbox: 0.8133, d3.loss_cls: 0.8716, d3.loss_bbox: 0.8148, d4.loss_cls: 0.8818, d4.loss_bbox: 0.8155, d5.loss_cls: 0.8855, d5.loss_bbox: 0.8156, d6.loss_cls: 0.8901, d6.loss_bbox: 0.8154, d7.loss_cls: 0.8899, d7.loss_bbox: 0.8187, d0.loss_traj_cls: 0.0005, d0.loss_traj: 2.3033, d1.loss_traj_cls: 0.0005, d1.loss_traj: 2.2203, d2.loss_traj_cls: 0.0005, d2.loss_traj: 2.2389, d3.loss_traj_cls: 0.0005, d3.loss_traj: 2.2518, d4.loss_traj_cls: 0.0005, d4.loss_traj: 2.2819, d5.loss_traj_cls: 0.0005, d5.loss_traj: 2.3075, d6.loss_traj_cls: 0.0005, d6.loss_traj: 2.3557, d7.loss_traj_cls: 0.0005, d7.loss_traj: 2.3654, d0.loss_map_cls_all: 0.5324, d0.loss_map_pts_all: 3.0732, d0.loss_map_dir_all: 0.0298, d0.loss_map_cls: 0.5324, d0.loss_map_pts: 3.0732, d0.loss_map_dir: 0.0298, d1.loss_map_cls: 0.5193, d1.loss_map_pts: 2.6007, d1.loss_map_dir: 0.0290, d2.loss_map_cls: 0.5015, d2.loss_map_pts: 2.4979, d2.loss_map_dir: 0.0293, d3.loss_map_cls: 0.5098, d3.loss_map_pts: 2.4806, d3.loss_map_dir: 0.0295, d4.loss_map_cls: 0.5139, d4.loss_map_pts: 2.4750, d4.loss_map_dir: 0.0295, d5.loss_map_cls: 0.5166, d5.loss_map_pts: 2.4765, d5.loss_map_dir: 0.0294, d6.loss_map_cls: 0.5199, d6.loss_map_pts: 2.4777, d6.loss_map_dir: 0.0295, d7.loss_map_cls: 0.5224, d7.loss_map_pts: 2.4781, d7.loss_map_dir: 0.0295, loss: 89.7374, grad_norm: 8562.3607
2026-05-25 16:35:08,620 - DriveTransformer - INFO - Iter [8300/12870]	lr: 8.624e-06, eta: 1:20:22, time: 1.027, data_time: 0.063, memory: 21575, loss_cls: 0.7065, loss_bbox: 0.7124, loss_traj: 1.7290, loss_traj_cls: 0.0003, loss_map_cls: 0.4410, loss_map_pts: 1.5707, loss_map_dir: 0.0135, d0.loss_plan_l1_fix_time: 4.3198, d0.loss_plan_l1_fix_dist: 0.3716, d1.loss_plan_l1_fix_time: 4.3998, d1.loss_plan_l1_fix_dist: 0.3779, d2.loss_plan_l1_fix_time: 4.4160, d2.loss_plan_l1_fix_dist: 0.3897, d3.loss_plan_l1_fix_time: 4.4312, d3.loss_plan_l1_fix_dist: 0.4036, d4.loss_plan_l1_fix_time: 4.4441, d4.loss_plan_l1_fix_dist: 0.4187, d5.loss_plan_l1_fix_time: 4.4550, d5.loss_plan_l1_fix_dist: 0.4345, d6.loss_plan_l1_fix_time: 4.4649, d6.loss_plan_l1_fix_dist: 0.4521, d7.loss_plan_l1_fix_time: 4.4745, d7.loss_plan_l1_fix_dist: 0.4713, d8.loss_plan_l1_fix_time: 4.4845, d8.loss_plan_l1_fix_dist: 0.4913, d0.loss_cls_all: 0.7216, d0.loss_bbox_all: 0.8251, d0.loss_cls: 0.7216, d0.loss_bbox: 0.8251, d1.loss_cls: 0.7092, d1.loss_bbox: 0.7321, d2.loss_cls: 0.7024, d2.loss_bbox: 0.7210, d3.loss_cls: 0.7068, d3.loss_bbox: 0.7153, d4.loss_cls: 0.7062, d4.loss_bbox: 0.7198, d5.loss_cls: 0.7056, d5.loss_bbox: 0.7166, d6.loss_cls: 0.7048, d6.loss_bbox: 0.7141, d7.loss_cls: 0.7046, d7.loss_bbox: 0.7150, d0.loss_traj_cls: 0.0003, d0.loss_traj: 2.3298, d1.loss_traj_cls: 0.0003, d1.loss_traj: 1.7153, d2.loss_traj_cls: 0.0003, d2.loss_traj: 1.6429, d3.loss_traj_cls: 0.0003, d3.loss_traj: 1.6342, d4.loss_traj_cls: 0.0003, d4.loss_traj: 1.6634, d5.loss_traj_cls: 0.0003, d5.loss_traj: 1.6919, d6.loss_traj_cls: 0.0003, d6.loss_traj: 1.7073, d7.loss_traj_cls: 0.0003, d7.loss_traj: 1.7162, d0.loss_map_cls_all: 0.4442, d0.loss_map_pts_all: 1.9061, d0.loss_map_dir_all: 0.0131, d0.loss_map_cls: 0.4442, d0.loss_map_pts: 1.9061, d0.loss_map_dir: 0.0131, d1.loss_map_cls: 0.4212, d1.loss_map_pts: 1.7415, d1.loss_map_dir: 0.0130, d2.loss_map_cls: 0.4175, d2.loss_map_pts: 1.6325, d2.loss_map_dir: 0.0133, d3.loss_map_cls: 0.4204, d3.loss_map_pts: 1.5878, d3.loss_map_dir: 0.0133, d4.loss_map_cls: 0.4279, d4.loss_map_pts: 1.5752, d4.loss_map_dir: 0.0133, d5.loss_map_cls: 0.4336, d5.loss_map_pts: 1.5717, d5.loss_map_dir: 0.0134, d6.loss_map_cls: 0.4372, d6.loss_map_pts: 1.5709, d6.loss_map_dir: 0.0134, d7.loss_map_cls: 0.4396, d7.loss_map_pts: 1.5692, d7.loss_map_dir: 0.0134, loss: 95.1103, grad_norm: 8694.3961
2026-05-25 16:35:58,776 - DriveTransformer - INFO - Iter [8350/12870]	lr: 8.462e-06, eta: 1:19:28, time: 1.003, data_time: 0.061, memory: 21575, loss_cls: 0.7096, loss_bbox: 0.7238, loss_traj: 3.2434, loss_traj_cls: 0.0003, loss_map_cls: 0.2933, loss_map_pts: 1.2690, loss_map_dir: 0.0066, d0.loss_plan_l1_fix_time: 2.2680, d0.loss_plan_l1_fix_dist: 0.3348, d1.loss_plan_l1_fix_time: 2.1148, d1.loss_plan_l1_fix_dist: 0.3378, d2.loss_plan_l1_fix_time: 2.1335, d2.loss_plan_l1_fix_dist: 0.3446, d3.loss_plan_l1_fix_time: 2.1507, d3.loss_plan_l1_fix_dist: 0.3508, d4.loss_plan_l1_fix_time: 2.1636, d4.loss_plan_l1_fix_dist: 0.3617, d5.loss_plan_l1_fix_time: 2.1750, d5.loss_plan_l1_fix_dist: 0.3743, d6.loss_plan_l1_fix_time: 2.1841, d6.loss_plan_l1_fix_dist: 0.3884, d7.loss_plan_l1_fix_time: 2.1938, d7.loss_plan_l1_fix_dist: 0.4041, d8.loss_plan_l1_fix_time: 2.2030, d8.loss_plan_l1_fix_dist: 0.4221, d0.loss_cls_all: 0.7375, d0.loss_bbox_all: 0.7857, d0.loss_cls: 0.7375, d0.loss_bbox: 0.7857, d1.loss_cls: 0.7183, d1.loss_bbox: 0.7350, d2.loss_cls: 0.7171, d2.loss_bbox: 0.7242, d3.loss_cls: 0.7163, d3.loss_bbox: 0.7195, d4.loss_cls: 0.7146, d4.loss_bbox: 0.7169, d5.loss_cls: 0.7140, d5.loss_bbox: 0.7178, d6.loss_cls: 0.7133, d6.loss_bbox: 0.7178, d7.loss_cls: 0.7098, d7.loss_bbox: 0.7232, d0.loss_traj_cls: 0.0003, d0.loss_traj: 3.2551, d1.loss_traj_cls: 0.0003, d1.loss_traj: 3.2694, d2.loss_traj_cls: 0.0003, d2.loss_traj: 3.2842, d3.loss_traj_cls: 0.0003, d3.loss_traj: 3.2765, d4.loss_traj_cls: 0.0003, d4.loss_traj: 3.2920, d5.loss_traj_cls: 0.0003, d5.loss_traj: 3.2562, d6.loss_traj_cls: 0.0003, d6.loss_traj: 3.2519, d7.loss_traj_cls: 0.0003, d7.loss_traj: 3.2254, d0.loss_map_cls_all: 0.3657, d0.loss_map_pts_all: 1.4968, d0.loss_map_dir_all: 0.0063, d0.loss_map_cls: 0.3657, d0.loss_map_pts: 1.4968, d0.loss_map_dir: 0.0063, d1.loss_map_cls: 0.2996, d1.loss_map_pts: 1.3228, d1.loss_map_dir: 0.0067, d2.loss_map_cls: 0.2882, d2.loss_map_pts: 1.2643, d2.loss_map_dir: 0.0067, d3.loss_map_cls: 0.2836, d3.loss_map_pts: 1.2566, d3.loss_map_dir: 0.0065, d4.loss_map_cls: 0.2836, d4.loss_map_pts: 1.2580, d4.loss_map_dir: 0.0066, d5.loss_map_cls: 0.2877, d5.loss_map_pts: 1.2605, d5.loss_map_dir: 0.0066, d6.loss_map_cls: 0.2903, d6.loss_map_pts: 1.2636, d6.loss_map_dir: 0.0066, d7.loss_map_cls: 0.2932, d7.loss_map_pts: 1.2658, d7.loss_map_dir: 0.0066, loss: 83.0700, grad_norm: 5274.4494
2026-05-25 16:36:49,026 - DriveTransformer - INFO - Iter [8400/12870]	lr: 8.300e-06, eta: 1:18:34, time: 1.005, data_time: 0.061, memory: 21575, loss_cls: 0.7156, loss_bbox: 0.7265, loss_traj: 3.4312, loss_traj_cls: 0.0003, loss_map_cls: 0.3732, loss_map_pts: 1.3831, loss_map_dir: 0.0118, d0.loss_plan_l1_fix_time: 4.1538, d0.loss_plan_l1_fix_dist: 0.3669, d1.loss_plan_l1_fix_time: 3.7904, d1.loss_plan_l1_fix_dist: 0.3685, d2.loss_plan_l1_fix_time: 3.7627, d2.loss_plan_l1_fix_dist: 0.3753, d3.loss_plan_l1_fix_time: 3.7602, d3.loss_plan_l1_fix_dist: 0.3843, d4.loss_plan_l1_fix_time: 3.7635, d4.loss_plan_l1_fix_dist: 0.3950, d5.loss_plan_l1_fix_time: 3.7691, d5.loss_plan_l1_fix_dist: 0.4062, d6.loss_plan_l1_fix_time: 3.7752, d6.loss_plan_l1_fix_dist: 0.4192, d7.loss_plan_l1_fix_time: 3.7822, d7.loss_plan_l1_fix_dist: 0.4336, d8.loss_plan_l1_fix_time: 3.7904, d8.loss_plan_l1_fix_dist: 0.4487, d0.loss_cls_all: 0.7193, d0.loss_bbox_all: 0.7910, d0.loss_cls: 0.7193, d0.loss_bbox: 0.7910, d1.loss_cls: 0.7179, d1.loss_bbox: 0.7592, d2.loss_cls: 0.7125, d2.loss_bbox: 0.7428, d3.loss_cls: 0.7120, d3.loss_bbox: 0.7348, d4.loss_cls: 0.7134, d4.loss_bbox: 0.7289, d5.loss_cls: 0.7145, d5.loss_bbox: 0.7258, d6.loss_cls: 0.7150, d6.loss_bbox: 0.7252, d7.loss_cls: 0.7163, d7.loss_bbox: 0.7268, d0.loss_traj_cls: 0.0003, d0.loss_traj: 3.8568, d1.loss_traj_cls: 0.0003, d1.loss_traj: 3.4337, d2.loss_traj_cls: 0.0003, d2.loss_traj: 3.4272, d3.loss_traj_cls: 0.0003, d3.loss_traj: 3.4263, d4.loss_traj_cls: 0.0003, d4.loss_traj: 3.4587, d5.loss_traj_cls: 0.0003, d5.loss_traj: 3.4557, d6.loss_traj_cls: 0.0003, d6.loss_traj: 3.4513, d7.loss_traj_cls: 0.0003, d7.loss_traj: 3.4406, d0.loss_map_cls_all: 0.4408, d0.loss_map_pts_all: 1.6771, d0.loss_map_dir_all: 0.0115, d0.loss_map_cls: 0.4408, d0.loss_map_pts: 1.6771, d0.loss_map_dir: 0.0115, d1.loss_map_cls: 0.3829, d1.loss_map_pts: 1.4481, d1.loss_map_dir: 0.0113, d2.loss_map_cls: 0.3585, d2.loss_map_pts: 1.3936, d2.loss_map_dir: 0.0114, d3.loss_map_cls: 0.3599, d3.loss_map_pts: 1.3839, d3.loss_map_dir: 0.0116, d4.loss_map_cls: 0.3636, d4.loss_map_pts: 1.3814, d4.loss_map_dir: 0.0116, d5.loss_map_cls: 0.3662, d5.loss_map_pts: 1.3820, d5.loss_map_dir: 0.0118, d6.loss_map_cls: 0.3706, d6.loss_map_pts: 1.3817, d6.loss_map_dir: 0.0117, d7.loss_map_cls: 0.3733, d7.loss_map_pts: 1.3819, d7.loss_map_dir: 0.0117, loss: 102.3730, grad_norm: 6756.5545
2026-05-25 16:37:39,841 - DriveTransformer - INFO - Iter [8450/12870]	lr: 8.140e-06, eta: 1:17:40, time: 1.016, data_time: 0.061, memory: 21575, loss_cls: 0.7472, loss_bbox: 0.7611, loss_traj: 2.8556, loss_traj_cls: 0.0003, loss_map_cls: 0.4160, loss_map_pts: 1.4389, loss_map_dir: 0.0072, d0.loss_plan_l1_fix_time: 3.0443, d0.loss_plan_l1_fix_dist: 0.4871, d1.loss_plan_l1_fix_time: 2.7269, d1.loss_plan_l1_fix_dist: 0.4805, d2.loss_plan_l1_fix_time: 2.6986, d2.loss_plan_l1_fix_dist: 0.4894, d3.loss_plan_l1_fix_time: 2.6955, d3.loss_plan_l1_fix_dist: 0.5037, d4.loss_plan_l1_fix_time: 2.6995, d4.loss_plan_l1_fix_dist: 0.5244, d5.loss_plan_l1_fix_time: 2.7045, d5.loss_plan_l1_fix_dist: 0.5489, d6.loss_plan_l1_fix_time: 2.7101, d6.loss_plan_l1_fix_dist: 0.5745, d7.loss_plan_l1_fix_time: 2.7156, d7.loss_plan_l1_fix_dist: 0.6040, d8.loss_plan_l1_fix_time: 2.7212, d8.loss_plan_l1_fix_dist: 0.6367, d0.loss_cls_all: 0.7512, d0.loss_bbox_all: 0.8719, d0.loss_cls: 0.7512, d0.loss_bbox: 0.8719, d1.loss_cls: 0.7398, d1.loss_bbox: 0.8114, d2.loss_cls: 0.7385, d2.loss_bbox: 0.7866, d3.loss_cls: 0.7376, d3.loss_bbox: 0.7771, d4.loss_cls: 0.7379, d4.loss_bbox: 0.7751, d5.loss_cls: 0.7407, d5.loss_bbox: 0.7652, d6.loss_cls: 0.7419, d6.loss_bbox: 0.7638, d7.loss_cls: 0.7442, d7.loss_bbox: 0.7612, d0.loss_traj_cls: 0.0003, d0.loss_traj: 3.0163, d1.loss_traj_cls: 0.0003, d1.loss_traj: 2.6999, d2.loss_traj_cls: 0.0003, d2.loss_traj: 2.6661, d3.loss_traj_cls: 0.0003, d3.loss_traj: 2.6768, d4.loss_traj_cls: 0.0003, d4.loss_traj: 2.7113, d5.loss_traj_cls: 0.0003, d5.loss_traj: 2.7627, d6.loss_traj_cls: 0.0003, d6.loss_traj: 2.7988, d7.loss_traj_cls: 0.0003, d7.loss_traj: 2.8417, d0.loss_map_cls_all: 0.4281, d0.loss_map_pts_all: 1.6671, d0.loss_map_dir_all: 0.0080, d0.loss_map_cls: 0.4281, d0.loss_map_pts: 1.6671, d0.loss_map_dir: 0.0080, d1.loss_map_cls: 0.3922, d1.loss_map_pts: 1.5312, d1.loss_map_dir: 0.0074, d2.loss_map_cls: 0.4056, d2.loss_map_pts: 1.4578, d2.loss_map_dir: 0.0073, d3.loss_map_cls: 0.3963, d3.loss_map_pts: 1.4515, d3.loss_map_dir: 0.0072, d4.loss_map_cls: 0.4001, d4.loss_map_pts: 1.4478, d4.loss_map_dir: 0.0072, d5.loss_map_cls: 0.4016, d5.loss_map_pts: 1.4466, d5.loss_map_dir: 0.0072, d6.loss_map_cls: 0.4108, d6.loss_map_pts: 1.4388, d6.loss_map_dir: 0.0072, d7.loss_map_cls: 0.4121, d7.loss_map_pts: 1.4402, d7.loss_map_dir: 0.0072, loss: 89.1241, grad_norm: 3008.4813
2026-05-25 16:38:28,823 - DriveTransformer - INFO - Iter [8500/12870]	lr: 7.981e-06, eta: 1:16:46, time: 0.980, data_time: 0.059, memory: 21575, loss_cls: 0.7036, loss_bbox: 0.8055, loss_traj: 1.5530, loss_traj_cls: 0.0003, loss_map_cls: 0.3369, loss_map_pts: 1.0651, loss_map_dir: 0.0018, d0.loss_plan_l1_fix_time: 2.7738, d0.loss_plan_l1_fix_dist: 0.4853, d1.loss_plan_l1_fix_time: 2.6455, d1.loss_plan_l1_fix_dist: 0.4750, d2.loss_plan_l1_fix_time: 2.6502, d2.loss_plan_l1_fix_dist: 0.4809, d3.loss_plan_l1_fix_time: 2.6611, d3.loss_plan_l1_fix_dist: 0.4894, d4.loss_plan_l1_fix_time: 2.6702, d4.loss_plan_l1_fix_dist: 0.5026, d5.loss_plan_l1_fix_time: 2.6794, d5.loss_plan_l1_fix_dist: 0.5183, d6.loss_plan_l1_fix_time: 2.6887, d6.loss_plan_l1_fix_dist: 0.5346, d7.loss_plan_l1_fix_time: 2.6971, d7.loss_plan_l1_fix_dist: 0.5533, d8.loss_plan_l1_fix_time: 2.7059, d8.loss_plan_l1_fix_dist: 0.5745, d0.loss_cls_all: 0.7281, d0.loss_bbox_all: 0.8572, d0.loss_cls: 0.7281, d0.loss_bbox: 0.8572, d1.loss_cls: 0.7143, d1.loss_bbox: 0.8275, d2.loss_cls: 0.7132, d2.loss_bbox: 0.8096, d3.loss_cls: 0.7110, d3.loss_bbox: 0.8001, d4.loss_cls: 0.7108, d4.loss_bbox: 0.7994, d5.loss_cls: 0.7081, d5.loss_bbox: 0.7952, d6.loss_cls: 0.7064, d6.loss_bbox: 0.7963, d7.loss_cls: 0.7040, d7.loss_bbox: 0.7997, d0.loss_traj_cls: 0.0003, d0.loss_traj: 1.5786, d1.loss_traj_cls: 0.0003, d1.loss_traj: 1.4705, d2.loss_traj_cls: 0.0003, d2.loss_traj: 1.4353, d3.loss_traj_cls: 0.0003, d3.loss_traj: 1.4349, d4.loss_traj_cls: 0.0003, d4.loss_traj: 1.4627, d5.loss_traj_cls: 0.0003, d5.loss_traj: 1.4867, d6.loss_traj_cls: 0.0003, d6.loss_traj: 1.5115, d7.loss_traj_cls: 0.0003, d7.loss_traj: 1.5525, d0.loss_map_cls_all: 0.3553, d0.loss_map_pts_all: 1.4253, d0.loss_map_dir_all: 0.0019, d0.loss_map_cls: 0.3553, d0.loss_map_pts: 1.4253, d0.loss_map_dir: 0.0019, d1.loss_map_cls: 0.3175, d1.loss_map_pts: 1.1831, d1.loss_map_dir: 0.0019, d2.loss_map_cls: 0.3199, d2.loss_map_pts: 1.0749, d2.loss_map_dir: 0.0018, d3.loss_map_cls: 0.3176, d3.loss_map_pts: 1.0611, d3.loss_map_dir: 0.0018, d4.loss_map_cls: 0.3217, d4.loss_map_pts: 1.0592, d4.loss_map_dir: 0.0018, d5.loss_map_cls: 0.3283, d5.loss_map_pts: 1.0597, d5.loss_map_dir: 0.0018, d6.loss_map_cls: 0.3331, d6.loss_map_pts: 1.0601, d6.loss_map_dir: 0.0018, d7.loss_map_cls: 0.3343, d7.loss_map_pts: 1.0636, d7.loss_map_dir: 0.0018, loss: 72.3650, grad_norm: 325.4560
2026-05-25 16:39:20,550 - DriveTransformer - INFO - Iter [8550/12870]	lr: 7.823e-06, eta: 1:15:52, time: 1.035, data_time: 0.060, memory: 21575, loss_cls: 0.7059, loss_bbox: 0.6976, loss_traj: 1.3015, loss_traj_cls: 0.0003, loss_map_cls: 0.4537, loss_map_pts: 1.4046, loss_map_dir: 0.0121, d0.loss_plan_l1_fix_time: 2.2717, d0.loss_plan_l1_fix_dist: 0.2223, d1.loss_plan_l1_fix_time: 2.2001, d1.loss_plan_l1_fix_dist: 0.2190, d2.loss_plan_l1_fix_time: 2.1948, d2.loss_plan_l1_fix_dist: 0.2292, d3.loss_plan_l1_fix_time: 2.1993, d3.loss_plan_l1_fix_dist: 0.2430, d4.loss_plan_l1_fix_time: 2.2058, d4.loss_plan_l1_fix_dist: 0.2617, d5.loss_plan_l1_fix_time: 2.2133, d5.loss_plan_l1_fix_dist: 0.2824, d6.loss_plan_l1_fix_time: 2.2207, d6.loss_plan_l1_fix_dist: 0.3043, d7.loss_plan_l1_fix_time: 2.2287, d7.loss_plan_l1_fix_dist: 0.3284, d8.loss_plan_l1_fix_time: 2.2378, d8.loss_plan_l1_fix_dist: 0.3549, d0.loss_cls_all: 0.7136, d0.loss_bbox_all: 0.7995, d0.loss_cls: 0.7136, d0.loss_bbox: 0.7995, d1.loss_cls: 0.6986, d1.loss_bbox: 0.7488, d2.loss_cls: 0.7033, d2.loss_bbox: 0.7232, d3.loss_cls: 0.7069, d3.loss_bbox: 0.7118, d4.loss_cls: 0.7077, d4.loss_bbox: 0.7026, d5.loss_cls: 0.7072, d5.loss_bbox: 0.6977, d6.loss_cls: 0.7065, d6.loss_bbox: 0.6979, d7.loss_cls: 0.7073, d7.loss_bbox: 0.6973, d0.loss_traj_cls: 0.0002, d0.loss_traj: 1.5237, d1.loss_traj_cls: 0.0002, d1.loss_traj: 1.2436, d2.loss_traj_cls: 0.0002, d2.loss_traj: 1.2097, d3.loss_traj_cls: 0.0002, d3.loss_traj: 1.2036, d4.loss_traj_cls: 0.0003, d4.loss_traj: 1.2324, d5.loss_traj_cls: 0.0003, d5.loss_traj: 1.2526, d6.loss_traj_cls: 0.0003, d6.loss_traj: 1.2719, d7.loss_traj_cls: 0.0003, d7.loss_traj: 1.2853, d0.loss_map_cls_all: 0.5444, d0.loss_map_pts_all: 1.6670, d0.loss_map_dir_all: 0.0096, d0.loss_map_cls: 0.5444, d0.loss_map_pts: 1.6670, d0.loss_map_dir: 0.0096, d1.loss_map_cls: 0.4924, d1.loss_map_pts: 1.4773, d1.loss_map_dir: 0.0108, d2.loss_map_cls: 0.4501, d2.loss_map_pts: 1.4087, d2.loss_map_dir: 0.0114, d3.loss_map_cls: 0.4463, d3.loss_map_pts: 1.4048, d3.loss_map_dir: 0.0117, d4.loss_map_cls: 0.4491, d4.loss_map_pts: 1.4000, d4.loss_map_dir: 0.0119, d5.loss_map_cls: 0.4521, d5.loss_map_pts: 1.3981, d5.loss_map_dir: 0.0120, d6.loss_map_cls: 0.4542, d6.loss_map_pts: 1.4002, d6.loss_map_dir: 0.0121, d7.loss_map_cls: 0.4537, d7.loss_map_pts: 1.4023, d7.loss_map_dir: 0.0120, loss: 67.7744, grad_norm: 9223.1094
2026-05-25 16:39:52,532 - DriveTransformer - INFO - Saving checkpoint at 8580 iterations
2026-05-25 16:40:25,432 - DriveTransformer - INFO - Iter [8600/12870]	lr: 7.665e-06, eta: 1:15:06, time: 1.298, data_time: 0.064, memory: 21575, loss_cls: 0.7896, loss_bbox: 0.7709, loss_traj: 1.7468, loss_traj_cls: 0.0004, loss_map_cls: 0.3664, loss_map_pts: 1.6448, loss_map_dir: 0.0239, d0.loss_plan_l1_fix_time: 3.8189, d0.loss_plan_l1_fix_dist: 0.2226, d1.loss_plan_l1_fix_time: 3.6251, d1.loss_plan_l1_fix_dist: 0.2297, d2.loss_plan_l1_fix_time: 3.5761, d2.loss_plan_l1_fix_dist: 0.2442, d3.loss_plan_l1_fix_time: 3.5632, d3.loss_plan_l1_fix_dist: 0.2645, d4.loss_plan_l1_fix_time: 3.5580, d4.loss_plan_l1_fix_dist: 0.2879, d5.loss_plan_l1_fix_time: 3.5560, d5.loss_plan_l1_fix_dist: 0.3126, d6.loss_plan_l1_fix_time: 3.5574, d6.loss_plan_l1_fix_dist: 0.3387, d7.loss_plan_l1_fix_time: 3.5595, d7.loss_plan_l1_fix_dist: 0.3640, d8.loss_plan_l1_fix_time: 3.5622, d8.loss_plan_l1_fix_dist: 0.3903, d0.loss_cls_all: 0.8171, d0.loss_bbox_all: 0.8155, d0.loss_cls: 0.8171, d0.loss_bbox: 0.8155, d1.loss_cls: 0.7828, d1.loss_bbox: 0.7716, d2.loss_cls: 0.7851, d2.loss_bbox: 0.7544, d3.loss_cls: 0.7810, d3.loss_bbox: 0.7571, d4.loss_cls: 0.7829, d4.loss_bbox: 0.7565, d5.loss_cls: 0.7835, d5.loss_bbox: 0.7606, d6.loss_cls: 0.7848, d6.loss_bbox: 0.7671, d7.loss_cls: 0.7874, d7.loss_bbox: 0.7699, d0.loss_traj_cls: 0.0004, d0.loss_traj: 1.9968, d1.loss_traj_cls: 0.0003, d1.loss_traj: 1.6683, d2.loss_traj_cls: 0.0003, d2.loss_traj: 1.6865, d3.loss_traj_cls: 0.0003, d3.loss_traj: 1.7010, d4.loss_traj_cls: 0.0004, d4.loss_traj: 1.7097, d5.loss_traj_cls: 0.0004, d5.loss_traj: 1.7069, d6.loss_traj_cls: 0.0004, d6.loss_traj: 1.7119, d7.loss_traj_cls: 0.0004, d7.loss_traj: 1.7320, d0.loss_map_cls_all: 0.4093, d0.loss_map_pts_all: 2.3091, d0.loss_map_dir_all: 0.0230, d0.loss_map_cls: 0.4093, d0.loss_map_pts: 2.3091, d0.loss_map_dir: 0.0230, d1.loss_map_cls: 0.3685, d1.loss_map_pts: 1.8352, d1.loss_map_dir: 0.0232, d2.loss_map_cls: 0.3460, d2.loss_map_pts: 1.6979, d2.loss_map_dir: 0.0234, d3.loss_map_cls: 0.3424, d3.loss_map_pts: 1.6543, d3.loss_map_dir: 0.0235, d4.loss_map_cls: 0.3489, d4.loss_map_pts: 1.6447, d4.loss_map_dir: 0.0237, d5.loss_map_cls: 0.3554, d5.loss_map_pts: 1.6405, d5.loss_map_dir: 0.0237, d6.loss_map_cls: 0.3615, d6.loss_map_pts: 1.6407, d6.loss_map_dir: 0.0238, d7.loss_map_cls: 0.3659, d7.loss_map_pts: 1.6423, d7.loss_map_dir: 0.0238, loss: 88.2715, grad_norm: 8583.5822
2026-05-25 16:41:19,172 - DriveTransformer - INFO - Iter [8650/12870]	lr: 7.509e-06, eta: 1:14:13, time: 1.075, data_time: 0.064, memory: 21575, loss_cls: 0.7472, loss_bbox: 0.6785, loss_traj: 0.8422, loss_traj_cls: 0.0004, loss_map_cls: 0.3311, loss_map_pts: 1.6525, loss_map_dir: 0.0264, d0.loss_plan_l1_fix_time: 2.4264, d0.loss_plan_l1_fix_dist: 0.2324, d1.loss_plan_l1_fix_time: 2.2397, d1.loss_plan_l1_fix_dist: 0.2390, d2.loss_plan_l1_fix_time: 2.2309, d2.loss_plan_l1_fix_dist: 0.2511, d3.loss_plan_l1_fix_time: 2.2360, d3.loss_plan_l1_fix_dist: 0.2655, d4.loss_plan_l1_fix_time: 2.2436, d4.loss_plan_l1_fix_dist: 0.2828, d5.loss_plan_l1_fix_time: 2.2529, d5.loss_plan_l1_fix_dist: 0.3008, d6.loss_plan_l1_fix_time: 2.2633, d6.loss_plan_l1_fix_dist: 0.3206, d7.loss_plan_l1_fix_time: 2.2752, d7.loss_plan_l1_fix_dist: 0.3416, d8.loss_plan_l1_fix_time: 2.2884, d8.loss_plan_l1_fix_dist: 0.3652, d0.loss_cls_all: 0.7689, d0.loss_bbox_all: 0.7395, d0.loss_cls: 0.7689, d0.loss_bbox: 0.7395, d1.loss_cls: 0.7396, d1.loss_bbox: 0.7073, d2.loss_cls: 0.7399, d2.loss_bbox: 0.6932, d3.loss_cls: 0.7349, d3.loss_bbox: 0.6865, d4.loss_cls: 0.7351, d4.loss_bbox: 0.6800, d5.loss_cls: 0.7388, d5.loss_bbox: 0.6772, d6.loss_cls: 0.7454, d6.loss_bbox: 0.6747, d7.loss_cls: 0.7463, d7.loss_bbox: 0.6774, d0.loss_traj_cls: 0.0004, d0.loss_traj: 0.9396, d1.loss_traj_cls: 0.0004, d1.loss_traj: 0.8437, d2.loss_traj_cls: 0.0004, d2.loss_traj: 0.8447, d3.loss_traj_cls: 0.0004, d3.loss_traj: 0.8455, d4.loss_traj_cls: 0.0004, d4.loss_traj: 0.8376, d5.loss_traj_cls: 0.0004, d5.loss_traj: 0.8297, d6.loss_traj_cls: 0.0004, d6.loss_traj: 0.8386, d7.loss_traj_cls: 0.0004, d7.loss_traj: 0.8351, d0.loss_map_cls_all: 0.3217, d0.loss_map_pts_all: 2.5295, d0.loss_map_dir_all: 0.0258, d0.loss_map_cls: 0.3217, d0.loss_map_pts: 2.5295, d0.loss_map_dir: 0.0258, d1.loss_map_cls: 0.3216, d1.loss_map_pts: 1.7659, d1.loss_map_dir: 0.0256, d2.loss_map_cls: 0.3152, d2.loss_map_pts: 1.6494, d2.loss_map_dir: 0.0260, d3.loss_map_cls: 0.3157, d3.loss_map_pts: 1.6442, d3.loss_map_dir: 0.0261, d4.loss_map_cls: 0.3198, d4.loss_map_pts: 1.6436, d4.loss_map_dir: 0.0262, d5.loss_map_cls: 0.3240, d5.loss_map_pts: 1.6465, d5.loss_map_dir: 0.0263, d6.loss_map_cls: 0.3279, d6.loss_map_pts: 1.6468, d6.loss_map_dir: 0.0263, d7.loss_map_cls: 0.3303, d7.loss_map_pts: 1.6503, d7.loss_map_dir: 0.0263, loss: 66.9820, grad_norm: 3405.4803
2026-05-25 16:42:09,296 - DriveTransformer - INFO - Iter [8700/12870]	lr: 7.355e-06, eta: 1:13:19, time: 1.002, data_time: 0.060, memory: 21575, loss_cls: 0.7752, loss_bbox: 0.7002, loss_traj: 2.3710, loss_traj_cls: 0.0003, loss_map_cls: 0.2529, loss_map_pts: 1.3110, loss_map_dir: 0.0119, d0.loss_plan_l1_fix_time: 1.7860, d0.loss_plan_l1_fix_dist: 0.2216, d1.loss_plan_l1_fix_time: 1.5222, d1.loss_plan_l1_fix_dist: 0.2198, d2.loss_plan_l1_fix_time: 1.4938, d2.loss_plan_l1_fix_dist: 0.2292, d3.loss_plan_l1_fix_time: 1.4939, d3.loss_plan_l1_fix_dist: 0.2432, d4.loss_plan_l1_fix_time: 1.5002, d4.loss_plan_l1_fix_dist: 0.2585, d5.loss_plan_l1_fix_time: 1.5081, d5.loss_plan_l1_fix_dist: 0.2765, d6.loss_plan_l1_fix_time: 1.5154, d6.loss_plan_l1_fix_dist: 0.2957, d7.loss_plan_l1_fix_time: 1.5233, d7.loss_plan_l1_fix_dist: 0.3163, d8.loss_plan_l1_fix_time: 1.5317, d8.loss_plan_l1_fix_dist: 0.3378, d0.loss_cls_all: 0.8187, d0.loss_bbox_all: 0.7626, d0.loss_cls: 0.8187, d0.loss_bbox: 0.7626, d1.loss_cls: 0.7726, d1.loss_bbox: 0.7430, d2.loss_cls: 0.7683, d2.loss_bbox: 0.7110, d3.loss_cls: 0.7679, d3.loss_bbox: 0.7016, d4.loss_cls: 0.7707, d4.loss_bbox: 0.7008, d5.loss_cls: 0.7738, d5.loss_bbox: 0.6979, d6.loss_cls: 0.7728, d6.loss_bbox: 0.7005, d7.loss_cls: 0.7734, d7.loss_bbox: 0.7005, d0.loss_traj_cls: 0.0003, d0.loss_traj: 2.4087, d1.loss_traj_cls: 0.0003, d1.loss_traj: 2.2718, d2.loss_traj_cls: 0.0003, d2.loss_traj: 2.2397, d3.loss_traj_cls: 0.0003, d3.loss_traj: 2.2297, d4.loss_traj_cls: 0.0003, d4.loss_traj: 2.2463, d5.loss_traj_cls: 0.0003, d5.loss_traj: 2.2874, d6.loss_traj_cls: 0.0003, d6.loss_traj: 2.3176, d7.loss_traj_cls: 0.0003, d7.loss_traj: 2.3555, d0.loss_map_cls_all: 0.3075, d0.loss_map_pts_all: 1.7951, d0.loss_map_dir_all: 0.0108, d0.loss_map_cls: 0.3075, d0.loss_map_pts: 1.7951, d0.loss_map_dir: 0.0108, d1.loss_map_cls: 0.2746, d1.loss_map_pts: 1.4983, d1.loss_map_dir: 0.0109, d2.loss_map_cls: 0.2624, d2.loss_map_pts: 1.3268, d2.loss_map_dir: 0.0121, d3.loss_map_cls: 0.2537, d3.loss_map_pts: 1.3068, d3.loss_map_dir: 0.0118, d4.loss_map_cls: 0.2486, d4.loss_map_pts: 1.3072, d4.loss_map_dir: 0.0119, d5.loss_map_cls: 0.2491, d5.loss_map_pts: 1.3080, d5.loss_map_dir: 0.0118, d6.loss_map_cls: 0.2499, d6.loss_map_pts: 1.3083, d6.loss_map_dir: 0.0118, d7.loss_map_cls: 0.2536, d7.loss_map_pts: 1.3072, d7.loss_map_dir: 0.0119, loss: 69.0361, grad_norm: 5758.8109
2026-05-25 16:42:59,906 - DriveTransformer - INFO - Iter [8750/12870]	lr: 7.201e-06, eta: 1:12:26, time: 1.012, data_time: 0.060, memory: 21575, loss_cls: 0.6318, loss_bbox: 0.5773, loss_traj: 1.1062, loss_traj_cls: 0.0002, loss_map_cls: 0.2703, loss_map_pts: 1.3098, loss_map_dir: 0.0144, d0.loss_plan_l1_fix_time: 2.5761, d0.loss_plan_l1_fix_dist: 0.2345, d1.loss_plan_l1_fix_time: 2.2672, d1.loss_plan_l1_fix_dist: 0.2408, d2.loss_plan_l1_fix_time: 2.2443, d2.loss_plan_l1_fix_dist: 0.2517, d3.loss_plan_l1_fix_time: 2.2446, d3.loss_plan_l1_fix_dist: 0.2618, d4.loss_plan_l1_fix_time: 2.2491, d4.loss_plan_l1_fix_dist: 0.2735, d5.loss_plan_l1_fix_time: 2.2557, d5.loss_plan_l1_fix_dist: 0.2882, d6.loss_plan_l1_fix_time: 2.2632, d6.loss_plan_l1_fix_dist: 0.3049, d7.loss_plan_l1_fix_time: 2.2709, d7.loss_plan_l1_fix_dist: 0.3247, d8.loss_plan_l1_fix_time: 2.2798, d8.loss_plan_l1_fix_dist: 0.3473, d0.loss_cls_all: 0.6391, d0.loss_bbox_all: 0.6436, d0.loss_cls: 0.6391, d0.loss_bbox: 0.6436, d1.loss_cls: 0.6243, d1.loss_bbox: 0.6056, d2.loss_cls: 0.6231, d2.loss_bbox: 0.5956, d3.loss_cls: 0.6262, d3.loss_bbox: 0.5850, d4.loss_cls: 0.6277, d4.loss_bbox: 0.5847, d5.loss_cls: 0.6288, d5.loss_bbox: 0.5799, d6.loss_cls: 0.6309, d6.loss_bbox: 0.5775, d7.loss_cls: 0.6310, d7.loss_bbox: 0.5771, d0.loss_traj_cls: 0.0002, d0.loss_traj: 1.3278, d1.loss_traj_cls: 0.0002, d1.loss_traj: 1.1388, d2.loss_traj_cls: 0.0002, d2.loss_traj: 1.1198, d3.loss_traj_cls: 0.0002, d3.loss_traj: 1.1047, d4.loss_traj_cls: 0.0002, d4.loss_traj: 1.1007, d5.loss_traj_cls: 0.0002, d5.loss_traj: 1.1091, d6.loss_traj_cls: 0.0002, d6.loss_traj: 1.1037, d7.loss_traj_cls: 0.0002, d7.loss_traj: 1.0949, d0.loss_map_cls_all: 0.3544, d0.loss_map_pts_all: 1.8014, d0.loss_map_dir_all: 0.0135, d0.loss_map_cls: 0.3544, d0.loss_map_pts: 1.8014, d0.loss_map_dir: 0.0135, d1.loss_map_cls: 0.2798, d1.loss_map_pts: 1.5183, d1.loss_map_dir: 0.0138, d2.loss_map_cls: 0.2507, d2.loss_map_pts: 1.4013, d2.loss_map_dir: 0.0138, d3.loss_map_cls: 0.2534, d3.loss_map_pts: 1.3491, d3.loss_map_dir: 0.0142, d4.loss_map_cls: 0.2602, d4.loss_map_pts: 1.3276, d4.loss_map_dir: 0.0142, d5.loss_map_cls: 0.2664, d5.loss_map_pts: 1.3155, d5.loss_map_dir: 0.0144, d6.loss_map_cls: 0.2701, d6.loss_map_pts: 1.3107, d6.loss_map_dir: 0.0145, d7.loss_map_cls: 0.2704, d7.loss_map_pts: 1.3094, d7.loss_map_dir: 0.0145, loss: 63.0728, grad_norm: 7185.6205
2026-05-25 16:43:49,200 - DriveTransformer - INFO - Iter [8800/12870]	lr: 7.048e-06, eta: 1:11:31, time: 0.986, data_time: 0.061, memory: 21575, loss_cls: 0.5695, loss_bbox: 0.4501, loss_traj: 1.8130, loss_traj_cls: 0.0002, loss_map_cls: 0.0349, loss_map_pts: 0.2577, loss_map_dir: 0.0007, d0.loss_plan_l1_fix_time: 1.1372, d0.loss_plan_l1_fix_dist: 0.1627, d1.loss_plan_l1_fix_time: 0.8885, d1.loss_plan_l1_fix_dist: 0.1644, d2.loss_plan_l1_fix_time: 0.8817, d2.loss_plan_l1_fix_dist: 0.1734, d3.loss_plan_l1_fix_time: 0.8864, d3.loss_plan_l1_fix_dist: 0.1807, d4.loss_plan_l1_fix_time: 0.8943, d4.loss_plan_l1_fix_dist: 0.1897, d5.loss_plan_l1_fix_time: 0.9028, d5.loss_plan_l1_fix_dist: 0.2014, d6.loss_plan_l1_fix_time: 0.9122, d6.loss_plan_l1_fix_dist: 0.2143, d7.loss_plan_l1_fix_time: 0.9220, d7.loss_plan_l1_fix_dist: 0.2289, d8.loss_plan_l1_fix_time: 0.9330, d8.loss_plan_l1_fix_dist: 0.2457, d0.loss_cls_all: 0.5532, d0.loss_bbox_all: 0.5896, d0.loss_cls: 0.5532, d0.loss_bbox: 0.5896, d1.loss_cls: 0.5476, d1.loss_bbox: 0.5001, d2.loss_cls: 0.5538, d2.loss_bbox: 0.4617, d3.loss_cls: 0.5575, d3.loss_bbox: 0.4513, d4.loss_cls: 0.5595, d4.loss_bbox: 0.4494, d5.loss_cls: 0.5629, d5.loss_bbox: 0.4445, d6.loss_cls: 0.5663, d6.loss_bbox: 0.4426, d7.loss_cls: 0.5671, d7.loss_bbox: 0.4464, d0.loss_traj_cls: 0.0002, d0.loss_traj: 1.9893, d1.loss_traj_cls: 0.0002, d1.loss_traj: 1.7906, d2.loss_traj_cls: 0.0002, d2.loss_traj: 1.7644, d3.loss_traj_cls: 0.0002, d3.loss_traj: 1.7549, d4.loss_traj_cls: 0.0002, d4.loss_traj: 1.7655, d5.loss_traj_cls: 0.0002, d5.loss_traj: 1.7719, d6.loss_traj_cls: 0.0002, d6.loss_traj: 1.7785, d7.loss_traj_cls: 0.0002, d7.loss_traj: 1.7906, d0.loss_map_cls_all: 0.1151, d0.loss_map_pts_all: 0.6602, d0.loss_map_dir_all: 0.0008, d0.loss_map_cls: 0.1151, d0.loss_map_pts: 0.6602, d0.loss_map_dir: 0.0008, d1.loss_map_cls: 0.0509, d1.loss_map_pts: 0.3275, d1.loss_map_dir: 0.0008, d2.loss_map_cls: 0.0368, d2.loss_map_pts: 0.2680, d2.loss_map_dir: 0.0007, d3.loss_map_cls: 0.0328, d3.loss_map_pts: 0.2535, d3.loss_map_dir: 0.0007, d4.loss_map_cls: 0.0336, d4.loss_map_pts: 0.2514, d4.loss_map_dir: 0.0007, d5.loss_map_cls: 0.0346, d5.loss_map_pts: 0.2521, d5.loss_map_dir: 0.0007, d6.loss_map_cls: 0.0348, d6.loss_map_pts: 0.2536, d6.loss_map_dir: 0.0007, d7.loss_map_cls: 0.0351, d7.loss_map_pts: 0.2556, d7.loss_map_dir: 0.0007, loss: 40.7260, grad_norm: 1576.4360
2026-05-25 16:44:40,513 - DriveTransformer - INFO - Iter [8850/12870]	lr: 6.897e-06, eta: 1:10:38, time: 1.026, data_time: 0.060, memory: 21575, loss_cls: 0.6143, loss_bbox: 0.6808, loss_traj: 1.3844, loss_traj_cls: 0.0003, loss_map_cls: 0.1179, loss_map_pts: 0.6190, loss_map_dir: 0.0013, d0.loss_plan_l1_fix_time: 2.7316, d0.loss_plan_l1_fix_dist: 0.3709, d1.loss_plan_l1_fix_time: 2.4894, d1.loss_plan_l1_fix_dist: 0.3639, d2.loss_plan_l1_fix_time: 2.4704, d2.loss_plan_l1_fix_dist: 0.3647, d3.loss_plan_l1_fix_time: 2.4665, d3.loss_plan_l1_fix_dist: 0.3703, d4.loss_plan_l1_fix_time: 2.4691, d4.loss_plan_l1_fix_dist: 0.3793, d5.loss_plan_l1_fix_time: 2.4739, d5.loss_plan_l1_fix_dist: 0.3902, d6.loss_plan_l1_fix_time: 2.4803, d6.loss_plan_l1_fix_dist: 0.4032, d7.loss_plan_l1_fix_time: 2.4878, d7.loss_plan_l1_fix_dist: 0.4186, d8.loss_plan_l1_fix_time: 2.4961, d8.loss_plan_l1_fix_dist: 0.4373, d0.loss_cls_all: 0.6558, d0.loss_bbox_all: 0.7980, d0.loss_cls: 0.6558, d0.loss_bbox: 0.7980, d1.loss_cls: 0.6006, d1.loss_bbox: 0.7480, d2.loss_cls: 0.6023, d2.loss_bbox: 0.7094, d3.loss_cls: 0.6049, d3.loss_bbox: 0.6908, d4.loss_cls: 0.6093, d4.loss_bbox: 0.6806, d5.loss_cls: 0.6116, d5.loss_bbox: 0.6707, d6.loss_cls: 0.6145, d6.loss_bbox: 0.6702, d7.loss_cls: 0.6152, d7.loss_bbox: 0.6761, d0.loss_traj_cls: 0.0003, d0.loss_traj: 1.5917, d1.loss_traj_cls: 0.0003, d1.loss_traj: 1.3641, d2.loss_traj_cls: 0.0003, d2.loss_traj: 1.3486, d3.loss_traj_cls: 0.0003, d3.loss_traj: 1.3413, d4.loss_traj_cls: 0.0003, d4.loss_traj: 1.3548, d5.loss_traj_cls: 0.0003, d5.loss_traj: 1.3597, d6.loss_traj_cls: 0.0003, d6.loss_traj: 1.3618, d7.loss_traj_cls: 0.0003, d7.loss_traj: 1.3641, d0.loss_map_cls_all: 0.1618, d0.loss_map_pts_all: 1.0260, d0.loss_map_dir_all: 0.0013, d0.loss_map_cls: 0.1618, d0.loss_map_pts: 1.0260, d0.loss_map_dir: 0.0013, d1.loss_map_cls: 0.1333, d1.loss_map_pts: 0.7199, d1.loss_map_dir: 0.0013, d2.loss_map_cls: 0.1155, d2.loss_map_pts: 0.6381, d2.loss_map_dir: 0.0013, d3.loss_map_cls: 0.1103, d3.loss_map_pts: 0.6207, d3.loss_map_dir: 0.0013, d4.loss_map_cls: 0.1129, d4.loss_map_pts: 0.6163, d4.loss_map_dir: 0.0013, d5.loss_map_cls: 0.1143, d5.loss_map_pts: 0.6162, d5.loss_map_dir: 0.0013, d6.loss_map_cls: 0.1165, d6.loss_map_pts: 0.6165, d6.loss_map_dir: 0.0013, d7.loss_map_cls: 0.1181, d7.loss_map_pts: 0.6177, d7.loss_map_dir: 0.0013, loss: 60.2355, grad_norm: 928.2505
2026-05-25 16:45:34,839 - DriveTransformer - INFO - Iter [8900/12870]	lr: 6.747e-06, eta: 1:09:46, time: 1.087, data_time: 0.069, memory: 21575, loss_cls: 0.6540, loss_bbox: 0.7561, loss_traj: 1.1592, loss_traj_cls: 0.0004, loss_map_cls: 0.2175, loss_map_pts: 1.2461, loss_map_dir: 0.0098, d0.loss_plan_l1_fix_time: 2.6930, d0.loss_plan_l1_fix_dist: 0.3252, d1.loss_plan_l1_fix_time: 2.5347, d1.loss_plan_l1_fix_dist: 0.3127, d2.loss_plan_l1_fix_time: 2.5112, d2.loss_plan_l1_fix_dist: 0.3117, d3.loss_plan_l1_fix_time: 2.5126, d3.loss_plan_l1_fix_dist: 0.3158, d4.loss_plan_l1_fix_time: 2.5184, d4.loss_plan_l1_fix_dist: 0.3254, d5.loss_plan_l1_fix_time: 2.5258, d5.loss_plan_l1_fix_dist: 0.3384, d6.loss_plan_l1_fix_time: 2.5332, d6.loss_plan_l1_fix_dist: 0.3570, d7.loss_plan_l1_fix_time: 2.5410, d7.loss_plan_l1_fix_dist: 0.3799, d8.loss_plan_l1_fix_time: 2.5492, d8.loss_plan_l1_fix_dist: 0.4077, d0.loss_cls_all: 0.7239, d0.loss_bbox_all: 0.8139, d0.loss_cls: 0.7239, d0.loss_bbox: 0.8139, d1.loss_cls: 0.6963, d1.loss_bbox: 0.7911, d2.loss_cls: 0.6753, d2.loss_bbox: 0.7687, d3.loss_cls: 0.6609, d3.loss_bbox: 0.7544, d4.loss_cls: 0.6558, d4.loss_bbox: 0.7484, d5.loss_cls: 0.6525, d5.loss_bbox: 0.7496, d6.loss_cls: 0.6556, d6.loss_bbox: 0.7506, d7.loss_cls: 0.6571, d7.loss_bbox: 0.7515, d0.loss_traj_cls: 0.0004, d0.loss_traj: 1.3012, d1.loss_traj_cls: 0.0004, d1.loss_traj: 1.1658, d2.loss_traj_cls: 0.0004, d2.loss_traj: 1.1510, d3.loss_traj_cls: 0.0004, d3.loss_traj: 1.1421, d4.loss_traj_cls: 0.0004, d4.loss_traj: 1.1440, d5.loss_traj_cls: 0.0004, d5.loss_traj: 1.1482, d6.loss_traj_cls: 0.0004, d6.loss_traj: 1.1487, d7.loss_traj_cls: 0.0004, d7.loss_traj: 1.1582, d0.loss_map_cls_all: 0.2894, d0.loss_map_pts_all: 1.6635, d0.loss_map_dir_all: 0.0090, d0.loss_map_cls: 0.2894, d0.loss_map_pts: 1.6635, d0.loss_map_dir: 0.0090, d1.loss_map_cls: 0.2359, d1.loss_map_pts: 1.4082, d1.loss_map_dir: 0.0091, d2.loss_map_cls: 0.2187, d2.loss_map_pts: 1.2925, d2.loss_map_dir: 0.0094, d3.loss_map_cls: 0.2132, d3.loss_map_pts: 1.2549, d3.loss_map_dir: 0.0096, d4.loss_map_cls: 0.2146, d4.loss_map_pts: 1.2466, d4.loss_map_dir: 0.0097, d5.loss_map_cls: 0.2163, d5.loss_map_pts: 1.2430, d5.loss_map_dir: 0.0097, d6.loss_map_cls: 0.2166, d6.loss_map_pts: 1.2429, d6.loss_map_dir: 0.0097, d7.loss_map_cls: 0.2172, d7.loss_map_pts: 1.2434, d7.loss_map_dir: 0.0098, loss: 66.8964, grad_norm: 4338.8322
2026-05-25 16:46:31,253 - DriveTransformer - INFO - Iter [8950/12870]	lr: 6.598e-06, eta: 1:08:55, time: 1.128, data_time: 0.065, memory: 21575, loss_cls: 0.7675, loss_bbox: 0.7935, loss_traj: 1.8765, loss_traj_cls: 0.0005, loss_map_cls: 0.2603, loss_map_pts: 1.6104, loss_map_dir: 0.0200, d0.loss_plan_l1_fix_time: 2.6562, d0.loss_plan_l1_fix_dist: 0.3540, d1.loss_plan_l1_fix_time: 2.4679, d1.loss_plan_l1_fix_dist: 0.3543, d2.loss_plan_l1_fix_time: 2.4696, d2.loss_plan_l1_fix_dist: 0.3600, d3.loss_plan_l1_fix_time: 2.4694, d3.loss_plan_l1_fix_dist: 0.3689, d4.loss_plan_l1_fix_time: 2.4695, d4.loss_plan_l1_fix_dist: 0.3806, d5.loss_plan_l1_fix_time: 2.4710, d5.loss_plan_l1_fix_dist: 0.3928, d6.loss_plan_l1_fix_time: 2.4728, d6.loss_plan_l1_fix_dist: 0.4070, d7.loss_plan_l1_fix_time: 2.4746, d7.loss_plan_l1_fix_dist: 0.4236, d8.loss_plan_l1_fix_time: 2.4775, d8.loss_plan_l1_fix_dist: 0.4407, d0.loss_cls_all: 0.8072, d0.loss_bbox_all: 0.8139, d0.loss_cls: 0.8072, d0.loss_bbox: 0.8139, d1.loss_cls: 0.7876, d1.loss_bbox: 0.7963, d2.loss_cls: 0.7824, d2.loss_bbox: 0.7941, d3.loss_cls: 0.7761, d3.loss_bbox: 0.7966, d4.loss_cls: 0.7748, d4.loss_bbox: 0.7890, d5.loss_cls: 0.7740, d5.loss_bbox: 0.7880, d6.loss_cls: 0.7713, d6.loss_bbox: 0.7864, d7.loss_cls: 0.7671, d7.loss_bbox: 0.7882, d0.loss_traj_cls: 0.0004, d0.loss_traj: 1.7048, d1.loss_traj_cls: 0.0004, d1.loss_traj: 1.7655, d2.loss_traj_cls: 0.0004, d2.loss_traj: 1.7843, d3.loss_traj_cls: 0.0004, d3.loss_traj: 1.8000, d4.loss_traj_cls: 0.0004, d4.loss_traj: 1.8004, d5.loss_traj_cls: 0.0004, d5.loss_traj: 1.8132, d6.loss_traj_cls: 0.0004, d6.loss_traj: 1.8267, d7.loss_traj_cls: 0.0004, d7.loss_traj: 1.8384, d0.loss_map_cls_all: 0.3247, d0.loss_map_pts_all: 2.3309, d0.loss_map_dir_all: 0.0197, d0.loss_map_cls: 0.3247, d0.loss_map_pts: 2.3309, d0.loss_map_dir: 0.0197, d1.loss_map_cls: 0.2720, d1.loss_map_pts: 1.7734, d1.loss_map_dir: 0.0196, d2.loss_map_cls: 0.2508, d2.loss_map_pts: 1.6575, d2.loss_map_dir: 0.0197, d3.loss_map_cls: 0.2453, d3.loss_map_pts: 1.6229, d3.loss_map_dir: 0.0199, d4.loss_map_cls: 0.2507, d4.loss_map_pts: 1.6123, d4.loss_map_dir: 0.0200, d5.loss_map_cls: 0.2531, d5.loss_map_pts: 1.6100, d5.loss_map_dir: 0.0200, d6.loss_map_cls: 0.2563, d6.loss_map_pts: 1.6088, d6.loss_map_dir: 0.0200, d7.loss_map_cls: 0.2593, d7.loss_map_pts: 1.6082, d7.loss_map_dir: 0.0200, loss: 78.5600, grad_norm: 4594.0762
2026-05-25 16:47:27,974 - DriveTransformer - INFO - Exp name: drivetransformer_large_single_gpu_24g_30epoch.py
2026-05-25 16:47:27,974 - DriveTransformer - INFO - Iter [9000/12870]	lr: 6.451e-06, eta: 1:08:04, time: 1.134, data_time: 0.065, memory: 21575, loss_cls: 0.8500, loss_bbox: 0.7014, loss_traj: 1.4144, loss_traj_cls: 0.0004, loss_map_cls: 0.3390, loss_map_pts: 1.7252, loss_map_dir: 0.0200, d0.loss_plan_l1_fix_time: 1.5587, d0.loss_plan_l1_fix_dist: 0.2051, d1.loss_plan_l1_fix_time: 1.2487, d1.loss_plan_l1_fix_dist: 0.2235, d2.loss_plan_l1_fix_time: 1.2346, d2.loss_plan_l1_fix_dist: 0.2510, d3.loss_plan_l1_fix_time: 1.2368, d3.loss_plan_l1_fix_dist: 0.2789, d4.loss_plan_l1_fix_time: 1.2430, d4.loss_plan_l1_fix_dist: 0.3078, d5.loss_plan_l1_fix_time: 1.2493, d5.loss_plan_l1_fix_dist: 0.3368, d6.loss_plan_l1_fix_time: 1.2552, d6.loss_plan_l1_fix_dist: 0.3651, d7.loss_plan_l1_fix_time: 1.2610, d7.loss_plan_l1_fix_dist: 0.3946, d8.loss_plan_l1_fix_time: 1.2661, d8.loss_plan_l1_fix_dist: 0.4246, d0.loss_cls_all: 0.8829, d0.loss_bbox_all: 0.7505, d0.loss_cls: 0.8829, d0.loss_bbox: 0.7505, d1.loss_cls: 0.8343, d1.loss_bbox: 0.7157, d2.loss_cls: 0.8385, d2.loss_bbox: 0.7070, d3.loss_cls: 0.8437, d3.loss_bbox: 0.7040, d4.loss_cls: 0.8432, d4.loss_bbox: 0.7068, d5.loss_cls: 0.8470, d5.loss_bbox: 0.7030, d6.loss_cls: 0.8487, d6.loss_bbox: 0.6998, d7.loss_cls: 0.8516, d7.loss_bbox: 0.6990, d0.loss_traj_cls: 0.0004, d0.loss_traj: 1.5193, d1.loss_traj_cls: 0.0004, d1.loss_traj: 1.4370, d2.loss_traj_cls: 0.0004, d2.loss_traj: 1.3819, d3.loss_traj_cls: 0.0004, d3.loss_traj: 1.3760, d4.loss_traj_cls: 0.0004, d4.loss_traj: 1.3723, d5.loss_traj_cls: 0.0004, d5.loss_traj: 1.4071, d6.loss_traj_cls: 0.0004, d6.loss_traj: 1.4254, d7.loss_traj_cls: 0.0004, d7.loss_traj: 1.4164, d0.loss_map_cls_all: 0.3462, d0.loss_map_pts_all: 2.3290, d0.loss_map_dir_all: 0.0187, d0.loss_map_cls: 0.3462, d0.loss_map_pts: 2.3290, d0.loss_map_dir: 0.0187, d1.loss_map_cls: 0.3499, d1.loss_map_pts: 1.8353, d1.loss_map_dir: 0.0188, d2.loss_map_cls: 0.3471, d2.loss_map_pts: 1.7196, d2.loss_map_dir: 0.0192, d3.loss_map_cls: 0.3472, d3.loss_map_pts: 1.7142, d3.loss_map_dir: 0.0196, d4.loss_map_cls: 0.3463, d4.loss_map_pts: 1.7118, d4.loss_map_dir: 0.0197, d5.loss_map_cls: 0.3446, d5.loss_map_pts: 1.7151, d5.loss_map_dir: 0.0199, d6.loss_map_cls: 0.3427, d6.loss_map_pts: 1.7171, d6.loss_map_dir: 0.0199, d7.loss_map_cls: 0.3415, d7.loss_map_pts: 1.7227, d7.loss_map_dir: 0.0199, loss: 64.9186, grad_norm: 6804.7484
2026-05-25 16:47:37,843 - DriveTransformer - INFO - Saving checkpoint at 9009 iterations
2026-05-25 16:48:29,158 - DriveTransformer - INFO - Iter [9050/12870]	lr: 6.305e-06, eta: 1:07:15, time: 1.224, data_time: 0.062, memory: 21575, loss_cls: 0.6895, loss_bbox: 0.6673, loss_traj: 3.5462, loss_traj_cls: 0.0003, loss_map_cls: 0.3290, loss_map_pts: 1.1726, loss_map_dir: 0.0113, d0.loss_plan_l1_fix_time: 3.8140, d0.loss_plan_l1_fix_dist: 0.3756, d1.loss_plan_l1_fix_time: 3.6153, d1.loss_plan_l1_fix_dist: 0.3609, d2.loss_plan_l1_fix_time: 3.5990, d2.loss_plan_l1_fix_dist: 0.3579, d3.loss_plan_l1_fix_time: 3.6021, d3.loss_plan_l1_fix_dist: 0.3612, d4.loss_plan_l1_fix_time: 3.6093, d4.loss_plan_l1_fix_dist: 0.3683, d5.loss_plan_l1_fix_time: 3.6150, d5.loss_plan_l1_fix_dist: 0.3782, d6.loss_plan_l1_fix_time: 3.6207, d6.loss_plan_l1_fix_dist: 0.3898, d7.loss_plan_l1_fix_time: 3.6259, d7.loss_plan_l1_fix_dist: 0.4035, d8.loss_plan_l1_fix_time: 3.6313, d8.loss_plan_l1_fix_dist: 0.4181, d0.loss_cls_all: 0.6791, d0.loss_bbox_all: 0.7749, d0.loss_cls: 0.6791, d0.loss_bbox: 0.7749, d1.loss_cls: 0.6783, d1.loss_bbox: 0.6826, d2.loss_cls: 0.6777, d2.loss_bbox: 0.6676, d3.loss_cls: 0.6781, d3.loss_bbox: 0.6604, d4.loss_cls: 0.6792, d4.loss_bbox: 0.6631, d5.loss_cls: 0.6783, d5.loss_bbox: 0.6591, d6.loss_cls: 0.6819, d6.loss_bbox: 0.6593, d7.loss_cls: 0.6851, d7.loss_bbox: 0.6641, d0.loss_traj_cls: 0.0003, d0.loss_traj: 4.6095, d1.loss_traj_cls: 0.0003, d1.loss_traj: 3.6387, d2.loss_traj_cls: 0.0003, d2.loss_traj: 3.5816, d3.loss_traj_cls: 0.0003, d3.loss_traj: 3.5397, d4.loss_traj_cls: 0.0003, d4.loss_traj: 3.5366, d5.loss_traj_cls: 0.0003, d5.loss_traj: 3.5402, d6.loss_traj_cls: 0.0003, d6.loss_traj: 3.5509, d7.loss_traj_cls: 0.0003, d7.loss_traj: 3.5552, d0.loss_map_cls_all: 0.3397, d0.loss_map_pts_all: 1.6298, d0.loss_map_dir_all: 0.0120, d0.loss_map_cls: 0.3397, d0.loss_map_pts: 1.6298, d0.loss_map_dir: 0.0120, d1.loss_map_cls: 0.3014, d1.loss_map_pts: 1.3152, d1.loss_map_dir: 0.0115, d2.loss_map_cls: 0.3080, d2.loss_map_pts: 1.2209, d2.loss_map_dir: 0.0114, d3.loss_map_cls: 0.3155, d3.loss_map_pts: 1.1912, d3.loss_map_dir: 0.0114, d4.loss_map_cls: 0.3188, d4.loss_map_pts: 1.1837, d4.loss_map_dir: 0.0115, d5.loss_map_cls: 0.3226, d5.loss_map_pts: 1.1804, d5.loss_map_dir: 0.0115, d6.loss_map_cls: 0.3241, d6.loss_map_pts: 1.1772, d6.loss_map_dir: 0.0114, d7.loss_map_cls: 0.3271, d7.loss_map_pts: 1.1750, d7.loss_map_dir: 0.0114, loss: 99.1440, grad_norm: 5378.9019
2026-05-25 16:49:20,846 - DriveTransformer - INFO - Iter [9100/12870]	lr: 6.160e-06, eta: 1:06:21, time: 1.034, data_time: 0.063, memory: 21575, loss_cls: 0.6514, loss_bbox: 0.7463, loss_traj: 1.7556, loss_traj_cls: 0.0003, loss_map_cls: 0.2389, loss_map_pts: 0.8460, loss_map_dir: 0.0017, d0.loss_plan_l1_fix_time: 3.7582, d0.loss_plan_l1_fix_dist: 0.6006, d1.loss_plan_l1_fix_time: 3.5457, d1.loss_plan_l1_fix_dist: 0.5942, d2.loss_plan_l1_fix_time: 3.5535, d2.loss_plan_l1_fix_dist: 0.6003, d3.loss_plan_l1_fix_time: 3.5639, d3.loss_plan_l1_fix_dist: 0.6097, d4.loss_plan_l1_fix_time: 3.5734, d4.loss_plan_l1_fix_dist: 0.6211, d5.loss_plan_l1_fix_time: 3.5825, d5.loss_plan_l1_fix_dist: 0.6368, d6.loss_plan_l1_fix_time: 3.5907, d6.loss_plan_l1_fix_dist: 0.6543, d7.loss_plan_l1_fix_time: 3.5983, d7.loss_plan_l1_fix_dist: 0.6753, d8.loss_plan_l1_fix_time: 3.6065, d8.loss_plan_l1_fix_dist: 0.6992, d0.loss_cls_all: 0.6681, d0.loss_bbox_all: 0.7713, d0.loss_cls: 0.6681, d0.loss_bbox: 0.7713, d1.loss_cls: 0.6547, d1.loss_bbox: 0.7594, d2.loss_cls: 0.6529, d2.loss_bbox: 0.7508, d3.loss_cls: 0.6505, d3.loss_bbox: 0.7526, d4.loss_cls: 0.6519, d4.loss_bbox: 0.7503, d5.loss_cls: 0.6501, d5.loss_bbox: 0.7461, d6.loss_cls: 0.6499, d6.loss_bbox: 0.7459, d7.loss_cls: 0.6520, d7.loss_bbox: 0.7434, d0.loss_traj_cls: 0.0003, d0.loss_traj: 1.6086, d1.loss_traj_cls: 0.0003, d1.loss_traj: 1.6037, d2.loss_traj_cls: 0.0003, d2.loss_traj: 1.6193, d3.loss_traj_cls: 0.0003, d3.loss_traj: 1.6175, d4.loss_traj_cls: 0.0003, d4.loss_traj: 1.6534, d5.loss_traj_cls: 0.0003, d5.loss_traj: 1.6767, d6.loss_traj_cls: 0.0003, d6.loss_traj: 1.7151, d7.loss_traj_cls: 0.0003, d7.loss_traj: 1.7348, d0.loss_map_cls_all: 0.2507, d0.loss_map_pts_all: 1.2575, d0.loss_map_dir_all: 0.0018, d0.loss_map_cls: 0.2507, d0.loss_map_pts: 1.2575, d0.loss_map_dir: 0.0018, d1.loss_map_cls: 0.2244, d1.loss_map_pts: 0.9820, d1.loss_map_dir: 0.0018, d2.loss_map_cls: 0.2368, d2.loss_map_pts: 0.8731, d2.loss_map_dir: 0.0017, d3.loss_map_cls: 0.2350, d3.loss_map_pts: 0.8484, d3.loss_map_dir: 0.0018, d4.loss_map_cls: 0.2301, d4.loss_map_pts: 0.8476, d4.loss_map_dir: 0.0017, d5.loss_map_cls: 0.2340, d5.loss_map_pts: 0.8456, d5.loss_map_dir: 0.0017, d6.loss_map_cls: 0.2348, d6.loss_map_pts: 0.8457, d6.loss_map_dir: 0.0017, d7.loss_map_cls: 0.2365, d7.loss_map_pts: 0.8460, d7.loss_map_dir: 0.0017, loss: 78.9773, grad_norm: 316.9122
2026-05-25 16:50:12,379 - DriveTransformer - INFO - Iter [9150/12870]	lr: 6.016e-06, eta: 1:05:28, time: 1.031, data_time: 0.062, memory: 21575, loss_cls: 0.6406, loss_bbox: 0.7162, loss_traj: 1.4854, loss_traj_cls: 0.0003, loss_map_cls: 0.2974, loss_map_pts: 1.1725, loss_map_dir: 0.0050, d0.loss_plan_l1_fix_time: 2.4745, d0.loss_plan_l1_fix_dist: 0.3545, d1.loss_plan_l1_fix_time: 1.8836, d1.loss_plan_l1_fix_dist: 0.3614, d2.loss_plan_l1_fix_time: 1.8312, d2.loss_plan_l1_fix_dist: 0.3740, d3.loss_plan_l1_fix_time: 1.8231, d3.loss_plan_l1_fix_dist: 0.3905, d4.loss_plan_l1_fix_time: 1.8233, d4.loss_plan_l1_fix_dist: 0.4114, d5.loss_plan_l1_fix_time: 1.8258, d5.loss_plan_l1_fix_dist: 0.4347, d6.loss_plan_l1_fix_time: 1.8314, d6.loss_plan_l1_fix_dist: 0.4598, d7.loss_plan_l1_fix_time: 1.8377, d7.loss_plan_l1_fix_dist: 0.4879, d8.loss_plan_l1_fix_time: 1.8446, d8.loss_plan_l1_fix_dist: 0.5188, d0.loss_cls_all: 0.6695, d0.loss_bbox_all: 0.7382, d0.loss_cls: 0.6695, d0.loss_bbox: 0.7382, d1.loss_cls: 0.6481, d1.loss_bbox: 0.7226, d2.loss_cls: 0.6439, d2.loss_bbox: 0.7130, d3.loss_cls: 0.6430, d3.loss_bbox: 0.7085, d4.loss_cls: 0.6432, d4.loss_bbox: 0.7083, d5.loss_cls: 0.6416, d5.loss_bbox: 0.7059, d6.loss_cls: 0.6415, d6.loss_bbox: 0.7067, d7.loss_cls: 0.6414, d7.loss_bbox: 0.7123, d0.loss_traj_cls: 0.0003, d0.loss_traj: 1.7455, d1.loss_traj_cls: 0.0003, d1.loss_traj: 1.4483, d2.loss_traj_cls: 0.0003, d2.loss_traj: 1.3847, d3.loss_traj_cls: 0.0003, d3.loss_traj: 1.4118, d4.loss_traj_cls: 0.0003, d4.loss_traj: 1.4367, d5.loss_traj_cls: 0.0003, d5.loss_traj: 1.4623, d6.loss_traj_cls: 0.0003, d6.loss_traj: 1.4715, d7.loss_traj_cls: 0.0003, d7.loss_traj: 1.4616, d0.loss_map_cls_all: 0.3526, d0.loss_map_pts_all: 1.3903, d0.loss_map_dir_all: 0.0039, d0.loss_map_cls: 0.3526, d0.loss_map_pts: 1.3903, d0.loss_map_dir: 0.0039, d1.loss_map_cls: 0.3153, d1.loss_map_pts: 1.2045, d1.loss_map_dir: 0.0043, d2.loss_map_cls: 0.2952, d2.loss_map_pts: 1.1573, d2.loss_map_dir: 0.0046, d3.loss_map_cls: 0.2931, d3.loss_map_pts: 1.1584, d3.loss_map_dir: 0.0048, d4.loss_map_cls: 0.2943, d4.loss_map_pts: 1.1600, d4.loss_map_dir: 0.0048, d5.loss_map_cls: 0.2960, d5.loss_map_pts: 1.1628, d5.loss_map_dir: 0.0049, d6.loss_map_cls: 0.2975, d6.loss_map_pts: 1.1647, d6.loss_map_dir: 0.0049, d7.loss_map_cls: 0.2977, d7.loss_map_pts: 1.1682, d7.loss_map_dir: 0.0050, loss: 63.1979, grad_norm: 6373.1257
2026-05-25 16:51:04,769 - DriveTransformer - INFO - Iter [9200/12870]	lr: 5.874e-06, eta: 1:04:35, time: 1.048, data_time: 0.061, memory: 21575, loss_cls: 0.6378, loss_bbox: 0.5756, loss_traj: 1.7639, loss_traj_cls: 0.0003, loss_map_cls: 0.2153, loss_map_pts: 1.0069, loss_map_dir: 0.0071, d0.loss_plan_l1_fix_time: 3.3193, d0.loss_plan_l1_fix_dist: 0.1726, d1.loss_plan_l1_fix_time: 3.3552, d1.loss_plan_l1_fix_dist: 0.1682, d2.loss_plan_l1_fix_time: 3.3733, d2.loss_plan_l1_fix_dist: 0.1782, d3.loss_plan_l1_fix_time: 3.3877, d3.loss_plan_l1_fix_dist: 0.1878, d4.loss_plan_l1_fix_time: 3.3977, d4.loss_plan_l1_fix_dist: 0.1989, d5.loss_plan_l1_fix_time: 3.4059, d5.loss_plan_l1_fix_dist: 0.2083, d6.loss_plan_l1_fix_time: 3.4135, d6.loss_plan_l1_fix_dist: 0.2188, d7.loss_plan_l1_fix_time: 3.4208, d7.loss_plan_l1_fix_dist: 0.2304, d8.loss_plan_l1_fix_time: 3.4284, d8.loss_plan_l1_fix_dist: 0.2439, d0.loss_cls_all: 0.6791, d0.loss_bbox_all: 0.6768, d0.loss_cls: 0.6791, d0.loss_bbox: 0.6768, d1.loss_cls: 0.6323, d1.loss_bbox: 0.5971, d2.loss_cls: 0.6276, d2.loss_bbox: 0.5828, d3.loss_cls: 0.6282, d3.loss_bbox: 0.5681, d4.loss_cls: 0.6303, d4.loss_bbox: 0.5678, d5.loss_cls: 0.6328, d5.loss_bbox: 0.5637, d6.loss_cls: 0.6371, d6.loss_bbox: 0.5651, d7.loss_cls: 0.6404, d7.loss_bbox: 0.5670, d0.loss_traj_cls: 0.0003, d0.loss_traj: 2.4246, d1.loss_traj_cls: 0.0003, d1.loss_traj: 1.7533, d2.loss_traj_cls: 0.0003, d2.loss_traj: 1.7348, d3.loss_traj_cls: 0.0003, d3.loss_traj: 1.7252, d4.loss_traj_cls: 0.0003, d4.loss_traj: 1.7302, d5.loss_traj_cls: 0.0003, d5.loss_traj: 1.7434, d6.loss_traj_cls: 0.0003, d6.loss_traj: 1.7498, d7.loss_traj_cls: 0.0003, d7.loss_traj: 1.7506, d0.loss_map_cls_all: 0.3249, d0.loss_map_pts_all: 1.3907, d0.loss_map_dir_all: 0.0054, d0.loss_map_cls: 0.3249, d0.loss_map_pts: 1.3907, d0.loss_map_dir: 0.0054, d1.loss_map_cls: 0.2479, d1.loss_map_pts: 1.1097, d1.loss_map_dir: 0.0064, d2.loss_map_cls: 0.2140, d2.loss_map_pts: 1.0372, d2.loss_map_dir: 0.0067, d3.loss_map_cls: 0.2136, d3.loss_map_pts: 1.0173, d3.loss_map_dir: 0.0068, d4.loss_map_cls: 0.2146, d4.loss_map_pts: 1.0095, d4.loss_map_dir: 0.0069, d5.loss_map_cls: 0.2159, d5.loss_map_pts: 1.0081, d5.loss_map_dir: 0.0070, d6.loss_map_cls: 0.2165, d6.loss_map_pts: 1.0067, d6.loss_map_dir: 0.0070, d7.loss_map_cls: 0.2168, d7.loss_map_pts: 1.0064, d7.loss_map_dir: 0.0070, loss: 74.5060, grad_norm: 4320.0056
2026-05-25 16:51:54,992 - DriveTransformer - INFO - Iter [9250/12870]	lr: 5.733e-06, eta: 1:03:41, time: 1.004, data_time: 0.061, memory: 21575, loss_cls: 0.6265, loss_bbox: 0.6448, loss_traj: 1.5592, loss_traj_cls: 0.0003, loss_map_cls: 0.0227, loss_map_pts: 0.7272, loss_map_dir: 0.0008, d0.loss_plan_l1_fix_time: 2.4689, d0.loss_plan_l1_fix_dist: 0.3967, d1.loss_plan_l1_fix_time: 2.3154, d1.loss_plan_l1_fix_dist: 0.3936, d2.loss_plan_l1_fix_time: 2.3014, d2.loss_plan_l1_fix_dist: 0.3954, d3.loss_plan_l1_fix_time: 2.3020, d3.loss_plan_l1_fix_dist: 0.4017, d4.loss_plan_l1_fix_time: 2.3045, d4.loss_plan_l1_fix_dist: 0.4113, d5.loss_plan_l1_fix_time: 2.3092, d5.loss_plan_l1_fix_dist: 0.4237, d6.loss_plan_l1_fix_time: 2.3147, d6.loss_plan_l1_fix_dist: 0.4377, d7.loss_plan_l1_fix_time: 2.3209, d7.loss_plan_l1_fix_dist: 0.4541, d8.loss_plan_l1_fix_time: 2.3279, d8.loss_plan_l1_fix_dist: 0.4737, d0.loss_cls_all: 0.6352, d0.loss_bbox_all: 0.6989, d0.loss_cls: 0.6352, d0.loss_bbox: 0.6989, d1.loss_cls: 0.6213, d1.loss_bbox: 0.6737, d2.loss_cls: 0.6224, d2.loss_bbox: 0.6614, d3.loss_cls: 0.6259, d3.loss_bbox: 0.6494, d4.loss_cls: 0.6287, d4.loss_bbox: 0.6453, d5.loss_cls: 0.6287, d5.loss_bbox: 0.6431, d6.loss_cls: 0.6285, d6.loss_bbox: 0.6417, d7.loss_cls: 0.6281, d7.loss_bbox: 0.6420, d0.loss_traj_cls: 0.0002, d0.loss_traj: 1.5848, d1.loss_traj_cls: 0.0002, d1.loss_traj: 1.5559, d2.loss_traj_cls: 0.0002, d2.loss_traj: 1.5325, d3.loss_traj_cls: 0.0002, d3.loss_traj: 1.5219, d4.loss_traj_cls: 0.0002, d4.loss_traj: 1.5328, d5.loss_traj_cls: 0.0002, d5.loss_traj: 1.5280, d6.loss_traj_cls: 0.0002, d6.loss_traj: 1.5390, d7.loss_traj_cls: 0.0002, d7.loss_traj: 1.5464, d0.loss_map_cls_all: 0.0866, d0.loss_map_pts_all: 1.1310, d0.loss_map_dir_all: 0.0010, d0.loss_map_cls: 0.0866, d0.loss_map_pts: 1.1310, d0.loss_map_dir: 0.0010, d1.loss_map_cls: 0.0367, d1.loss_map_pts: 0.8551, d1.loss_map_dir: 0.0009, d2.loss_map_cls: 0.0251, d2.loss_map_pts: 0.7684, d2.loss_map_dir: 0.0009, d3.loss_map_cls: 0.0235, d3.loss_map_pts: 0.7396, d3.loss_map_dir: 0.0009, d4.loss_map_cls: 0.0227, d4.loss_map_pts: 0.7295, d4.loss_map_dir: 0.0008, d5.loss_map_cls: 0.0228, d5.loss_map_pts: 0.7248, d5.loss_map_dir: 0.0008, d6.loss_map_cls: 0.0225, d6.loss_map_pts: 0.7240, d6.loss_map_dir: 0.0008, d7.loss_map_cls: 0.0226, d7.loss_map_pts: 0.7251, d7.loss_map_dir: 0.0008, loss: 60.1717, grad_norm: 276.2700
2026-05-25 16:52:45,242 - DriveTransformer - INFO - Iter [9300/12870]	lr: 5.594e-06, eta: 1:02:47, time: 1.005, data_time: 0.061, memory: 21575, loss_cls: 0.6422, loss_bbox: 0.5614, loss_traj: 1.7176, loss_traj_cls: 0.0002, loss_map_cls: 0.0614, loss_map_pts: 0.5458, loss_map_dir: 0.0008, d0.loss_plan_l1_fix_time: 1.9387, d0.loss_plan_l1_fix_dist: 0.2328, d1.loss_plan_l1_fix_time: 1.6652, d1.loss_plan_l1_fix_dist: 0.2274, d2.loss_plan_l1_fix_time: 1.6601, d2.loss_plan_l1_fix_dist: 0.2349, d3.loss_plan_l1_fix_time: 1.6681, d3.loss_plan_l1_fix_dist: 0.2432, d4.loss_plan_l1_fix_time: 1.6732, d4.loss_plan_l1_fix_dist: 0.2508, d5.loss_plan_l1_fix_time: 1.6779, d5.loss_plan_l1_fix_dist: 0.2621, d6.loss_plan_l1_fix_time: 1.6826, d6.loss_plan_l1_fix_dist: 0.2753, d7.loss_plan_l1_fix_time: 1.6883, d7.loss_plan_l1_fix_dist: 0.2907, d8.loss_plan_l1_fix_time: 1.6950, d8.loss_plan_l1_fix_dist: 0.3075, d0.loss_cls_all: 0.6499, d0.loss_bbox_all: 0.6243, d0.loss_cls: 0.6499, d0.loss_bbox: 0.6243, d1.loss_cls: 0.6402, d1.loss_bbox: 0.5907, d2.loss_cls: 0.6360, d2.loss_bbox: 0.5789, d3.loss_cls: 0.6418, d3.loss_bbox: 0.5635, d4.loss_cls: 0.6420, d4.loss_bbox: 0.5631, d5.loss_cls: 0.6414, d5.loss_bbox: 0.5608, d6.loss_cls: 0.6401, d6.loss_bbox: 0.5579, d7.loss_cls: 0.6424, d7.loss_bbox: 0.5585, d0.loss_traj_cls: 0.0002, d0.loss_traj: 1.9796, d1.loss_traj_cls: 0.0002, d1.loss_traj: 1.6325, d2.loss_traj_cls: 0.0002, d2.loss_traj: 1.6055, d3.loss_traj_cls: 0.0002, d3.loss_traj: 1.6204, d4.loss_traj_cls: 0.0002, d4.loss_traj: 1.6503, d5.loss_traj_cls: 0.0002, d5.loss_traj: 1.6817, d6.loss_traj_cls: 0.0002, d6.loss_traj: 1.6870, d7.loss_traj_cls: 0.0002, d7.loss_traj: 1.6940, d0.loss_map_cls_all: 0.1039, d0.loss_map_pts_all: 0.8710, d0.loss_map_dir_all: 0.0010, d0.loss_map_cls: 0.1039, d0.loss_map_pts: 0.8710, d0.loss_map_dir: 0.0010, d1.loss_map_cls: 0.0779, d1.loss_map_pts: 0.6045, d1.loss_map_dir: 0.0009, d2.loss_map_cls: 0.0648, d2.loss_map_pts: 0.5581, d2.loss_map_dir: 0.0008, d3.loss_map_cls: 0.0553, d3.loss_map_pts: 0.5557, d3.loss_map_dir: 0.0008, d4.loss_map_cls: 0.0558, d4.loss_map_pts: 0.5504, d4.loss_map_dir: 0.0008, d5.loss_map_cls: 0.0550, d5.loss_map_pts: 0.5499, d5.loss_map_dir: 0.0008, d6.loss_map_cls: 0.0568, d6.loss_map_pts: 0.5477, d6.loss_map_dir: 0.0008, d7.loss_map_cls: 0.0588, d7.loss_map_pts: 0.5465, d7.loss_map_dir: 0.0008, loss: 52.0567, grad_norm: 3435.4581
2026-05-25 16:53:35,107 - DriveTransformer - INFO - Iter [9350/12870]	lr: 5.455e-06, eta: 1:01:54, time: 0.997, data_time: 0.061, memory: 21575, loss_cls: 0.6316, loss_bbox: 0.4822, loss_traj: 0.8827, loss_traj_cls: 0.0003, loss_map_cls: 0.0672, loss_map_pts: 0.4260, loss_map_dir: 0.0025, d0.loss_plan_l1_fix_time: 1.3796, d0.loss_plan_l1_fix_dist: 0.1911, d1.loss_plan_l1_fix_time: 1.0623, d1.loss_plan_l1_fix_dist: 0.1847, d2.loss_plan_l1_fix_time: 1.0141, d2.loss_plan_l1_fix_dist: 0.1894, d3.loss_plan_l1_fix_time: 1.0094, d3.loss_plan_l1_fix_dist: 0.1975, d4.loss_plan_l1_fix_time: 1.0131, d4.loss_plan_l1_fix_dist: 0.2072, d5.loss_plan_l1_fix_time: 1.0195, d5.loss_plan_l1_fix_dist: 0.2174, d6.loss_plan_l1_fix_time: 1.0279, d6.loss_plan_l1_fix_dist: 0.2295, d7.loss_plan_l1_fix_time: 1.0378, d7.loss_plan_l1_fix_dist: 0.2424, d8.loss_plan_l1_fix_time: 1.0487, d8.loss_plan_l1_fix_dist: 0.2580, d0.loss_cls_all: 0.6596, d0.loss_bbox_all: 0.5797, d0.loss_cls: 0.6596, d0.loss_bbox: 0.5797, d1.loss_cls: 0.6210, d1.loss_bbox: 0.5212, d2.loss_cls: 0.6172, d2.loss_bbox: 0.4945, d3.loss_cls: 0.6180, d3.loss_bbox: 0.4791, d4.loss_cls: 0.6212, d4.loss_bbox: 0.4781, d5.loss_cls: 0.6222, d5.loss_bbox: 0.4792, d6.loss_cls: 0.6273, d6.loss_bbox: 0.4777, d7.loss_cls: 0.6304, d7.loss_bbox: 0.4807, d0.loss_traj_cls: 0.0002, d0.loss_traj: 1.0153, d1.loss_traj_cls: 0.0002, d1.loss_traj: 0.8322, d2.loss_traj_cls: 0.0002, d2.loss_traj: 0.8288, d3.loss_traj_cls: 0.0002, d3.loss_traj: 0.8367, d4.loss_traj_cls: 0.0002, d4.loss_traj: 0.8457, d5.loss_traj_cls: 0.0002, d5.loss_traj: 0.8602, d6.loss_traj_cls: 0.0002, d6.loss_traj: 0.8717, d7.loss_traj_cls: 0.0003, d7.loss_traj: 0.8758, d0.loss_map_cls_all: 0.1346, d0.loss_map_pts_all: 0.7196, d0.loss_map_dir_all: 0.0023, d0.loss_map_cls: 0.1346, d0.loss_map_pts: 0.7196, d0.loss_map_dir: 0.0023, d1.loss_map_cls: 0.0870, d1.loss_map_pts: 0.4931, d1.loss_map_dir: 0.0024, d2.loss_map_cls: 0.0679, d2.loss_map_pts: 0.4256, d2.loss_map_dir: 0.0023, d3.loss_map_cls: 0.0631, d3.loss_map_pts: 0.4133, d3.loss_map_dir: 0.0024, d4.loss_map_cls: 0.0635, d4.loss_map_pts: 0.4134, d4.loss_map_dir: 0.0024, d5.loss_map_cls: 0.0654, d5.loss_map_pts: 0.4154, d5.loss_map_dir: 0.0024, d6.loss_map_cls: 0.0662, d6.loss_map_pts: 0.4182, d6.loss_map_dir: 0.0024, d7.loss_map_cls: 0.0671, d7.loss_map_pts: 0.4219, d7.loss_map_dir: 0.0025, loss: 36.4475, grad_norm: 3148.7921
2026-05-25 16:54:25,260 - DriveTransformer - INFO - Iter [9400/12870]	lr: 5.319e-06, eta: 1:01:00, time: 1.003, data_time: 0.063, memory: 21575, loss_cls: 0.6033, loss_bbox: 0.6803, loss_traj: 1.1998, loss_traj_cls: 0.0003, loss_map_cls: 0.0773, loss_map_pts: 0.4692, loss_map_dir: 0.0017, d0.loss_plan_l1_fix_time: 3.5057, d0.loss_plan_l1_fix_dist: 0.2618, d1.loss_plan_l1_fix_time: 3.2751, d1.loss_plan_l1_fix_dist: 0.2557, d2.loss_plan_l1_fix_time: 3.2435, d2.loss_plan_l1_fix_dist: 0.2560, d3.loss_plan_l1_fix_time: 3.2371, d3.loss_plan_l1_fix_dist: 0.2621, d4.loss_plan_l1_fix_time: 3.2374, d4.loss_plan_l1_fix_dist: 0.2709, d5.loss_plan_l1_fix_time: 3.2399, d5.loss_plan_l1_fix_dist: 0.2819, d6.loss_plan_l1_fix_time: 3.2434, d6.loss_plan_l1_fix_dist: 0.2944, d7.loss_plan_l1_fix_time: 3.2479, d7.loss_plan_l1_fix_dist: 0.3079, d8.loss_plan_l1_fix_time: 3.2532, d8.loss_plan_l1_fix_dist: 0.3233, d0.loss_cls_all: 0.7009, d0.loss_bbox_all: 0.7845, d0.loss_cls: 0.7009, d0.loss_bbox: 0.7845, d1.loss_cls: 0.6370, d1.loss_bbox: 0.7501, d2.loss_cls: 0.6210, d2.loss_bbox: 0.7087, d3.loss_cls: 0.6089, d3.loss_bbox: 0.6924, d4.loss_cls: 0.6030, d4.loss_bbox: 0.6843, d5.loss_cls: 0.5979, d5.loss_bbox: 0.6838, d6.loss_cls: 0.5981, d6.loss_bbox: 0.6810, d7.loss_cls: 0.6001, d7.loss_bbox: 0.6824, d0.loss_traj_cls: 0.0003, d0.loss_traj: 1.4629, d1.loss_traj_cls: 0.0003, d1.loss_traj: 1.2239, d2.loss_traj_cls: 0.0003, d2.loss_traj: 1.2182, d3.loss_traj_cls: 0.0003, d3.loss_traj: 1.2050, d4.loss_traj_cls: 0.0003, d4.loss_traj: 1.2022, d5.loss_traj_cls: 0.0003, d5.loss_traj: 1.1838, d6.loss_traj_cls: 0.0003, d6.loss_traj: 1.1842, d7.loss_traj_cls: 0.0003, d7.loss_traj: 1.2058, d0.loss_map_cls_all: 0.1130, d0.loss_map_pts_all: 0.8247, d0.loss_map_dir_all: 0.0016, d0.loss_map_cls: 0.1130, d0.loss_map_pts: 0.8247, d0.loss_map_dir: 0.0016, d1.loss_map_cls: 0.0841, d1.loss_map_pts: 0.5588, d1.loss_map_dir: 0.0016, d2.loss_map_cls: 0.0759, d2.loss_map_pts: 0.4782, d2.loss_map_dir: 0.0016, d3.loss_map_cls: 0.0739, d3.loss_map_pts: 0.4632, d3.loss_map_dir: 0.0016, d4.loss_map_cls: 0.0748, d4.loss_map_pts: 0.4615, d4.loss_map_dir: 0.0016, d5.loss_map_cls: 0.0758, d5.loss_map_pts: 0.4629, d5.loss_map_dir: 0.0017, d6.loss_map_cls: 0.0771, d6.loss_map_pts: 0.4645, d6.loss_map_dir: 0.0016, d7.loss_map_cls: 0.0779, d7.loss_map_pts: 0.4668, d7.loss_map_dir: 0.0017, loss: 62.8223, grad_norm: 2442.4681
2026-05-25 16:55:02,510 - DriveTransformer - INFO - Saving checkpoint at 9438 iterations
2026-05-25 16:55:25,741 - DriveTransformer - INFO - Iter [9450/12870]	lr: 5.184e-06, eta: 1:00:10, time: 1.210, data_time: 0.063, memory: 21575, loss_cls: 0.6402, loss_bbox: 0.7011, loss_traj: 1.7573, loss_traj_cls: 0.0003, loss_map_cls: 0.1411, loss_map_pts: 1.1171, loss_map_dir: 0.0021, d0.loss_plan_l1_fix_time: 1.8073, d0.loss_plan_l1_fix_dist: 0.2910, d1.loss_plan_l1_fix_time: 1.6322, d1.loss_plan_l1_fix_dist: 0.2887, d2.loss_plan_l1_fix_time: 1.6203, d2.loss_plan_l1_fix_dist: 0.2938, d3.loss_plan_l1_fix_time: 1.6219, d3.loss_plan_l1_fix_dist: 0.3006, d4.loss_plan_l1_fix_time: 1.6253, d4.loss_plan_l1_fix_dist: 0.3093, d5.loss_plan_l1_fix_time: 1.6292, d5.loss_plan_l1_fix_dist: 0.3187, d6.loss_plan_l1_fix_time: 1.6335, d6.loss_plan_l1_fix_dist: 0.3291, d7.loss_plan_l1_fix_time: 1.6383, d7.loss_plan_l1_fix_dist: 0.3401, d8.loss_plan_l1_fix_time: 1.6434, d8.loss_plan_l1_fix_dist: 0.3521, d0.loss_cls_all: 0.7073, d0.loss_bbox_all: 0.7763, d0.loss_cls: 0.7073, d0.loss_bbox: 0.7763, d1.loss_cls: 0.6564, d1.loss_bbox: 0.7546, d2.loss_cls: 0.6417, d2.loss_bbox: 0.7396, d3.loss_cls: 0.6352, d3.loss_bbox: 0.7297, d4.loss_cls: 0.6349, d4.loss_bbox: 0.7165, d5.loss_cls: 0.6305, d5.loss_bbox: 0.7123, d6.loss_cls: 0.6308, d6.loss_bbox: 0.7085, d7.loss_cls: 0.6349, d7.loss_bbox: 0.7000, d0.loss_traj_cls: 0.0003, d0.loss_traj: 1.8366, d1.loss_traj_cls: 0.0003, d1.loss_traj: 1.7622, d2.loss_traj_cls: 0.0003, d2.loss_traj: 1.7367, d3.loss_traj_cls: 0.0003, d3.loss_traj: 1.7099, d4.loss_traj_cls: 0.0003, d4.loss_traj: 1.6937, d5.loss_traj_cls: 0.0003, d5.loss_traj: 1.7135, d6.loss_traj_cls: 0.0003, d6.loss_traj: 1.7169, d7.loss_traj_cls: 0.0003, d7.loss_traj: 1.7308, d0.loss_map_cls_all: 0.2009, d0.loss_map_pts_all: 1.6013, d0.loss_map_dir_all: 0.0019, d0.loss_map_cls: 0.2009, d0.loss_map_pts: 1.6013, d0.loss_map_dir: 0.0019, d1.loss_map_cls: 0.1467, d1.loss_map_pts: 1.2568, d1.loss_map_dir: 0.0020, d2.loss_map_cls: 0.1385, d2.loss_map_pts: 1.1431, d2.loss_map_dir: 0.0021, d3.loss_map_cls: 0.1363, d3.loss_map_pts: 1.1197, d3.loss_map_dir: 0.0021, d4.loss_map_cls: 0.1361, d4.loss_map_pts: 1.1146, d4.loss_map_dir: 0.0021, d5.loss_map_cls: 0.1370, d5.loss_map_pts: 1.1121, d5.loss_map_dir: 0.0021, d6.loss_map_cls: 0.1385, d6.loss_map_pts: 1.1129, d6.loss_map_dir: 0.0021, d7.loss_map_cls: 0.1403, d7.loss_map_pts: 1.1143, d7.loss_map_dir: 0.0021, loss: 60.9990, grad_norm: 3018.8291
2026-05-25 16:56:18,007 - DriveTransformer - INFO - Iter [9500/12870]	lr: 5.050e-06, eta: 0:59:17, time: 1.045, data_time: 0.061, memory: 21575, loss_cls: 0.8402, loss_bbox: 0.7905, loss_traj: 1.6849, loss_traj_cls: 0.0004, loss_map_cls: 0.2396, loss_map_pts: 1.5381, loss_map_dir: 0.0142, d0.loss_plan_l1_fix_time: 2.5307, d0.loss_plan_l1_fix_dist: 0.2275, d1.loss_plan_l1_fix_time: 2.3251, d1.loss_plan_l1_fix_dist: 0.2369, d2.loss_plan_l1_fix_time: 2.3238, d2.loss_plan_l1_fix_dist: 0.2561, d3.loss_plan_l1_fix_time: 2.3279, d3.loss_plan_l1_fix_dist: 0.2769, d4.loss_plan_l1_fix_time: 2.3340, d4.loss_plan_l1_fix_dist: 0.2988, d5.loss_plan_l1_fix_time: 2.3392, d5.loss_plan_l1_fix_dist: 0.3204, d6.loss_plan_l1_fix_time: 2.3439, d6.loss_plan_l1_fix_dist: 0.3438, d7.loss_plan_l1_fix_time: 2.3489, d7.loss_plan_l1_fix_dist: 0.3687, d8.loss_plan_l1_fix_time: 2.3544, d8.loss_plan_l1_fix_dist: 0.3947, d0.loss_cls_all: 0.8452, d0.loss_bbox_all: 0.8424, d0.loss_cls: 0.8452, d0.loss_bbox: 0.8424, d1.loss_cls: 0.8285, d1.loss_bbox: 0.8125, d2.loss_cls: 0.8287, d2.loss_bbox: 0.7967, d3.loss_cls: 0.8353, d3.loss_bbox: 0.7857, d4.loss_cls: 0.8347, d4.loss_bbox: 0.7831, d5.loss_cls: 0.8386, d5.loss_bbox: 0.7865, d6.loss_cls: 0.8439, d6.loss_bbox: 0.7871, d7.loss_cls: 0.8406, d7.loss_bbox: 0.7934, d0.loss_traj_cls: 0.0003, d0.loss_traj: 1.8025, d1.loss_traj_cls: 0.0003, d1.loss_traj: 1.5750, d2.loss_traj_cls: 0.0003, d2.loss_traj: 1.5443, d3.loss_traj_cls: 0.0003, d3.loss_traj: 1.5535, d4.loss_traj_cls: 0.0003, d4.loss_traj: 1.5664, d5.loss_traj_cls: 0.0003, d5.loss_traj: 1.5916, d6.loss_traj_cls: 0.0003, d6.loss_traj: 1.6081, d7.loss_traj_cls: 0.0003, d7.loss_traj: 1.6440, d0.loss_map_cls_all: 0.3131, d0.loss_map_pts_all: 1.9269, d0.loss_map_dir_all: 0.0134, d0.loss_map_cls: 0.3131, d0.loss_map_pts: 1.9269, d0.loss_map_dir: 0.0134, d1.loss_map_cls: 0.2436, d1.loss_map_pts: 1.6635, d1.loss_map_dir: 0.0134, d2.loss_map_cls: 0.2260, d2.loss_map_pts: 1.5708, d2.loss_map_dir: 0.0136, d3.loss_map_cls: 0.2292, d3.loss_map_pts: 1.5334, d3.loss_map_dir: 0.0139, d4.loss_map_cls: 0.2349, d4.loss_map_pts: 1.5253, d4.loss_map_dir: 0.0140, d5.loss_map_cls: 0.2367, d5.loss_map_pts: 1.5250, d5.loss_map_dir: 0.0140, d6.loss_map_cls: 0.2378, d6.loss_map_pts: 1.5256, d6.loss_map_dir: 0.0141, d7.loss_map_cls: 0.2381, d7.loss_map_pts: 1.5303, d7.loss_map_dir: 0.0142, loss: 73.8430, grad_norm: 7794.5290
2026-05-25 16:57:13,516 - DriveTransformer - INFO - Iter [9550/12870]	lr: 4.918e-06, eta: 0:58:25, time: 1.110, data_time: 0.062, memory: 21575, loss_cls: 0.7807, loss_bbox: 0.6265, loss_traj: 1.8636, loss_traj_cls: 0.0004, loss_map_cls: 0.3756, loss_map_pts: 2.0305, loss_map_dir: 0.0238, d0.loss_plan_l1_fix_time: 2.6171, d0.loss_plan_l1_fix_dist: 0.1760, d1.loss_plan_l1_fix_time: 2.5462, d1.loss_plan_l1_fix_dist: 0.1854, d2.loss_plan_l1_fix_time: 2.5665, d2.loss_plan_l1_fix_dist: 0.2031, d3.loss_plan_l1_fix_time: 2.5847, d3.loss_plan_l1_fix_dist: 0.2206, d4.loss_plan_l1_fix_time: 2.5979, d4.loss_plan_l1_fix_dist: 0.2366, d5.loss_plan_l1_fix_time: 2.6079, d5.loss_plan_l1_fix_dist: 0.2529, d6.loss_plan_l1_fix_time: 2.6169, d6.loss_plan_l1_fix_dist: 0.2700, d7.loss_plan_l1_fix_time: 2.6246, d7.loss_plan_l1_fix_dist: 0.2902, d8.loss_plan_l1_fix_time: 2.6324, d8.loss_plan_l1_fix_dist: 0.3112, d0.loss_cls_all: 0.8448, d0.loss_bbox_all: 0.6945, d0.loss_cls: 0.8448, d0.loss_bbox: 0.6945, d1.loss_cls: 0.7821, d1.loss_bbox: 0.6391, d2.loss_cls: 0.7749, d2.loss_bbox: 0.6336, d3.loss_cls: 0.7740, d3.loss_bbox: 0.6323, d4.loss_cls: 0.7758, d4.loss_bbox: 0.6260, d5.loss_cls: 0.7733, d5.loss_bbox: 0.6300, d6.loss_cls: 0.7763, d6.loss_bbox: 0.6252, d7.loss_cls: 0.7803, d7.loss_bbox: 0.6267, d0.loss_traj_cls: 0.0004, d0.loss_traj: 2.0841, d1.loss_traj_cls: 0.0004, d1.loss_traj: 1.8245, d2.loss_traj_cls: 0.0004, d2.loss_traj: 1.8413, d3.loss_traj_cls: 0.0004, d3.loss_traj: 1.8462, d4.loss_traj_cls: 0.0004, d4.loss_traj: 1.8552, d5.loss_traj_cls: 0.0004, d5.loss_traj: 1.8533, d6.loss_traj_cls: 0.0004, d6.loss_traj: 1.8611, d7.loss_traj_cls: 0.0004, d7.loss_traj: 1.8703, d0.loss_map_cls_all: 0.4110, d0.loss_map_pts_all: 2.4668, d0.loss_map_dir_all: 0.0228, d0.loss_map_cls: 0.4110, d0.loss_map_pts: 2.4668, d0.loss_map_dir: 0.0228, d1.loss_map_cls: 0.3670, d1.loss_map_pts: 1.9895, d1.loss_map_dir: 0.0229, d2.loss_map_cls: 0.3508, d2.loss_map_pts: 1.9537, d2.loss_map_dir: 0.0232, d3.loss_map_cls: 0.3535, d3.loss_map_pts: 1.9848, d3.loss_map_dir: 0.0234, d4.loss_map_cls: 0.3601, d4.loss_map_pts: 1.9921, d4.loss_map_dir: 0.0236, d5.loss_map_cls: 0.3666, d5.loss_map_pts: 2.0074, d5.loss_map_dir: 0.0237, d6.loss_map_cls: 0.3713, d6.loss_map_pts: 2.0159, d6.loss_map_dir: 0.0237, d7.loss_map_cls: 0.3751, d7.loss_map_pts: 2.0263, d7.loss_map_dir: 0.0238, loss: 81.6876, grad_norm: 7006.0692
2026-05-25 16:58:05,557 - DriveTransformer - INFO - Iter [9600/12870]	lr: 4.787e-06, eta: 0:57:32, time: 1.041, data_time: 0.060, memory: 21575, loss_cls: 0.7502, loss_bbox: 0.6620, loss_traj: 2.0913, loss_traj_cls: 0.0004, loss_map_cls: 0.2376, loss_map_pts: 1.3588, loss_map_dir: 0.0149, d0.loss_plan_l1_fix_time: 2.6925, d0.loss_plan_l1_fix_dist: 0.3620, d1.loss_plan_l1_fix_time: 2.3885, d1.loss_plan_l1_fix_dist: 0.3481, d2.loss_plan_l1_fix_time: 2.3752, d2.loss_plan_l1_fix_dist: 0.3479, d3.loss_plan_l1_fix_time: 2.3821, d3.loss_plan_l1_fix_dist: 0.3527, d4.loss_plan_l1_fix_time: 2.3878, d4.loss_plan_l1_fix_dist: 0.3603, d5.loss_plan_l1_fix_time: 2.3929, d5.loss_plan_l1_fix_dist: 0.3712, d6.loss_plan_l1_fix_time: 2.3967, d6.loss_plan_l1_fix_dist: 0.3836, d7.loss_plan_l1_fix_time: 2.4008, d7.loss_plan_l1_fix_dist: 0.3972, d8.loss_plan_l1_fix_time: 2.4050, d8.loss_plan_l1_fix_dist: 0.4128, d0.loss_cls_all: 0.7648, d0.loss_bbox_all: 0.6880, d0.loss_cls: 0.7648, d0.loss_bbox: 0.6880, d1.loss_cls: 0.7383, d1.loss_bbox: 0.6717, d2.loss_cls: 0.7403, d2.loss_bbox: 0.6659, d3.loss_cls: 0.7413, d3.loss_bbox: 0.6623, d4.loss_cls: 0.7444, d4.loss_bbox: 0.6635, d5.loss_cls: 0.7465, d5.loss_bbox: 0.6610, d6.loss_cls: 0.7469, d6.loss_bbox: 0.6597, d7.loss_cls: 0.7493, d7.loss_bbox: 0.6613, d0.loss_traj_cls: 0.0003, d0.loss_traj: 2.2381, d1.loss_traj_cls: 0.0003, d1.loss_traj: 2.0261, d2.loss_traj_cls: 0.0003, d2.loss_traj: 2.0514, d3.loss_traj_cls: 0.0003, d3.loss_traj: 2.0832, d4.loss_traj_cls: 0.0003, d4.loss_traj: 2.1156, d5.loss_traj_cls: 0.0003, d5.loss_traj: 2.1156, d6.loss_traj_cls: 0.0003, d6.loss_traj: 2.1099, d7.loss_traj_cls: 0.0003, d7.loss_traj: 2.0844, d0.loss_map_cls_all: 0.2589, d0.loss_map_pts_all: 2.0383, d0.loss_map_dir_all: 0.0143, d0.loss_map_cls: 0.2589, d0.loss_map_pts: 2.0383, d0.loss_map_dir: 0.0143, d1.loss_map_cls: 0.2468, d1.loss_map_pts: 1.5508, d1.loss_map_dir: 0.0141, d2.loss_map_cls: 0.2381, d2.loss_map_pts: 1.3979, d2.loss_map_dir: 0.0144, d3.loss_map_cls: 0.2379, d3.loss_map_pts: 1.3643, d3.loss_map_dir: 0.0146, d4.loss_map_cls: 0.2357, d4.loss_map_pts: 1.3581, d4.loss_map_dir: 0.0146, d5.loss_map_cls: 0.2376, d5.loss_map_pts: 1.3567, d5.loss_map_dir: 0.0147, d6.loss_map_cls: 0.2383, d6.loss_map_pts: 1.3571, d6.loss_map_dir: 0.0148, d7.loss_map_cls: 0.2372, d7.loss_map_pts: 1.3579, d7.loss_map_dir: 0.0149, loss: 75.9966, grad_norm: 4489.5145
2026-05-25 16:58:56,654 - DriveTransformer - INFO - Iter [9650/12870]	lr: 4.658e-06, eta: 0:56:39, time: 1.022, data_time: 0.066, memory: 21575, loss_cls: 0.6858, loss_bbox: 0.5661, loss_traj: 1.7945, loss_traj_cls: 0.0003, loss_map_cls: 0.0541, loss_map_pts: 0.4965, loss_map_dir: 0.0015, d0.loss_plan_l1_fix_time: 3.3373, d0.loss_plan_l1_fix_dist: 0.2853, d1.loss_plan_l1_fix_time: 2.6951, d1.loss_plan_l1_fix_dist: 0.2698, d2.loss_plan_l1_fix_time: 2.6139, d2.loss_plan_l1_fix_dist: 0.2716, d3.loss_plan_l1_fix_time: 2.6040, d3.loss_plan_l1_fix_dist: 0.2783, d4.loss_plan_l1_fix_time: 2.6038, d4.loss_plan_l1_fix_dist: 0.2860, d5.loss_plan_l1_fix_time: 2.6073, d5.loss_plan_l1_fix_dist: 0.2965, d6.loss_plan_l1_fix_time: 2.6123, d6.loss_plan_l1_fix_dist: 0.3104, d7.loss_plan_l1_fix_time: 2.6185, d7.loss_plan_l1_fix_dist: 0.3255, d8.loss_plan_l1_fix_time: 2.6255, d8.loss_plan_l1_fix_dist: 0.3416, d0.loss_cls_all: 0.7012, d0.loss_bbox_all: 0.6304, d0.loss_cls: 0.7012, d0.loss_bbox: 0.6304, d1.loss_cls: 0.6776, d1.loss_bbox: 0.5987, d2.loss_cls: 0.6787, d2.loss_bbox: 0.5789, d3.loss_cls: 0.6756, d3.loss_bbox: 0.5709, d4.loss_cls: 0.6780, d4.loss_bbox: 0.5689, d5.loss_cls: 0.6807, d5.loss_bbox: 0.5657, d6.loss_cls: 0.6811, d6.loss_bbox: 0.5633, d7.loss_cls: 0.6840, d7.loss_bbox: 0.5633, d0.loss_traj_cls: 0.0003, d0.loss_traj: 2.0223, d1.loss_traj_cls: 0.0003, d1.loss_traj: 1.6787, d2.loss_traj_cls: 0.0003, d2.loss_traj: 1.6192, d3.loss_traj_cls: 0.0003, d3.loss_traj: 1.6473, d4.loss_traj_cls: 0.0003, d4.loss_traj: 1.6522, d5.loss_traj_cls: 0.0003, d5.loss_traj: 1.6805, d6.loss_traj_cls: 0.0003, d6.loss_traj: 1.7292, d7.loss_traj_cls: 0.0003, d7.loss_traj: 1.7719, d0.loss_map_cls_all: 0.1013, d0.loss_map_pts_all: 0.8191, d0.loss_map_dir_all: 0.0016, d0.loss_map_cls: 0.1013, d0.loss_map_pts: 0.8191, d0.loss_map_dir: 0.0016, d1.loss_map_cls: 0.0670, d1.loss_map_pts: 0.5575, d1.loss_map_dir: 0.0015, d2.loss_map_cls: 0.0544, d2.loss_map_pts: 0.5081, d2.loss_map_dir: 0.0015, d3.loss_map_cls: 0.0516, d3.loss_map_pts: 0.4936, d3.loss_map_dir: 0.0015, d4.loss_map_cls: 0.0514, d4.loss_map_pts: 0.4905, d4.loss_map_dir: 0.0015, d5.loss_map_cls: 0.0521, d5.loss_map_pts: 0.4900, d5.loss_map_dir: 0.0015, d6.loss_map_cls: 0.0531, d6.loss_map_pts: 0.4913, d6.loss_map_dir: 0.0015, d7.loss_map_cls: 0.0537, d7.loss_map_pts: 0.4942, d7.loss_map_dir: 0.0015, loss: 61.5768, grad_norm: 607.8255
2026-05-25 16:59:47,614 - DriveTransformer - INFO - Iter [9700/12870]	lr: 4.531e-06, eta: 0:55:45, time: 1.019, data_time: 0.066, memory: 21575, loss_cls: 0.5400, loss_bbox: 0.4489, loss_traj: 0.6595, loss_traj_cls: 0.0002, loss_map_cls: 0.0221, loss_map_pts: 0.2769, loss_map_dir: 0.0016, d0.loss_plan_l1_fix_time: 1.5687, d0.loss_plan_l1_fix_dist: 0.2871, d1.loss_plan_l1_fix_time: 1.3351, d1.loss_plan_l1_fix_dist: 0.2767, d2.loss_plan_l1_fix_time: 1.3226, d2.loss_plan_l1_fix_dist: 0.2802, d3.loss_plan_l1_fix_time: 1.3272, d3.loss_plan_l1_fix_dist: 0.2857, d4.loss_plan_l1_fix_time: 1.3357, d4.loss_plan_l1_fix_dist: 0.2931, d5.loss_plan_l1_fix_time: 1.3445, d5.loss_plan_l1_fix_dist: 0.3012, d6.loss_plan_l1_fix_time: 1.3537, d6.loss_plan_l1_fix_dist: 0.3104, d7.loss_plan_l1_fix_time: 1.3631, d7.loss_plan_l1_fix_dist: 0.3214, d8.loss_plan_l1_fix_time: 1.3727, d8.loss_plan_l1_fix_dist: 0.3339, d0.loss_cls_all: 0.5746, d0.loss_bbox_all: 0.4925, d0.loss_cls: 0.5746, d0.loss_bbox: 0.4925, d1.loss_cls: 0.5422, d1.loss_bbox: 0.4577, d2.loss_cls: 0.5391, d2.loss_bbox: 0.4478, d3.loss_cls: 0.5384, d3.loss_bbox: 0.4418, d4.loss_cls: 0.5391, d4.loss_bbox: 0.4418, d5.loss_cls: 0.5376, d5.loss_bbox: 0.4398, d6.loss_cls: 0.5399, d6.loss_bbox: 0.4414, d7.loss_cls: 0.5402, d7.loss_bbox: 0.4458, d0.loss_traj_cls: 0.0002, d0.loss_traj: 0.6919, d1.loss_traj_cls: 0.0002, d1.loss_traj: 0.6090, d2.loss_traj_cls: 0.0002, d2.loss_traj: 0.5992, d3.loss_traj_cls: 0.0002, d3.loss_traj: 0.6210, d4.loss_traj_cls: 0.0002, d4.loss_traj: 0.6179, d5.loss_traj_cls: 0.0002, d5.loss_traj: 0.6344, d6.loss_traj_cls: 0.0002, d6.loss_traj: 0.6489, d7.loss_traj_cls: 0.0002, d7.loss_traj: 0.6477, d0.loss_map_cls_all: 0.0669, d0.loss_map_pts_all: 0.6319, d0.loss_map_dir_all: 0.0015, d0.loss_map_cls: 0.0669, d0.loss_map_pts: 0.6319, d0.loss_map_dir: 0.0015, d1.loss_map_cls: 0.0299, d1.loss_map_pts: 0.3467, d1.loss_map_dir: 0.0015, d2.loss_map_cls: 0.0219, d2.loss_map_pts: 0.2877, d2.loss_map_dir: 0.0015, d3.loss_map_cls: 0.0211, d3.loss_map_pts: 0.2764, d3.loss_map_dir: 0.0015, d4.loss_map_cls: 0.0216, d4.loss_map_pts: 0.2743, d4.loss_map_dir: 0.0015, d5.loss_map_cls: 0.0217, d5.loss_map_pts: 0.2743, d5.loss_map_dir: 0.0015, d6.loss_map_cls: 0.0219, d6.loss_map_pts: 0.2746, d6.loss_map_dir: 0.0015, d7.loss_map_cls: 0.0221, d7.loss_map_pts: 0.2756, d7.loss_map_dir: 0.0015, loss: 34.6422, grad_norm: 847.4665
2026-05-25 17:00:38,091 - DriveTransformer - INFO - Iter [9750/12870]	lr: 4.405e-06, eta: 0:54:52, time: 1.009, data_time: 0.065, memory: 21575, loss_cls: 0.5118, loss_bbox: 0.4240, loss_traj: 0.5598, loss_traj_cls: 0.0002, loss_map_cls: 0.0154, loss_map_pts: 0.2577, loss_map_dir: 0.0007, d0.loss_plan_l1_fix_time: 1.9058, d0.loss_plan_l1_fix_dist: 0.1708, d1.loss_plan_l1_fix_time: 1.7684, d1.loss_plan_l1_fix_dist: 0.1721, d2.loss_plan_l1_fix_time: 1.7685, d2.loss_plan_l1_fix_dist: 0.1747, d3.loss_plan_l1_fix_time: 1.7733, d3.loss_plan_l1_fix_dist: 0.1784, d4.loss_plan_l1_fix_time: 1.7791, d4.loss_plan_l1_fix_dist: 0.1843, d5.loss_plan_l1_fix_time: 1.7845, d5.loss_plan_l1_fix_dist: 0.1923, d6.loss_plan_l1_fix_time: 1.7903, d6.loss_plan_l1_fix_dist: 0.2012, d7.loss_plan_l1_fix_time: 1.7964, d7.loss_plan_l1_fix_dist: 0.2116, d8.loss_plan_l1_fix_time: 1.8034, d8.loss_plan_l1_fix_dist: 0.2241, d0.loss_cls_all: 0.5329, d0.loss_bbox_all: 0.4748, d0.loss_cls: 0.5329, d0.loss_bbox: 0.4748, d1.loss_cls: 0.5193, d1.loss_bbox: 0.4376, d2.loss_cls: 0.5133, d2.loss_bbox: 0.4215, d3.loss_cls: 0.5093, d3.loss_bbox: 0.4139, d4.loss_cls: 0.5108, d4.loss_bbox: 0.4144, d5.loss_cls: 0.5113, d5.loss_bbox: 0.4133, d6.loss_cls: 0.5148, d6.loss_bbox: 0.4135, d7.loss_cls: 0.5121, d7.loss_bbox: 0.4197, d0.loss_traj_cls: 0.0002, d0.loss_traj: 0.6602, d1.loss_traj_cls: 0.0002, d1.loss_traj: 0.5846, d2.loss_traj_cls: 0.0002, d2.loss_traj: 0.5484, d3.loss_traj_cls: 0.0002, d3.loss_traj: 0.5429, d4.loss_traj_cls: 0.0002, d4.loss_traj: 0.5336, d5.loss_traj_cls: 0.0002, d5.loss_traj: 0.5240, d6.loss_traj_cls: 0.0002, d6.loss_traj: 0.5391, d7.loss_traj_cls: 0.0002, d7.loss_traj: 0.5449, d0.loss_map_cls_all: 0.0355, d0.loss_map_pts_all: 0.6035, d0.loss_map_dir_all: 0.0006, d0.loss_map_cls: 0.0355, d0.loss_map_pts: 0.6035, d0.loss_map_dir: 0.0006, d1.loss_map_cls: 0.0189, d1.loss_map_pts: 0.3111, d1.loss_map_dir: 0.0007, d2.loss_map_cls: 0.0155, d2.loss_map_pts: 0.2650, d2.loss_map_dir: 0.0006, d3.loss_map_cls: 0.0146, d3.loss_map_pts: 0.2558, d3.loss_map_dir: 0.0006, d4.loss_map_cls: 0.0149, d4.loss_map_pts: 0.2547, d4.loss_map_dir: 0.0006, d5.loss_map_cls: 0.0149, d5.loss_map_pts: 0.2550, d5.loss_map_dir: 0.0007, d6.loss_map_cls: 0.0151, d6.loss_map_pts: 0.2556, d6.loss_map_dir: 0.0007, d7.loss_map_cls: 0.0151, d7.loss_map_pts: 0.2568, d7.loss_map_dir: 0.0007, loss: 35.9153, grad_norm: 1468.4314
2026-05-25 17:01:28,272 - DriveTransformer - INFO - Iter [9800/12870]	lr: 4.281e-06, eta: 0:53:58, time: 1.004, data_time: 0.062, memory: 21575, loss_cls: 0.5306, loss_bbox: 0.5683, loss_traj: 1.6452, loss_traj_cls: 0.0003, loss_map_cls: 0.0076, loss_map_pts: 0.7579, loss_map_dir: 0.0008, d0.loss_plan_l1_fix_time: 2.9254, d0.loss_plan_l1_fix_dist: 0.2570, d1.loss_plan_l1_fix_time: 2.9238, d1.loss_plan_l1_fix_dist: 0.2406, d2.loss_plan_l1_fix_time: 2.9430, d2.loss_plan_l1_fix_dist: 0.2378, d3.loss_plan_l1_fix_time: 2.9541, d3.loss_plan_l1_fix_dist: 0.2398, d4.loss_plan_l1_fix_time: 2.9633, d4.loss_plan_l1_fix_dist: 0.2458, d5.loss_plan_l1_fix_time: 2.9714, d5.loss_plan_l1_fix_dist: 0.2533, d6.loss_plan_l1_fix_time: 2.9795, d6.loss_plan_l1_fix_dist: 0.2627, d7.loss_plan_l1_fix_time: 2.9871, d7.loss_plan_l1_fix_dist: 0.2730, d8.loss_plan_l1_fix_time: 2.9958, d8.loss_plan_l1_fix_dist: 0.2868, d0.loss_cls_all: 0.5581, d0.loss_bbox_all: 0.6441, d0.loss_cls: 0.5581, d0.loss_bbox: 0.6441, d1.loss_cls: 0.5399, d1.loss_bbox: 0.6019, d2.loss_cls: 0.5348, d2.loss_bbox: 0.5918, d3.loss_cls: 0.5297, d3.loss_bbox: 0.5856, d4.loss_cls: 0.5326, d4.loss_bbox: 0.5744, d5.loss_cls: 0.5327, d5.loss_bbox: 0.5715, d6.loss_cls: 0.5299, d6.loss_bbox: 0.5699, d7.loss_cls: 0.5297, d7.loss_bbox: 0.5700, d0.loss_traj_cls: 0.0002, d0.loss_traj: 1.9275, d1.loss_traj_cls: 0.0002, d1.loss_traj: 1.6085, d2.loss_traj_cls: 0.0002, d2.loss_traj: 1.5800, d3.loss_traj_cls: 0.0002, d3.loss_traj: 1.5686, d4.loss_traj_cls: 0.0002, d4.loss_traj: 1.5719, d5.loss_traj_cls: 0.0002, d5.loss_traj: 1.5941, d6.loss_traj_cls: 0.0002, d6.loss_traj: 1.5989, d7.loss_traj_cls: 0.0002, d7.loss_traj: 1.6170, d0.loss_map_cls_all: 0.0672, d0.loss_map_pts_all: 1.1239, d0.loss_map_dir_all: 0.0009, d0.loss_map_cls: 0.0672, d0.loss_map_pts: 1.1239, d0.loss_map_dir: 0.0009, d1.loss_map_cls: 0.0199, d1.loss_map_pts: 0.8585, d1.loss_map_dir: 0.0008, d2.loss_map_cls: 0.0097, d2.loss_map_pts: 0.7784, d2.loss_map_dir: 0.0008, d3.loss_map_cls: 0.0080, d3.loss_map_pts: 0.7560, d3.loss_map_dir: 0.0008, d4.loss_map_cls: 0.0083, d4.loss_map_pts: 0.7501, d4.loss_map_dir: 0.0008, d5.loss_map_cls: 0.0082, d5.loss_map_pts: 0.7498, d5.loss_map_dir: 0.0008, d6.loss_map_cls: 0.0078, d6.loss_map_pts: 0.7515, d6.loss_map_dir: 0.0008, d7.loss_map_cls: 0.0077, d7.loss_map_pts: 0.7547, d7.loss_map_dir: 0.0008, loss: 63.5754, grad_norm: 330.7946
2026-05-25 17:02:18,664 - DriveTransformer - INFO - Iter [9850/12870]	lr: 4.158e-06, eta: 0:53:05, time: 1.008, data_time: 0.064, memory: 21575, loss_cls: 0.6571, loss_bbox: 0.6784, loss_traj: 2.5185, loss_traj_cls: 0.0003, loss_map_cls: 0.0483, loss_map_pts: 0.7193, loss_map_dir: 0.0011, d0.loss_plan_l1_fix_time: 1.8432, d0.loss_plan_l1_fix_dist: 0.3091, d1.loss_plan_l1_fix_time: 1.8279, d1.loss_plan_l1_fix_dist: 0.3100, d2.loss_plan_l1_fix_time: 1.8702, d2.loss_plan_l1_fix_dist: 0.3216, d3.loss_plan_l1_fix_time: 1.8908, d3.loss_plan_l1_fix_dist: 0.3363, d4.loss_plan_l1_fix_time: 1.9045, d4.loss_plan_l1_fix_dist: 0.3517, d5.loss_plan_l1_fix_time: 1.9134, d5.loss_plan_l1_fix_dist: 0.3686, d6.loss_plan_l1_fix_time: 1.9223, d6.loss_plan_l1_fix_dist: 0.3870, d7.loss_plan_l1_fix_time: 1.9312, d7.loss_plan_l1_fix_dist: 0.4065, d8.loss_plan_l1_fix_time: 1.9401, d8.loss_plan_l1_fix_dist: 0.4265, d0.loss_cls_all: 0.6922, d0.loss_bbox_all: 0.7471, d0.loss_cls: 0.6922, d0.loss_bbox: 0.7471, d1.loss_cls: 0.6684, d1.loss_bbox: 0.7152, d2.loss_cls: 0.6621, d2.loss_bbox: 0.7030, d3.loss_cls: 0.6608, d3.loss_bbox: 0.6941, d4.loss_cls: 0.6617, d4.loss_bbox: 0.6880, d5.loss_cls: 0.6573, d5.loss_bbox: 0.6870, d6.loss_cls: 0.6598, d6.loss_bbox: 0.6776, d7.loss_cls: 0.6588, d7.loss_bbox: 0.6765, d0.loss_traj_cls: 0.0002, d0.loss_traj: 3.0018, d1.loss_traj_cls: 0.0002, d1.loss_traj: 2.5853, d2.loss_traj_cls: 0.0002, d2.loss_traj: 2.4603, d3.loss_traj_cls: 0.0002, d3.loss_traj: 2.4513, d4.loss_traj_cls: 0.0002, d4.loss_traj: 2.4733, d5.loss_traj_cls: 0.0002, d5.loss_traj: 2.4637, d6.loss_traj_cls: 0.0003, d6.loss_traj: 2.4565, d7.loss_traj_cls: 0.0003, d7.loss_traj: 2.4632, d0.loss_map_cls_all: 0.1151, d0.loss_map_pts_all: 1.1250, d0.loss_map_dir_all: 0.0012, d0.loss_map_cls: 0.1151, d0.loss_map_pts: 1.1250, d0.loss_map_dir: 0.0012, d1.loss_map_cls: 0.0772, d1.loss_map_pts: 0.8341, d1.loss_map_dir: 0.0011, d2.loss_map_cls: 0.0612, d2.loss_map_pts: 0.7631, d2.loss_map_dir: 0.0011, d3.loss_map_cls: 0.0527, d3.loss_map_pts: 0.7384, d3.loss_map_dir: 0.0011, d4.loss_map_cls: 0.0510, d4.loss_map_pts: 0.7272, d4.loss_map_dir: 0.0011, d5.loss_map_cls: 0.0483, d5.loss_map_pts: 0.7230, d5.loss_map_dir: 0.0011, d6.loss_map_cls: 0.0483, d6.loss_map_pts: 0.7201, d6.loss_map_dir: 0.0011, d7.loss_map_cls: 0.0483, d7.loss_map_pts: 0.7192, d7.loss_map_dir: 0.0011, loss: 65.6924, grad_norm: 1456.0732
2026-05-25 17:02:35,375 - DriveTransformer - INFO - Saving checkpoint at 9867 iterations
2026-05-25 17:03:21,088 - DriveTransformer - INFO - Iter [9900/12870]	lr: 4.037e-06, eta: 0:52:15, time: 1.248, data_time: 0.068, memory: 21575, loss_cls: 0.7320, loss_bbox: 0.5603, loss_traj: 2.1940, loss_traj_cls: 0.0003, loss_map_cls: 0.1061, loss_map_pts: 0.8611, loss_map_dir: 0.0038, d0.loss_plan_l1_fix_time: 1.8113, d0.loss_plan_l1_fix_dist: 0.1748, d1.loss_plan_l1_fix_time: 1.1878, d1.loss_plan_l1_fix_dist: 0.1754, d2.loss_plan_l1_fix_time: 1.1045, d2.loss_plan_l1_fix_dist: 0.1905, d3.loss_plan_l1_fix_time: 1.0881, d3.loss_plan_l1_fix_dist: 0.2053, d4.loss_plan_l1_fix_time: 1.0836, d4.loss_plan_l1_fix_dist: 0.2210, d5.loss_plan_l1_fix_time: 1.0827, d5.loss_plan_l1_fix_dist: 0.2340, d6.loss_plan_l1_fix_time: 1.0833, d6.loss_plan_l1_fix_dist: 0.2472, d7.loss_plan_l1_fix_time: 1.0847, d7.loss_plan_l1_fix_dist: 0.2608, d8.loss_plan_l1_fix_time: 1.0870, d8.loss_plan_l1_fix_dist: 0.2749, d0.loss_cls_all: 0.7217, d0.loss_bbox_all: 0.6783, d0.loss_cls: 0.7217, d0.loss_bbox: 0.6783, d1.loss_cls: 0.7209, d1.loss_bbox: 0.6239, d2.loss_cls: 0.7224, d2.loss_bbox: 0.5980, d3.loss_cls: 0.7255, d3.loss_bbox: 0.5757, d4.loss_cls: 0.7259, d4.loss_bbox: 0.5709, d5.loss_cls: 0.7250, d5.loss_bbox: 0.5717, d6.loss_cls: 0.7297, d6.loss_bbox: 0.5663, d7.loss_cls: 0.7301, d7.loss_bbox: 0.5661, d0.loss_traj_cls: 0.0002, d0.loss_traj: 2.7706, d1.loss_traj_cls: 0.0003, d1.loss_traj: 2.2529, d2.loss_traj_cls: 0.0003, d2.loss_traj: 2.1340, d3.loss_traj_cls: 0.0003, d3.loss_traj: 2.1068, d4.loss_traj_cls: 0.0003, d4.loss_traj: 2.1224, d5.loss_traj_cls: 0.0003, d5.loss_traj: 2.1477, d6.loss_traj_cls: 0.0003, d6.loss_traj: 2.1634, d7.loss_traj_cls: 0.0003, d7.loss_traj: 2.1492, d0.loss_map_cls_all: 0.1842, d0.loss_map_pts_all: 1.1118, d0.loss_map_dir_all: 0.0035, d0.loss_map_cls: 0.1842, d0.loss_map_pts: 1.1118, d0.loss_map_dir: 0.0035, d1.loss_map_cls: 0.1136, d1.loss_map_pts: 0.9079, d1.loss_map_dir: 0.0036, d2.loss_map_cls: 0.0990, d2.loss_map_pts: 0.8588, d2.loss_map_dir: 0.0037, d3.loss_map_cls: 0.0973, d3.loss_map_pts: 0.8472, d3.loss_map_dir: 0.0037, d4.loss_map_cls: 0.0989, d4.loss_map_pts: 0.8472, d4.loss_map_dir: 0.0038, d5.loss_map_cls: 0.1011, d5.loss_map_pts: 0.8496, d5.loss_map_dir: 0.0038, d6.loss_map_cls: 0.1033, d6.loss_map_pts: 0.8528, d6.loss_map_dir: 0.0038, d7.loss_map_cls: 0.1046, d7.loss_map_pts: 0.8569, d7.loss_map_dir: 0.0038, loss: 56.2192, grad_norm: 1382.9152
2026-05-25 17:04:12,707 - DriveTransformer - INFO - Iter [9950/12870]	lr: 3.918e-06, eta: 0:51:22, time: 1.032, data_time: 0.066, memory: 21575, loss_cls: 0.7022, loss_bbox: 0.6655, loss_traj: 3.0691, loss_traj_cls: 0.0003, loss_map_cls: 0.1682, loss_map_pts: 0.6478, loss_map_dir: 0.0036, d0.loss_plan_l1_fix_time: 3.5935, d0.loss_plan_l1_fix_dist: 0.3440, d1.loss_plan_l1_fix_time: 3.2902, d1.loss_plan_l1_fix_dist: 0.3338, d2.loss_plan_l1_fix_time: 3.2560, d2.loss_plan_l1_fix_dist: 0.3336, d3.loss_plan_l1_fix_time: 3.2550, d3.loss_plan_l1_fix_dist: 0.3374, d4.loss_plan_l1_fix_time: 3.2579, d4.loss_plan_l1_fix_dist: 0.3443, d5.loss_plan_l1_fix_time: 3.2610, d5.loss_plan_l1_fix_dist: 0.3540, d6.loss_plan_l1_fix_time: 3.2650, d6.loss_plan_l1_fix_dist: 0.3651, d7.loss_plan_l1_fix_time: 3.2682, d7.loss_plan_l1_fix_dist: 0.3769, d8.loss_plan_l1_fix_time: 3.2720, d8.loss_plan_l1_fix_dist: 0.3895, d0.loss_cls_all: 0.6993, d0.loss_bbox_all: 0.8260, d0.loss_cls: 0.6993, d0.loss_bbox: 0.8260, d1.loss_cls: 0.6950, d1.loss_bbox: 0.7505, d2.loss_cls: 0.6995, d2.loss_bbox: 0.7116, d3.loss_cls: 0.6964, d3.loss_bbox: 0.6977, d4.loss_cls: 0.7028, d4.loss_bbox: 0.6842, d5.loss_cls: 0.6998, d5.loss_bbox: 0.6793, d6.loss_cls: 0.7009, d6.loss_bbox: 0.6678, d7.loss_cls: 0.7040, d7.loss_bbox: 0.6655, d0.loss_traj_cls: 0.0002, d0.loss_traj: 3.5626, d1.loss_traj_cls: 0.0002, d1.loss_traj: 3.1447, d2.loss_traj_cls: 0.0002, d2.loss_traj: 3.1323, d3.loss_traj_cls: 0.0002, d3.loss_traj: 3.1215, d4.loss_traj_cls: 0.0002, d4.loss_traj: 3.1096, d5.loss_traj_cls: 0.0003, d5.loss_traj: 3.1120, d6.loss_traj_cls: 0.0003, d6.loss_traj: 3.1050, d7.loss_traj_cls: 0.0003, d7.loss_traj: 3.1077, d0.loss_map_cls_all: 0.2160, d0.loss_map_pts_all: 0.9931, d0.loss_map_dir_all: 0.0040, d0.loss_map_cls: 0.2160, d0.loss_map_pts: 0.9931, d0.loss_map_dir: 0.0040, d1.loss_map_cls: 0.1660, d1.loss_map_pts: 0.7232, d1.loss_map_dir: 0.0038, d2.loss_map_cls: 0.1578, d2.loss_map_pts: 0.6627, d2.loss_map_dir: 0.0037, d3.loss_map_cls: 0.1543, d3.loss_map_pts: 0.6504, d3.loss_map_dir: 0.0037, d4.loss_map_cls: 0.1573, d4.loss_map_pts: 0.6481, d4.loss_map_dir: 0.0037, d5.loss_map_cls: 0.1614, d5.loss_map_pts: 0.6475, d5.loss_map_dir: 0.0037, d6.loss_map_cls: 0.1639, d6.loss_map_pts: 0.6470, d6.loss_map_dir: 0.0037, d7.loss_map_cls: 0.1667, d7.loss_map_pts: 0.6479, d7.loss_map_dir: 0.0036, loss: 84.5630, grad_norm: 3118.1473
2026-05-25 17:05:02,432 - DriveTransformer - INFO - Exp name: drivetransformer_large_single_gpu_24g_30epoch.py
2026-05-25 17:05:02,432 - DriveTransformer - INFO - Iter [10000/12870]	lr: 3.800e-06, eta: 0:50:28, time: 0.995, data_time: 0.062, memory: 21575, loss_cls: 0.6621, loss_bbox: 0.7707, loss_traj: 2.1669, loss_traj_cls: 0.0003, loss_map_cls: 0.2345, loss_map_pts: 0.9027, loss_map_dir: 0.0013, d0.loss_plan_l1_fix_time: 4.5910, d0.loss_plan_l1_fix_dist: 0.4960, d1.loss_plan_l1_fix_time: 4.4635, d1.loss_plan_l1_fix_dist: 0.4752, d2.loss_plan_l1_fix_time: 4.4498, d2.loss_plan_l1_fix_dist: 0.4649, d3.loss_plan_l1_fix_time: 4.4468, d3.loss_plan_l1_fix_dist: 0.4613, d4.loss_plan_l1_fix_time: 4.4472, d4.loss_plan_l1_fix_dist: 0.4620, d5.loss_plan_l1_fix_time: 4.4499, d5.loss_plan_l1_fix_dist: 0.4668, d6.loss_plan_l1_fix_time: 4.4529, d6.loss_plan_l1_fix_dist: 0.4732, d7.loss_plan_l1_fix_time: 4.4566, d7.loss_plan_l1_fix_dist: 0.4811, d8.loss_plan_l1_fix_time: 4.4612, d8.loss_plan_l1_fix_dist: 0.4908, d0.loss_cls_all: 0.6821, d0.loss_bbox_all: 0.8451, d0.loss_cls: 0.6821, d0.loss_bbox: 0.8451, d1.loss_cls: 0.6639, d1.loss_bbox: 0.8151, d2.loss_cls: 0.6652, d2.loss_bbox: 0.7957, d3.loss_cls: 0.6622, d3.loss_bbox: 0.7857, d4.loss_cls: 0.6636, d4.loss_bbox: 0.7793, d5.loss_cls: 0.6623, d5.loss_bbox: 0.7739, d6.loss_cls: 0.6632, d6.loss_bbox: 0.7721, d7.loss_cls: 0.6633, d7.loss_bbox: 0.7720, d0.loss_traj_cls: 0.0003, d0.loss_traj: 2.5433, d1.loss_traj_cls: 0.0003, d1.loss_traj: 2.2260, d2.loss_traj_cls: 0.0003, d2.loss_traj: 2.1577, d3.loss_traj_cls: 0.0003, d3.loss_traj: 2.1328, d4.loss_traj_cls: 0.0003, d4.loss_traj: 2.1376, d5.loss_traj_cls: 0.0003, d5.loss_traj: 2.1499, d6.loss_traj_cls: 0.0003, d6.loss_traj: 2.1808, d7.loss_traj_cls: 0.0003, d7.loss_traj: 2.1672, d0.loss_map_cls_all: 0.3022, d0.loss_map_pts_all: 1.2674, d0.loss_map_dir_all: 0.0013, d0.loss_map_cls: 0.3022, d0.loss_map_pts: 1.2674, d0.loss_map_dir: 0.0013, d1.loss_map_cls: 0.2542, d1.loss_map_pts: 1.0310, d1.loss_map_dir: 0.0013, d2.loss_map_cls: 0.2258, d2.loss_map_pts: 0.9386, d2.loss_map_dir: 0.0013, d3.loss_map_cls: 0.2237, d3.loss_map_pts: 0.9085, d3.loss_map_dir: 0.0013, d4.loss_map_cls: 0.2259, d4.loss_map_pts: 0.9015, d4.loss_map_dir: 0.0013, d5.loss_map_cls: 0.2283, d5.loss_map_pts: 0.9013, d5.loss_map_dir: 0.0013, d6.loss_map_cls: 0.2309, d6.loss_map_pts: 0.9001, d6.loss_map_dir: 0.0013, d7.loss_map_cls: 0.2335, d7.loss_map_pts: 0.9006, d7.loss_map_dir: 0.0013, loss: 91.3730, grad_norm: 420.8005
2026-05-25 17:05:54,290 - DriveTransformer - INFO - Iter [10050/12870]	lr: 3.684e-06, eta: 0:49:35, time: 1.037, data_time: 0.070, memory: 21575, loss_cls: 0.7399, loss_bbox: 0.7212, loss_traj: 2.6619, loss_traj_cls: 0.0003, loss_map_cls: 0.2801, loss_map_pts: 1.3574, loss_map_dir: 0.0053, d0.loss_plan_l1_fix_time: 1.9686, d0.loss_plan_l1_fix_dist: 0.3083, d1.loss_plan_l1_fix_time: 1.7749, d1.loss_plan_l1_fix_dist: 0.2983, d2.loss_plan_l1_fix_time: 1.7945, d2.loss_plan_l1_fix_dist: 0.2988, d3.loss_plan_l1_fix_time: 1.8053, d3.loss_plan_l1_fix_dist: 0.3022, d4.loss_plan_l1_fix_time: 1.8136, d4.loss_plan_l1_fix_dist: 0.3093, d5.loss_plan_l1_fix_time: 1.8213, d5.loss_plan_l1_fix_dist: 0.3184, d6.loss_plan_l1_fix_time: 1.8281, d6.loss_plan_l1_fix_dist: 0.3295, d7.loss_plan_l1_fix_time: 1.8346, d7.loss_plan_l1_fix_dist: 0.3410, d8.loss_plan_l1_fix_time: 1.8405, d8.loss_plan_l1_fix_dist: 0.3537, d0.loss_cls_all: 0.7352, d0.loss_bbox_all: 0.8064, d0.loss_cls: 0.7352, d0.loss_bbox: 0.8064, d1.loss_cls: 0.7349, d1.loss_bbox: 0.7788, d2.loss_cls: 0.7354, d2.loss_bbox: 0.7543, d3.loss_cls: 0.7348, d3.loss_bbox: 0.7412, d4.loss_cls: 0.7342, d4.loss_bbox: 0.7376, d5.loss_cls: 0.7361, d5.loss_bbox: 0.7259, d6.loss_cls: 0.7388, d6.loss_bbox: 0.7229, d7.loss_cls: 0.7385, d7.loss_bbox: 0.7209, d0.loss_traj_cls: 0.0003, d0.loss_traj: 3.1848, d1.loss_traj_cls: 0.0003, d1.loss_traj: 2.5029, d2.loss_traj_cls: 0.0003, d2.loss_traj: 2.4954, d3.loss_traj_cls: 0.0003, d3.loss_traj: 2.5339, d4.loss_traj_cls: 0.0003, d4.loss_traj: 2.5774, d5.loss_traj_cls: 0.0003, d5.loss_traj: 2.6196, d6.loss_traj_cls: 0.0003, d6.loss_traj: 2.5816, d7.loss_traj_cls: 0.0003, d7.loss_traj: 2.6147, d0.loss_map_cls_all: 0.4129, d0.loss_map_pts_all: 1.5625, d0.loss_map_dir_all: 0.0039, d0.loss_map_cls: 0.4129, d0.loss_map_pts: 1.5625, d0.loss_map_dir: 0.0039, d1.loss_map_cls: 0.3364, d1.loss_map_pts: 1.4391, d1.loss_map_dir: 0.0044, d2.loss_map_cls: 0.2992, d2.loss_map_pts: 1.3754, d2.loss_map_dir: 0.0047, d3.loss_map_cls: 0.2814, d3.loss_map_pts: 1.3631, d3.loss_map_dir: 0.0050, d4.loss_map_cls: 0.2769, d4.loss_map_pts: 1.3612, d4.loss_map_dir: 0.0051, d5.loss_map_cls: 0.2784, d5.loss_map_pts: 1.3562, d5.loss_map_dir: 0.0052, d6.loss_map_cls: 0.2799, d6.loss_map_pts: 1.3560, d6.loss_map_dir: 0.0052, d7.loss_map_cls: 0.2802, d7.loss_map_pts: 1.3567, d7.loss_map_dir: 0.0053, loss: 75.2712, grad_norm: 8476.3904
2026-05-25 17:06:46,264 - DriveTransformer - INFO - Iter [10100/12870]	lr: 3.570e-06, eta: 0:48:42, time: 1.039, data_time: 0.066, memory: 21575, loss_cls: 0.7127, loss_bbox: 0.5824, loss_traj: 2.0406, loss_traj_cls: 0.0003, loss_map_cls: 0.2905, loss_map_pts: 1.1808, loss_map_dir: 0.0088, d0.loss_plan_l1_fix_time: 1.8554, d0.loss_plan_l1_fix_dist: 0.1714, d1.loss_plan_l1_fix_time: 1.2880, d1.loss_plan_l1_fix_dist: 0.1779, d2.loss_plan_l1_fix_time: 1.2402, d2.loss_plan_l1_fix_dist: 0.1889, d3.loss_plan_l1_fix_time: 1.2368, d3.loss_plan_l1_fix_dist: 0.1985, d4.loss_plan_l1_fix_time: 1.2377, d4.loss_plan_l1_fix_dist: 0.2074, d5.loss_plan_l1_fix_time: 1.2405, d5.loss_plan_l1_fix_dist: 0.2145, d6.loss_plan_l1_fix_time: 1.2434, d6.loss_plan_l1_fix_dist: 0.2233, d7.loss_plan_l1_fix_time: 1.2464, d7.loss_plan_l1_fix_dist: 0.2319, d8.loss_plan_l1_fix_time: 1.2499, d8.loss_plan_l1_fix_dist: 0.2418, d0.loss_cls_all: 0.7239, d0.loss_bbox_all: 0.6816, d0.loss_cls: 0.7239, d0.loss_bbox: 0.6816, d1.loss_cls: 0.6872, d1.loss_bbox: 0.6060, d2.loss_cls: 0.6868, d2.loss_bbox: 0.5831, d3.loss_cls: 0.6889, d3.loss_bbox: 0.5805, d4.loss_cls: 0.6938, d4.loss_bbox: 0.5885, d5.loss_cls: 0.6992, d5.loss_bbox: 0.5954, d6.loss_cls: 0.7037, d6.loss_bbox: 0.5912, d7.loss_cls: 0.7103, d7.loss_bbox: 0.5843, d0.loss_traj_cls: 0.0003, d0.loss_traj: 2.5957, d1.loss_traj_cls: 0.0003, d1.loss_traj: 2.1071, d2.loss_traj_cls: 0.0003, d2.loss_traj: 2.0350, d3.loss_traj_cls: 0.0003, d3.loss_traj: 2.0175, d4.loss_traj_cls: 0.0003, d4.loss_traj: 2.0261, d5.loss_traj_cls: 0.0003, d5.loss_traj: 2.0320, d6.loss_traj_cls: 0.0003, d6.loss_traj: 2.0400, d7.loss_traj_cls: 0.0003, d7.loss_traj: 2.0325, d0.loss_map_cls_all: 0.4331, d0.loss_map_pts_all: 1.4737, d0.loss_map_dir_all: 0.0083, d0.loss_map_cls: 0.4331, d0.loss_map_pts: 1.4737, d0.loss_map_dir: 0.0083, d1.loss_map_cls: 0.3273, d1.loss_map_pts: 1.2987, d1.loss_map_dir: 0.0084, d2.loss_map_cls: 0.2886, d2.loss_map_pts: 1.2191, d2.loss_map_dir: 0.0085, d3.loss_map_cls: 0.2835, d3.loss_map_pts: 1.1921, d3.loss_map_dir: 0.0086, d4.loss_map_cls: 0.2848, d4.loss_map_pts: 1.1849, d4.loss_map_dir: 0.0087, d5.loss_map_cls: 0.2880, d5.loss_map_pts: 1.1815, d5.loss_map_dir: 0.0088, d6.loss_map_cls: 0.2889, d6.loss_map_pts: 1.1827, d6.loss_map_dir: 0.0088, d7.loss_map_cls: 0.2903, d7.loss_map_pts: 1.1810, d7.loss_map_dir: 0.0088, loss: 61.5906, grad_norm: 7408.2242
2026-05-25 17:07:35,670 - DriveTransformer - INFO - Iter [10150/12870]	lr: 3.457e-06, eta: 0:47:49, time: 0.988, data_time: 0.063, memory: 21575, loss_cls: 0.6902, loss_bbox: 0.8067, loss_traj: 1.2290, loss_traj_cls: 0.0003, loss_map_cls: 0.1993, loss_map_pts: 0.7212, loss_map_dir: 0.0026, d0.loss_plan_l1_fix_time: 4.1519, d0.loss_plan_l1_fix_dist: 0.4459, d1.loss_plan_l1_fix_time: 3.9762, d1.loss_plan_l1_fix_dist: 0.4202, d2.loss_plan_l1_fix_time: 3.9517, d2.loss_plan_l1_fix_dist: 0.4116, d3.loss_plan_l1_fix_time: 3.9498, d3.loss_plan_l1_fix_dist: 0.4064, d4.loss_plan_l1_fix_time: 3.9517, d4.loss_plan_l1_fix_dist: 0.4065, d5.loss_plan_l1_fix_time: 3.9555, d5.loss_plan_l1_fix_dist: 0.4108, d6.loss_plan_l1_fix_time: 3.9602, d6.loss_plan_l1_fix_dist: 0.4161, d7.loss_plan_l1_fix_time: 3.9654, d7.loss_plan_l1_fix_dist: 0.4234, d8.loss_plan_l1_fix_time: 3.9712, d8.loss_plan_l1_fix_dist: 0.4322, d0.loss_cls_all: 0.7729, d0.loss_bbox_all: 0.8727, d0.loss_cls: 0.7729, d0.loss_bbox: 0.8727, d1.loss_cls: 0.7140, d1.loss_bbox: 0.8223, d2.loss_cls: 0.6980, d2.loss_bbox: 0.8004, d3.loss_cls: 0.6823, d3.loss_bbox: 0.8017, d4.loss_cls: 0.6839, d4.loss_bbox: 0.8066, d5.loss_cls: 0.6832, d5.loss_bbox: 0.8043, d6.loss_cls: 0.6826, d6.loss_bbox: 0.8041, d7.loss_cls: 0.6887, d7.loss_bbox: 0.8037, d0.loss_traj_cls: 0.0003, d0.loss_traj: 1.5782, d1.loss_traj_cls: 0.0003, d1.loss_traj: 1.1975, d2.loss_traj_cls: 0.0003, d2.loss_traj: 1.1743, d3.loss_traj_cls: 0.0003, d3.loss_traj: 1.1701, d4.loss_traj_cls: 0.0003, d4.loss_traj: 1.1661, d5.loss_traj_cls: 0.0003, d5.loss_traj: 1.1630, d6.loss_traj_cls: 0.0003, d6.loss_traj: 1.1921, d7.loss_traj_cls: 0.0003, d7.loss_traj: 1.2020, d0.loss_map_cls_all: 0.2618, d0.loss_map_pts_all: 1.1173, d0.loss_map_dir_all: 0.0026, d0.loss_map_cls: 0.2618, d0.loss_map_pts: 1.1173, d0.loss_map_dir: 0.0026, d1.loss_map_cls: 0.2125, d1.loss_map_pts: 0.8785, d1.loss_map_dir: 0.0026, d2.loss_map_cls: 0.1980, d2.loss_map_pts: 0.7538, d2.loss_map_dir: 0.0026, d3.loss_map_cls: 0.1933, d3.loss_map_pts: 0.7197, d3.loss_map_dir: 0.0026, d4.loss_map_cls: 0.1936, d4.loss_map_pts: 0.7149, d4.loss_map_dir: 0.0026, d5.loss_map_cls: 0.1965, d5.loss_map_pts: 0.7155, d5.loss_map_dir: 0.0026, d6.loss_map_cls: 0.1994, d6.loss_map_pts: 0.7159, d6.loss_map_dir: 0.0026, d7.loss_map_cls: 0.2001, d7.loss_map_pts: 0.7184, d7.loss_map_dir: 0.0026, loss: 76.2601, grad_norm: 1591.3252
2026-05-25 17:08:25,776 - DriveTransformer - INFO - Iter [10200/12870]	lr: 3.346e-06, eta: 0:46:55, time: 1.002, data_time: 0.066, memory: 21575, loss_cls: 0.6322, loss_bbox: 0.7304, loss_traj: 1.3093, loss_traj_cls: 0.0003, loss_map_cls: 0.2770, loss_map_pts: 0.9719, loss_map_dir: 0.0035, d0.loss_plan_l1_fix_time: 2.3737, d0.loss_plan_l1_fix_dist: 0.2987, d1.loss_plan_l1_fix_time: 2.3426, d1.loss_plan_l1_fix_dist: 0.2745, d2.loss_plan_l1_fix_time: 2.3281, d2.loss_plan_l1_fix_dist: 0.2699, d3.loss_plan_l1_fix_time: 2.3293, d3.loss_plan_l1_fix_dist: 0.2712, d4.loss_plan_l1_fix_time: 2.3329, d4.loss_plan_l1_fix_dist: 0.2769, d5.loss_plan_l1_fix_time: 2.3388, d5.loss_plan_l1_fix_dist: 0.2837, d6.loss_plan_l1_fix_time: 2.3452, d6.loss_plan_l1_fix_dist: 0.2918, d7.loss_plan_l1_fix_time: 2.3519, d7.loss_plan_l1_fix_dist: 0.3004, d8.loss_plan_l1_fix_time: 2.3589, d8.loss_plan_l1_fix_dist: 0.3109, d0.loss_cls_all: 0.7086, d0.loss_bbox_all: 0.8262, d0.loss_cls: 0.7086, d0.loss_bbox: 0.8262, d1.loss_cls: 0.6627, d1.loss_bbox: 0.7786, d2.loss_cls: 0.6384, d2.loss_bbox: 0.7596, d3.loss_cls: 0.6324, d3.loss_bbox: 0.7402, d4.loss_cls: 0.6297, d4.loss_bbox: 0.7361, d5.loss_cls: 0.6278, d5.loss_bbox: 0.7289, d6.loss_cls: 0.6316, d6.loss_bbox: 0.7277, d7.loss_cls: 0.6314, d7.loss_bbox: 0.7270, d0.loss_traj_cls: 0.0003, d0.loss_traj: 1.4697, d1.loss_traj_cls: 0.0003, d1.loss_traj: 1.2998, d2.loss_traj_cls: 0.0003, d2.loss_traj: 1.2593, d3.loss_traj_cls: 0.0003, d3.loss_traj: 1.2498, d4.loss_traj_cls: 0.0003, d4.loss_traj: 1.2521, d5.loss_traj_cls: 0.0003, d5.loss_traj: 1.2714, d6.loss_traj_cls: 0.0003, d6.loss_traj: 1.3066, d7.loss_traj_cls: 0.0003, d7.loss_traj: 1.3015, d0.loss_map_cls_all: 0.3338, d0.loss_map_pts_all: 1.4042, d0.loss_map_dir_all: 0.0028, d0.loss_map_cls: 0.3338, d0.loss_map_pts: 1.4042, d0.loss_map_dir: 0.0028, d1.loss_map_cls: 0.2922, d1.loss_map_pts: 1.0826, d1.loss_map_dir: 0.0030, d2.loss_map_cls: 0.2776, d2.loss_map_pts: 0.9891, d2.loss_map_dir: 0.0032, d3.loss_map_cls: 0.2722, d3.loss_map_pts: 0.9712, d3.loss_map_dir: 0.0033, d4.loss_map_cls: 0.2730, d4.loss_map_pts: 0.9668, d4.loss_map_dir: 0.0034, d5.loss_map_cls: 0.2756, d5.loss_map_pts: 0.9646, d5.loss_map_dir: 0.0034, d6.loss_map_cls: 0.2766, d6.loss_map_pts: 0.9665, d6.loss_map_dir: 0.0035, d7.loss_map_cls: 0.2788, d7.loss_map_pts: 0.9676, d7.loss_map_dir: 0.0035, loss: 63.0976, grad_norm: 2049.3133
2026-05-25 17:09:14,478 - DriveTransformer - INFO - Iter [10250/12870]	lr: 3.237e-06, eta: 0:46:01, time: 0.974, data_time: 0.062, memory: 21575, loss_cls: 0.7400, loss_bbox: 0.7198, loss_traj: 1.7430, loss_traj_cls: 0.0003, loss_map_cls: 0.2862, loss_map_pts: 1.4374, loss_map_dir: 0.0073, d0.loss_plan_l1_fix_time: 2.3912, d0.loss_plan_l1_fix_dist: 0.2154, d1.loss_plan_l1_fix_time: 2.1444, d1.loss_plan_l1_fix_dist: 0.2021, d2.loss_plan_l1_fix_time: 2.1265, d2.loss_plan_l1_fix_dist: 0.2038, d3.loss_plan_l1_fix_time: 2.1260, d3.loss_plan_l1_fix_dist: 0.2094, d4.loss_plan_l1_fix_time: 2.1284, d4.loss_plan_l1_fix_dist: 0.2172, d5.loss_plan_l1_fix_time: 2.1320, d5.loss_plan_l1_fix_dist: 0.2250, d6.loss_plan_l1_fix_time: 2.1356, d6.loss_plan_l1_fix_dist: 0.2342, d7.loss_plan_l1_fix_time: 2.1400, d7.loss_plan_l1_fix_dist: 0.2443, d8.loss_plan_l1_fix_time: 2.1449, d8.loss_plan_l1_fix_dist: 0.2547, d0.loss_cls_all: 0.8121, d0.loss_bbox_all: 0.7861, d0.loss_cls: 0.8121, d0.loss_bbox: 0.7861, d1.loss_cls: 0.7562, d1.loss_bbox: 0.7646, d2.loss_cls: 0.7508, d2.loss_bbox: 0.7368, d3.loss_cls: 0.7534, d3.loss_bbox: 0.7281, d4.loss_cls: 0.7495, d4.loss_bbox: 0.7313, d5.loss_cls: 0.7501, d5.loss_bbox: 0.7267, d6.loss_cls: 0.7424, d6.loss_bbox: 0.7246, d7.loss_cls: 0.7383, d7.loss_bbox: 0.7239, d0.loss_traj_cls: 0.0003, d0.loss_traj: 1.9360, d1.loss_traj_cls: 0.0003, d1.loss_traj: 1.7197, d2.loss_traj_cls: 0.0003, d2.loss_traj: 1.6575, d3.loss_traj_cls: 0.0003, d3.loss_traj: 1.6509, d4.loss_traj_cls: 0.0003, d4.loss_traj: 1.6565, d5.loss_traj_cls: 0.0003, d5.loss_traj: 1.6763, d6.loss_traj_cls: 0.0003, d6.loss_traj: 1.7077, d7.loss_traj_cls: 0.0003, d7.loss_traj: 1.7236, d0.loss_map_cls_all: 0.4313, d0.loss_map_pts_all: 1.6191, d0.loss_map_dir_all: 0.0057, d0.loss_map_cls: 0.4313, d0.loss_map_pts: 1.6191, d0.loss_map_dir: 0.0057, d1.loss_map_cls: 0.3482, d1.loss_map_pts: 1.5125, d1.loss_map_dir: 0.0065, d2.loss_map_cls: 0.2918, d2.loss_map_pts: 1.4769, d2.loss_map_dir: 0.0067, d3.loss_map_cls: 0.2824, d3.loss_map_pts: 1.4565, d3.loss_map_dir: 0.0069, d4.loss_map_cls: 0.2829, d4.loss_map_pts: 1.4464, d4.loss_map_dir: 0.0070, d5.loss_map_cls: 0.2836, d5.loss_map_pts: 1.4418, d5.loss_map_dir: 0.0071, d6.loss_map_cls: 0.2877, d6.loss_map_pts: 1.4385, d6.loss_map_dir: 0.0072, d7.loss_map_cls: 0.2871, d7.loss_map_pts: 1.4382, d7.loss_map_dir: 0.0072, loss: 70.1481, grad_norm: 6610.2504
2026-05-25 17:10:00,193 - DriveTransformer - INFO - Saving checkpoint at 10296 iterations
2026-05-25 17:10:15,372 - DriveTransformer - INFO - Iter [10300/12870]	lr: 3.130e-06, eta: 0:45:11, time: 1.218, data_time: 0.065, memory: 21575, loss_cls: 0.7142, loss_bbox: 0.4667, loss_traj: 1.1046, loss_traj_cls: 0.0002, loss_map_cls: 0.3518, loss_map_pts: 1.5911, loss_map_dir: 0.0165, d0.loss_plan_l1_fix_time: 1.3719, d0.loss_plan_l1_fix_dist: 0.1156, d1.loss_plan_l1_fix_time: 1.0684, d1.loss_plan_l1_fix_dist: 0.1154, d2.loss_plan_l1_fix_time: 1.0439, d2.loss_plan_l1_fix_dist: 0.1211, d3.loss_plan_l1_fix_time: 1.0411, d3.loss_plan_l1_fix_dist: 0.1292, d4.loss_plan_l1_fix_time: 1.0426, d4.loss_plan_l1_fix_dist: 0.1371, d5.loss_plan_l1_fix_time: 1.0451, d5.loss_plan_l1_fix_dist: 0.1451, d6.loss_plan_l1_fix_time: 1.0483, d6.loss_plan_l1_fix_dist: 0.1534, d7.loss_plan_l1_fix_time: 1.0517, d7.loss_plan_l1_fix_dist: 0.1630, d8.loss_plan_l1_fix_time: 1.0556, d8.loss_plan_l1_fix_dist: 0.1732, d0.loss_cls_all: 0.7384, d0.loss_bbox_all: 0.5870, d0.loss_cls: 0.7384, d0.loss_bbox: 0.5870, d1.loss_cls: 0.7037, d1.loss_bbox: 0.5085, d2.loss_cls: 0.7025, d2.loss_bbox: 0.4740, d3.loss_cls: 0.7021, d3.loss_bbox: 0.4667, d4.loss_cls: 0.7048, d4.loss_bbox: 0.4601, d5.loss_cls: 0.7056, d5.loss_bbox: 0.4621, d6.loss_cls: 0.7100, d6.loss_bbox: 0.4588, d7.loss_cls: 0.7116, d7.loss_bbox: 0.4670, d0.loss_traj_cls: 0.0002, d0.loss_traj: 1.4654, d1.loss_traj_cls: 0.0002, d1.loss_traj: 1.2919, d2.loss_traj_cls: 0.0002, d2.loss_traj: 1.1756, d3.loss_traj_cls: 0.0002, d3.loss_traj: 1.1226, d4.loss_traj_cls: 0.0002, d4.loss_traj: 1.1061, d5.loss_traj_cls: 0.0002, d5.loss_traj: 1.1065, d6.loss_traj_cls: 0.0002, d6.loss_traj: 1.1083, d7.loss_traj_cls: 0.0002, d7.loss_traj: 1.1184, d0.loss_map_cls_all: 0.4389, d0.loss_map_pts_all: 2.1009, d0.loss_map_dir_all: 0.0154, d0.loss_map_cls: 0.4389, d0.loss_map_pts: 2.1009, d0.loss_map_dir: 0.0154, d1.loss_map_cls: 0.3594, d1.loss_map_pts: 1.8888, d1.loss_map_dir: 0.0159, d2.loss_map_cls: 0.3314, d2.loss_map_pts: 1.7224, d2.loss_map_dir: 0.0160, d3.loss_map_cls: 0.3352, d3.loss_map_pts: 1.6322, d3.loss_map_dir: 0.0161, d4.loss_map_cls: 0.3390, d4.loss_map_pts: 1.6088, d4.loss_map_dir: 0.0161, d5.loss_map_cls: 0.3434, d5.loss_map_pts: 1.5990, d5.loss_map_dir: 0.0165, d6.loss_map_cls: 0.3486, d6.loss_map_pts: 1.5933, d6.loss_map_dir: 0.0164, d7.loss_map_cls: 0.3508, d7.loss_map_pts: 1.5916, d7.loss_map_dir: 0.0164, loss: 54.9191, grad_norm: 8486.5392
2026-05-25 17:11:06,614 - DriveTransformer - INFO - Iter [10350/12870]	lr: 3.024e-06, eta: 0:44:18, time: 1.025, data_time: 0.065, memory: 21575, loss_cls: 0.6585, loss_bbox: 0.5500, loss_traj: 3.1685, loss_traj_cls: 0.0002, loss_map_cls: 0.0533, loss_map_pts: 0.4106, loss_map_dir: 0.0030, d0.loss_plan_l1_fix_time: 2.7819, d0.loss_plan_l1_fix_dist: 0.1547, d1.loss_plan_l1_fix_time: 2.5075, d1.loss_plan_l1_fix_dist: 0.1464, d2.loss_plan_l1_fix_time: 2.4897, d2.loss_plan_l1_fix_dist: 0.1522, d3.loss_plan_l1_fix_time: 2.4955, d3.loss_plan_l1_fix_dist: 0.1591, d4.loss_plan_l1_fix_time: 2.5017, d4.loss_plan_l1_fix_dist: 0.1668, d5.loss_plan_l1_fix_time: 2.5079, d5.loss_plan_l1_fix_dist: 0.1737, d6.loss_plan_l1_fix_time: 2.5146, d6.loss_plan_l1_fix_dist: 0.1814, d7.loss_plan_l1_fix_time: 2.5209, d7.loss_plan_l1_fix_dist: 0.1904, d8.loss_plan_l1_fix_time: 2.5274, d8.loss_plan_l1_fix_dist: 0.2015, d0.loss_cls_all: 0.7099, d0.loss_bbox_all: 0.7068, d0.loss_cls: 0.7099, d0.loss_bbox: 0.7068, d1.loss_cls: 0.6433, d1.loss_bbox: 0.6336, d2.loss_cls: 0.6420, d2.loss_bbox: 0.5905, d3.loss_cls: 0.6430, d3.loss_bbox: 0.5669, d4.loss_cls: 0.6496, d4.loss_bbox: 0.5566, d5.loss_cls: 0.6497, d5.loss_bbox: 0.5537, d6.loss_cls: 0.6512, d6.loss_bbox: 0.5477, d7.loss_cls: 0.6564, d7.loss_bbox: 0.5461, d0.loss_traj_cls: 0.0002, d0.loss_traj: 3.3177, d1.loss_traj_cls: 0.0002, d1.loss_traj: 3.1614, d2.loss_traj_cls: 0.0002, d2.loss_traj: 3.1526, d3.loss_traj_cls: 0.0002, d3.loss_traj: 3.1434, d4.loss_traj_cls: 0.0002, d4.loss_traj: 3.1604, d5.loss_traj_cls: 0.0002, d5.loss_traj: 3.1715, d6.loss_traj_cls: 0.0002, d6.loss_traj: 3.1718, d7.loss_traj_cls: 0.0002, d7.loss_traj: 3.1563, d0.loss_map_cls_all: 0.1447, d0.loss_map_pts_all: 0.8173, d0.loss_map_dir_all: 0.0028, d0.loss_map_cls: 0.1447, d0.loss_map_pts: 0.8173, d0.loss_map_dir: 0.0028, d1.loss_map_cls: 0.0717, d1.loss_map_pts: 0.5025, d1.loss_map_dir: 0.0030, d2.loss_map_cls: 0.0531, d2.loss_map_pts: 0.4263, d2.loss_map_dir: 0.0029, d3.loss_map_cls: 0.0485, d3.loss_map_pts: 0.4079, d3.loss_map_dir: 0.0030, d4.loss_map_cls: 0.0491, d4.loss_map_pts: 0.4037, d4.loss_map_dir: 0.0030, d5.loss_map_cls: 0.0512, d5.loss_map_pts: 0.4045, d5.loss_map_dir: 0.0030, d6.loss_map_cls: 0.0524, d6.loss_map_pts: 0.4058, d6.loss_map_dir: 0.0030, d7.loss_map_cls: 0.0536, d7.loss_map_pts: 0.4075, d7.loss_map_dir: 0.0031, loss: 71.3063, grad_norm: 2405.8033
2026-05-25 17:11:56,977 - DriveTransformer - INFO - Iter [10400/12870]	lr: 2.920e-06, eta: 0:43:24, time: 1.007, data_time: 0.066, memory: 21575, loss_cls: 0.5918, loss_bbox: 0.7320, loss_traj: 2.6088, loss_traj_cls: 0.0002, loss_map_cls: 0.1433, loss_map_pts: 0.6543, loss_map_dir: 0.0042, d0.loss_plan_l1_fix_time: 3.3351, d0.loss_plan_l1_fix_dist: 0.4273, d1.loss_plan_l1_fix_time: 2.8383, d1.loss_plan_l1_fix_dist: 0.4060, d2.loss_plan_l1_fix_time: 2.7945, d2.loss_plan_l1_fix_dist: 0.3992, d3.loss_plan_l1_fix_time: 2.7853, d3.loss_plan_l1_fix_dist: 0.3996, d4.loss_plan_l1_fix_time: 2.7847, d4.loss_plan_l1_fix_dist: 0.4047, d5.loss_plan_l1_fix_time: 2.7871, d5.loss_plan_l1_fix_dist: 0.4136, d6.loss_plan_l1_fix_time: 2.7902, d6.loss_plan_l1_fix_dist: 0.4237, d7.loss_plan_l1_fix_time: 2.7940, d7.loss_plan_l1_fix_dist: 0.4364, d8.loss_plan_l1_fix_time: 2.7985, d8.loss_plan_l1_fix_dist: 0.4493, d0.loss_cls_all: 0.6210, d0.loss_bbox_all: 0.8247, d0.loss_cls: 0.6210, d0.loss_bbox: 0.8247, d1.loss_cls: 0.6018, d1.loss_bbox: 0.7838, d2.loss_cls: 0.5972, d2.loss_bbox: 0.7650, d3.loss_cls: 0.5953, d3.loss_bbox: 0.7611, d4.loss_cls: 0.5961, d4.loss_bbox: 0.7558, d5.loss_cls: 0.5917, d5.loss_bbox: 0.7497, d6.loss_cls: 0.5941, d6.loss_bbox: 0.7400, d7.loss_cls: 0.5926, d7.loss_bbox: 0.7393, d0.loss_traj_cls: 0.0002, d0.loss_traj: 2.9281, d1.loss_traj_cls: 0.0002, d1.loss_traj: 2.7032, d2.loss_traj_cls: 0.0002, d2.loss_traj: 2.6407, d3.loss_traj_cls: 0.0002, d3.loss_traj: 2.5962, d4.loss_traj_cls: 0.0002, d4.loss_traj: 2.5916, d5.loss_traj_cls: 0.0002, d5.loss_traj: 2.5882, d6.loss_traj_cls: 0.0002, d6.loss_traj: 2.5937, d7.loss_traj_cls: 0.0002, d7.loss_traj: 2.6100, d0.loss_map_cls_all: 0.2082, d0.loss_map_pts_all: 1.0841, d0.loss_map_dir_all: 0.0043, d0.loss_map_cls: 0.2082, d0.loss_map_pts: 1.0841, d0.loss_map_dir: 0.0043, d1.loss_map_cls: 0.1601, d1.loss_map_pts: 0.7574, d1.loss_map_dir: 0.0045, d2.loss_map_cls: 0.1449, d2.loss_map_pts: 0.6759, d2.loss_map_dir: 0.0042, d3.loss_map_cls: 0.1414, d3.loss_map_pts: 0.6532, d3.loss_map_dir: 0.0042, d4.loss_map_cls: 0.1408, d4.loss_map_pts: 0.6503, d4.loss_map_dir: 0.0041, d5.loss_map_cls: 0.1414, d5.loss_map_pts: 0.6510, d5.loss_map_dir: 0.0042, d6.loss_map_cls: 0.1419, d6.loss_map_pts: 0.6516, d6.loss_map_dir: 0.0042, d7.loss_map_cls: 0.1430, d7.loss_map_pts: 0.6523, d7.loss_map_dir: 0.0042, loss: 76.1383, grad_norm: 4470.5941
2026-05-25 17:12:48,664 - DriveTransformer - INFO - Iter [10450/12870]	lr: 2.819e-06, eta: 0:42:31, time: 1.034, data_time: 0.065, memory: 21575, loss_cls: 0.6289, loss_bbox: 0.6392, loss_traj: 1.3582, loss_traj_cls: 0.0003, loss_map_cls: 0.1574, loss_map_pts: 0.8545, loss_map_dir: 0.0029, d0.loss_plan_l1_fix_time: 2.2651, d0.loss_plan_l1_fix_dist: 0.4186, d1.loss_plan_l1_fix_time: 2.0211, d1.loss_plan_l1_fix_dist: 0.4043, d2.loss_plan_l1_fix_time: 2.0269, d2.loss_plan_l1_fix_dist: 0.4001, d3.loss_plan_l1_fix_time: 2.0327, d3.loss_plan_l1_fix_dist: 0.3993, d4.loss_plan_l1_fix_time: 2.0383, d4.loss_plan_l1_fix_dist: 0.4021, d5.loss_plan_l1_fix_time: 2.0430, d5.loss_plan_l1_fix_dist: 0.4082, d6.loss_plan_l1_fix_time: 2.0476, d6.loss_plan_l1_fix_dist: 0.4171, d7.loss_plan_l1_fix_time: 2.0526, d7.loss_plan_l1_fix_dist: 0.4297, d8.loss_plan_l1_fix_time: 2.0577, d8.loss_plan_l1_fix_dist: 0.4443, d0.loss_cls_all: 0.6392, d0.loss_bbox_all: 0.7089, d0.loss_cls: 0.6392, d0.loss_bbox: 0.7089, d1.loss_cls: 0.6180, d1.loss_bbox: 0.6812, d2.loss_cls: 0.6182, d2.loss_bbox: 0.6543, d3.loss_cls: 0.6191, d3.loss_bbox: 0.6427, d4.loss_cls: 0.6188, d4.loss_bbox: 0.6397, d5.loss_cls: 0.6211, d5.loss_bbox: 0.6364, d6.loss_cls: 0.6245, d6.loss_bbox: 0.6324, d7.loss_cls: 0.6277, d7.loss_bbox: 0.6338, d0.loss_traj_cls: 0.0003, d0.loss_traj: 1.3976, d1.loss_traj_cls: 0.0003, d1.loss_traj: 1.3323, d2.loss_traj_cls: 0.0003, d2.loss_traj: 1.3262, d3.loss_traj_cls: 0.0003, d3.loss_traj: 1.3268, d4.loss_traj_cls: 0.0003, d4.loss_traj: 1.3264, d5.loss_traj_cls: 0.0003, d5.loss_traj: 1.3328, d6.loss_traj_cls: 0.0003, d6.loss_traj: 1.3506, d7.loss_traj_cls: 0.0003, d7.loss_traj: 1.3510, d0.loss_map_cls_all: 0.2421, d0.loss_map_pts_all: 1.1990, d0.loss_map_dir_all: 0.0027, d0.loss_map_cls: 0.2421, d0.loss_map_pts: 1.1990, d0.loss_map_dir: 0.0027, d1.loss_map_cls: 0.1936, d1.loss_map_pts: 0.9743, d1.loss_map_dir: 0.0028, d2.loss_map_cls: 0.1656, d2.loss_map_pts: 0.8853, d2.loss_map_dir: 0.0029, d3.loss_map_cls: 0.1549, d3.loss_map_pts: 0.8633, d3.loss_map_dir: 0.0029, d4.loss_map_cls: 0.1533, d4.loss_map_pts: 0.8604, d4.loss_map_dir: 0.0029, d5.loss_map_cls: 0.1557, d5.loss_map_pts: 0.8568, d5.loss_map_dir: 0.0029, d6.loss_map_cls: 0.1568, d6.loss_map_pts: 0.8551, d6.loss_map_dir: 0.0029, d7.loss_map_cls: 0.1580, d7.loss_map_pts: 0.8545, d7.loss_map_dir: 0.0029, loss: 58.4553, grad_norm: 1570.8773
2026-05-25 17:13:42,974 - DriveTransformer - INFO - Iter [10500/12870]	lr: 2.718e-06, eta: 0:41:39, time: 1.086, data_time: 0.067, memory: 21575, loss_cls: 0.5823, loss_bbox: 0.6588, loss_traj: 1.4075, loss_traj_cls: 0.0002, loss_map_cls: 0.1239, loss_map_pts: 0.6440, loss_map_dir: 0.0015, d0.loss_plan_l1_fix_time: 1.7278, d0.loss_plan_l1_fix_dist: 0.2652, d1.loss_plan_l1_fix_time: 1.6535, d1.loss_plan_l1_fix_dist: 0.2582, d2.loss_plan_l1_fix_time: 1.6540, d2.loss_plan_l1_fix_dist: 0.2575, d3.loss_plan_l1_fix_time: 1.6587, d3.loss_plan_l1_fix_dist: 0.2647, d4.loss_plan_l1_fix_time: 1.6633, d4.loss_plan_l1_fix_dist: 0.2773, d5.loss_plan_l1_fix_time: 1.6680, d5.loss_plan_l1_fix_dist: 0.2908, d6.loss_plan_l1_fix_time: 1.6739, d6.loss_plan_l1_fix_dist: 0.3043, d7.loss_plan_l1_fix_time: 1.6792, d7.loss_plan_l1_fix_dist: 0.3182, d8.loss_plan_l1_fix_time: 1.6850, d8.loss_plan_l1_fix_dist: 0.3338, d0.loss_cls_all: 0.6385, d0.loss_bbox_all: 0.7153, d0.loss_cls: 0.6385, d0.loss_bbox: 0.7153, d1.loss_cls: 0.5967, d1.loss_bbox: 0.6817, d2.loss_cls: 0.5893, d2.loss_bbox: 0.6609, d3.loss_cls: 0.5869, d3.loss_bbox: 0.6569, d4.loss_cls: 0.5843, d4.loss_bbox: 0.6556, d5.loss_cls: 0.5810, d5.loss_bbox: 0.6543, d6.loss_cls: 0.5831, d6.loss_bbox: 0.6546, d7.loss_cls: 0.5819, d7.loss_bbox: 0.6568, d0.loss_traj_cls: 0.0002, d0.loss_traj: 1.4373, d1.loss_traj_cls: 0.0002, d1.loss_traj: 1.3935, d2.loss_traj_cls: 0.0002, d2.loss_traj: 1.3689, d3.loss_traj_cls: 0.0002, d3.loss_traj: 1.3692, d4.loss_traj_cls: 0.0002, d4.loss_traj: 1.3765, d5.loss_traj_cls: 0.0002, d5.loss_traj: 1.3853, d6.loss_traj_cls: 0.0002, d6.loss_traj: 1.3898, d7.loss_traj_cls: 0.0002, d7.loss_traj: 1.3909, d0.loss_map_cls_all: 0.1844, d0.loss_map_pts_all: 1.0475, d0.loss_map_dir_all: 0.0015, d0.loss_map_cls: 0.1844, d0.loss_map_pts: 1.0475, d0.loss_map_dir: 0.0015, d1.loss_map_cls: 0.1403, d1.loss_map_pts: 0.7198, d1.loss_map_dir: 0.0015, d2.loss_map_cls: 0.1282, d2.loss_map_pts: 0.6484, d2.loss_map_dir: 0.0015, d3.loss_map_cls: 0.1223, d3.loss_map_pts: 0.6377, d3.loss_map_dir: 0.0015, d4.loss_map_cls: 0.1223, d4.loss_map_pts: 0.6365, d4.loss_map_dir: 0.0016, d5.loss_map_cls: 0.1233, d5.loss_map_pts: 0.6377, d5.loss_map_dir: 0.0015, d6.loss_map_cls: 0.1238, d6.loss_map_pts: 0.6391, d6.loss_map_dir: 0.0015, d7.loss_map_cls: 0.1246, d7.loss_map_pts: 0.6408, d7.loss_map_dir: 0.0015, loss: 51.5187, grad_norm: 1667.2511
2026-05-25 17:14:35,716 - DriveTransformer - INFO - Iter [10550/12870]	lr: 2.620e-06, eta: 0:40:46, time: 1.055, data_time: 0.065, memory: 21575, loss_cls: 0.5462, loss_bbox: 0.5530, loss_traj: 1.8386, loss_traj_cls: 0.0003, loss_map_cls: 0.1824, loss_map_pts: 0.7605, loss_map_dir: 0.0049, d0.loss_plan_l1_fix_time: 1.8410, d0.loss_plan_l1_fix_dist: 0.2779, d1.loss_plan_l1_fix_time: 1.6956, d1.loss_plan_l1_fix_dist: 0.2678, d2.loss_plan_l1_fix_time: 1.6909, d2.loss_plan_l1_fix_dist: 0.2722, d3.loss_plan_l1_fix_time: 1.6954, d3.loss_plan_l1_fix_dist: 0.2734, d4.loss_plan_l1_fix_time: 1.7000, d4.loss_plan_l1_fix_dist: 0.2795, d5.loss_plan_l1_fix_time: 1.7052, d5.loss_plan_l1_fix_dist: 0.2871, d6.loss_plan_l1_fix_time: 1.7108, d6.loss_plan_l1_fix_dist: 0.2967, d7.loss_plan_l1_fix_time: 1.7166, d7.loss_plan_l1_fix_dist: 0.3078, d8.loss_plan_l1_fix_time: 1.7225, d8.loss_plan_l1_fix_dist: 0.3199, d0.loss_cls_all: 0.5888, d0.loss_bbox_all: 0.6769, d0.loss_cls: 0.5888, d0.loss_bbox: 0.6769, d1.loss_cls: 0.5518, d1.loss_bbox: 0.6168, d2.loss_cls: 0.5479, d2.loss_bbox: 0.5861, d3.loss_cls: 0.5413, d3.loss_bbox: 0.5783, d4.loss_cls: 0.5404, d4.loss_bbox: 0.5723, d5.loss_cls: 0.5431, d5.loss_bbox: 0.5635, d6.loss_cls: 0.5463, d6.loss_bbox: 0.5547, d7.loss_cls: 0.5451, d7.loss_bbox: 0.5541, d0.loss_traj_cls: 0.0003, d0.loss_traj: 2.0144, d1.loss_traj_cls: 0.0002, d1.loss_traj: 1.8077, d2.loss_traj_cls: 0.0002, d2.loss_traj: 1.7985, d3.loss_traj_cls: 0.0002, d3.loss_traj: 1.8023, d4.loss_traj_cls: 0.0002, d4.loss_traj: 1.8006, d5.loss_traj_cls: 0.0003, d5.loss_traj: 1.8106, d6.loss_traj_cls: 0.0003, d6.loss_traj: 1.8173, d7.loss_traj_cls: 0.0003, d7.loss_traj: 1.8182, d0.loss_map_cls_all: 0.2756, d0.loss_map_pts_all: 1.2057, d0.loss_map_dir_all: 0.0033, d0.loss_map_cls: 0.2756, d0.loss_map_pts: 1.2057, d0.loss_map_dir: 0.0033, d1.loss_map_cls: 0.1999, d1.loss_map_pts: 0.8807, d1.loss_map_dir: 0.0041, d2.loss_map_cls: 0.1786, d2.loss_map_pts: 0.7966, d2.loss_map_dir: 0.0045, d3.loss_map_cls: 0.1762, d3.loss_map_pts: 0.7713, d3.loss_map_dir: 0.0046, d4.loss_map_cls: 0.1771, d4.loss_map_pts: 0.7631, d4.loss_map_dir: 0.0047, d5.loss_map_cls: 0.1788, d5.loss_map_pts: 0.7613, d5.loss_map_dir: 0.0048, d6.loss_map_cls: 0.1815, d6.loss_map_pts: 0.7599, d6.loss_map_dir: 0.0048, d7.loss_map_cls: 0.1817, d7.loss_map_pts: 0.7602, d7.loss_map_dir: 0.0048, loss: 56.7592, grad_norm: 5650.5216
2026-05-25 17:15:29,061 - DriveTransformer - INFO - Iter [10600/12870]	lr: 2.524e-06, eta: 0:39:54, time: 1.067, data_time: 0.064, memory: 21575, loss_cls: 0.5808, loss_bbox: 0.7245, loss_traj: 1.1611, loss_traj_cls: 0.0003, loss_map_cls: 0.0886, loss_map_pts: 0.7134, loss_map_dir: 0.0015, d0.loss_plan_l1_fix_time: 3.4064, d0.loss_plan_l1_fix_dist: 0.4805, d1.loss_plan_l1_fix_time: 3.2981, d1.loss_plan_l1_fix_dist: 0.4788, d2.loss_plan_l1_fix_time: 3.2847, d2.loss_plan_l1_fix_dist: 0.4780, d3.loss_plan_l1_fix_time: 3.2762, d3.loss_plan_l1_fix_dist: 0.4826, d4.loss_plan_l1_fix_time: 3.2733, d4.loss_plan_l1_fix_dist: 0.4882, d5.loss_plan_l1_fix_time: 3.2724, d5.loss_plan_l1_fix_dist: 0.4954, d6.loss_plan_l1_fix_time: 3.2722, d6.loss_plan_l1_fix_dist: 0.5041, d7.loss_plan_l1_fix_time: 3.2729, d7.loss_plan_l1_fix_dist: 0.5150, d8.loss_plan_l1_fix_time: 3.2748, d8.loss_plan_l1_fix_dist: 0.5280, d0.loss_cls_all: 0.6532, d0.loss_bbox_all: 0.8229, d0.loss_cls: 0.6532, d0.loss_bbox: 0.8229, d1.loss_cls: 0.6049, d1.loss_bbox: 0.7837, d2.loss_cls: 0.5865, d2.loss_bbox: 0.7559, d3.loss_cls: 0.5797, d3.loss_bbox: 0.7431, d4.loss_cls: 0.5786, d4.loss_bbox: 0.7375, d5.loss_cls: 0.5783, d5.loss_bbox: 0.7332, d6.loss_cls: 0.5803, d6.loss_bbox: 0.7322, d7.loss_cls: 0.5801, d7.loss_bbox: 0.7290, d0.loss_traj_cls: 0.0003, d0.loss_traj: 1.4435, d1.loss_traj_cls: 0.0003, d1.loss_traj: 1.1727, d2.loss_traj_cls: 0.0003, d2.loss_traj: 1.1493, d3.loss_traj_cls: 0.0003, d3.loss_traj: 1.1282, d4.loss_traj_cls: 0.0003, d4.loss_traj: 1.1434, d5.loss_traj_cls: 0.0003, d5.loss_traj: 1.1523, d6.loss_traj_cls: 0.0003, d6.loss_traj: 1.1687, d7.loss_traj_cls: 0.0003, d7.loss_traj: 1.1602, d0.loss_map_cls_all: 0.1382, d0.loss_map_pts_all: 1.2143, d0.loss_map_dir_all: 0.0015, d0.loss_map_cls: 0.1382, d0.loss_map_pts: 1.2143, d0.loss_map_dir: 0.0015, d1.loss_map_cls: 0.0947, d1.loss_map_pts: 0.8555, d1.loss_map_dir: 0.0015, d2.loss_map_cls: 0.0865, d2.loss_map_pts: 0.7516, d2.loss_map_dir: 0.0014, d3.loss_map_cls: 0.0846, d3.loss_map_pts: 0.7221, d3.loss_map_dir: 0.0014, d4.loss_map_cls: 0.0855, d4.loss_map_pts: 0.7153, d4.loss_map_dir: 0.0015, d5.loss_map_cls: 0.0868, d5.loss_map_pts: 0.7131, d5.loss_map_dir: 0.0015, d6.loss_map_cls: 0.0879, d6.loss_map_pts: 0.7126, d6.loss_map_dir: 0.0015, d7.loss_map_cls: 0.0887, d7.loss_map_pts: 0.7124, d7.loss_map_dir: 0.0015, loss: 67.6427, grad_norm: 2066.5015
2026-05-25 17:16:22,533 - DriveTransformer - INFO - Iter [10650/12870]	lr: 2.429e-06, eta: 0:39:01, time: 1.069, data_time: 0.063, memory: 21575, loss_cls: 0.5675, loss_bbox: 0.6669, loss_traj: 1.0016, loss_traj_cls: 0.0003, loss_map_cls: 0.1138, loss_map_pts: 0.6985, loss_map_dir: 0.0016, d0.loss_plan_l1_fix_time: 1.2178, d0.loss_plan_l1_fix_dist: 0.2735, d1.loss_plan_l1_fix_time: 1.2362, d1.loss_plan_l1_fix_dist: 0.2710, d2.loss_plan_l1_fix_time: 1.2482, d2.loss_plan_l1_fix_dist: 0.2730, d3.loss_plan_l1_fix_time: 1.2554, d3.loss_plan_l1_fix_dist: 0.2776, d4.loss_plan_l1_fix_time: 1.2612, d4.loss_plan_l1_fix_dist: 0.2847, d5.loss_plan_l1_fix_time: 1.2668, d5.loss_plan_l1_fix_dist: 0.2917, d6.loss_plan_l1_fix_time: 1.2729, d6.loss_plan_l1_fix_dist: 0.3003, d7.loss_plan_l1_fix_time: 1.2786, d7.loss_plan_l1_fix_dist: 0.3101, d8.loss_plan_l1_fix_time: 1.2849, d8.loss_plan_l1_fix_dist: 0.3210, d0.loss_cls_all: 0.6225, d0.loss_bbox_all: 0.7343, d0.loss_cls: 0.6225, d0.loss_bbox: 0.7343, d1.loss_cls: 0.5876, d1.loss_bbox: 0.7050, d2.loss_cls: 0.5716, d2.loss_bbox: 0.6950, d3.loss_cls: 0.5583, d3.loss_bbox: 0.6881, d4.loss_cls: 0.5546, d4.loss_bbox: 0.6768, d5.loss_cls: 0.5599, d5.loss_bbox: 0.6692, d6.loss_cls: 0.5631, d6.loss_bbox: 0.6669, d7.loss_cls: 0.5686, d7.loss_bbox: 0.6644, d0.loss_traj_cls: 0.0003, d0.loss_traj: 1.0440, d1.loss_traj_cls: 0.0003, d1.loss_traj: 0.9883, d2.loss_traj_cls: 0.0003, d2.loss_traj: 0.9853, d3.loss_traj_cls: 0.0003, d3.loss_traj: 0.9895, d4.loss_traj_cls: 0.0003, d4.loss_traj: 0.9898, d5.loss_traj_cls: 0.0003, d5.loss_traj: 1.0008, d6.loss_traj_cls: 0.0003, d6.loss_traj: 1.0007, d7.loss_traj_cls: 0.0003, d7.loss_traj: 0.9920, d0.loss_map_cls_all: 0.1819, d0.loss_map_pts_all: 1.1244, d0.loss_map_dir_all: 0.0014, d0.loss_map_cls: 0.1819, d0.loss_map_pts: 1.1244, d0.loss_map_dir: 0.0014, d1.loss_map_cls: 0.1395, d1.loss_map_pts: 0.7709, d1.loss_map_dir: 0.0015, d2.loss_map_cls: 0.1224, d2.loss_map_pts: 0.6865, d2.loss_map_dir: 0.0015, d3.loss_map_cls: 0.1147, d3.loss_map_pts: 0.6806, d3.loss_map_dir: 0.0016, d4.loss_map_cls: 0.1130, d4.loss_map_pts: 0.6843, d4.loss_map_dir: 0.0016, d5.loss_map_cls: 0.1130, d5.loss_map_pts: 0.6886, d5.loss_map_dir: 0.0016, d6.loss_map_cls: 0.1136, d6.loss_map_pts: 0.6912, d6.loss_map_dir: 0.0016, d7.loss_map_cls: 0.1143, d7.loss_map_pts: 0.6943, d7.loss_map_dir: 0.0016, loss: 44.7646, grad_norm: 1664.2938
2026-05-25 17:17:16,061 - DriveTransformer - INFO - Iter [10700/12870]	lr: 2.337e-06, eta: 0:38:08, time: 1.071, data_time: 0.064, memory: 21575, loss_cls: 0.6865, loss_bbox: 0.7210, loss_traj: 2.0678, loss_traj_cls: 0.0003, loss_map_cls: 0.1061, loss_map_pts: 0.9356, loss_map_dir: 0.0030, d0.loss_plan_l1_fix_time: 1.9693, d0.loss_plan_l1_fix_dist: 0.2628, d1.loss_plan_l1_fix_time: 1.7640, d1.loss_plan_l1_fix_dist: 0.2583, d2.loss_plan_l1_fix_time: 1.7543, d2.loss_plan_l1_fix_dist: 0.2602, d3.loss_plan_l1_fix_time: 1.7583, d3.loss_plan_l1_fix_dist: 0.2651, d4.loss_plan_l1_fix_time: 1.7624, d4.loss_plan_l1_fix_dist: 0.2716, d5.loss_plan_l1_fix_time: 1.7664, d5.loss_plan_l1_fix_dist: 0.2785, d6.loss_plan_l1_fix_time: 1.7705, d6.loss_plan_l1_fix_dist: 0.2859, d7.loss_plan_l1_fix_time: 1.7749, d7.loss_plan_l1_fix_dist: 0.2943, d8.loss_plan_l1_fix_time: 1.7794, d8.loss_plan_l1_fix_dist: 0.3035, d0.loss_cls_all: 0.7405, d0.loss_bbox_all: 0.7733, d0.loss_cls: 0.7405, d0.loss_bbox: 0.7733, d1.loss_cls: 0.6959, d1.loss_bbox: 0.7529, d2.loss_cls: 0.6866, d2.loss_bbox: 0.7373, d3.loss_cls: 0.6887, d3.loss_bbox: 0.7273, d4.loss_cls: 0.6890, d4.loss_bbox: 0.7243, d5.loss_cls: 0.6863, d5.loss_bbox: 0.7218, d6.loss_cls: 0.6859, d6.loss_bbox: 0.7194, d7.loss_cls: 0.6838, d7.loss_bbox: 0.7224, d0.loss_traj_cls: 0.0004, d0.loss_traj: 2.1262, d1.loss_traj_cls: 0.0003, d1.loss_traj: 2.0202, d2.loss_traj_cls: 0.0003, d2.loss_traj: 1.9886, d3.loss_traj_cls: 0.0003, d3.loss_traj: 1.9915, d4.loss_traj_cls: 0.0003, d4.loss_traj: 1.9898, d5.loss_traj_cls: 0.0003, d5.loss_traj: 2.0106, d6.loss_traj_cls: 0.0003, d6.loss_traj: 2.0239, d7.loss_traj_cls: 0.0003, d7.loss_traj: 2.0456, d0.loss_map_cls_all: 0.2070, d0.loss_map_pts_all: 1.3687, d0.loss_map_dir_all: 0.0027, d0.loss_map_cls: 0.2070, d0.loss_map_pts: 1.3687, d0.loss_map_dir: 0.0027, d1.loss_map_cls: 0.1318, d1.loss_map_pts: 1.0715, d1.loss_map_dir: 0.0029, d2.loss_map_cls: 0.1081, d2.loss_map_pts: 0.9810, d2.loss_map_dir: 0.0029, d3.loss_map_cls: 0.1059, d3.loss_map_pts: 0.9513, d3.loss_map_dir: 0.0029, d4.loss_map_cls: 0.1054, d4.loss_map_pts: 0.9423, d4.loss_map_dir: 0.0029, d5.loss_map_cls: 0.1064, d5.loss_map_pts: 0.9372, d5.loss_map_dir: 0.0029, d6.loss_map_cls: 0.1064, d6.loss_map_pts: 0.9361, d6.loss_map_dir: 0.0029, d7.loss_map_cls: 0.1062, d7.loss_map_pts: 0.9354, d7.loss_map_dir: 0.0029, loss: 62.9505, grad_norm: 2550.8787
2026-05-25 17:17:42,859 - DriveTransformer - INFO - Saving checkpoint at 10725 iterations
2026-05-25 17:18:21,150 - DriveTransformer - INFO - Iter [10750/12870]	lr: 2.246e-06, eta: 0:37:18, time: 1.302, data_time: 0.063, memory: 21575, loss_cls: 0.6904, loss_bbox: 0.6527, loss_traj: 1.3185, loss_traj_cls: 0.0003, loss_map_cls: 0.2620, loss_map_pts: 1.6611, loss_map_dir: 0.0150, d0.loss_plan_l1_fix_time: 3.0492, d0.loss_plan_l1_fix_dist: 0.3403, d1.loss_plan_l1_fix_time: 2.9681, d1.loss_plan_l1_fix_dist: 0.3364, d2.loss_plan_l1_fix_time: 2.9562, d2.loss_plan_l1_fix_dist: 0.3448, d3.loss_plan_l1_fix_time: 2.9547, d3.loss_plan_l1_fix_dist: 0.3538, d4.loss_plan_l1_fix_time: 2.9576, d4.loss_plan_l1_fix_dist: 0.3656, d5.loss_plan_l1_fix_time: 2.9613, d5.loss_plan_l1_fix_dist: 0.3800, d6.loss_plan_l1_fix_time: 2.9654, d6.loss_plan_l1_fix_dist: 0.3961, d7.loss_plan_l1_fix_time: 2.9697, d7.loss_plan_l1_fix_dist: 0.4146, d8.loss_plan_l1_fix_time: 2.9740, d8.loss_plan_l1_fix_dist: 0.4343, d0.loss_cls_all: 0.7531, d0.loss_bbox_all: 0.6834, d0.loss_cls: 0.7531, d0.loss_bbox: 0.6834, d1.loss_cls: 0.7195, d1.loss_bbox: 0.6663, d2.loss_cls: 0.7113, d2.loss_bbox: 0.6638, d3.loss_cls: 0.7042, d3.loss_bbox: 0.6594, d4.loss_cls: 0.7010, d4.loss_bbox: 0.6560, d5.loss_cls: 0.6976, d5.loss_bbox: 0.6543, d6.loss_cls: 0.6939, d6.loss_bbox: 0.6519, d7.loss_cls: 0.6902, d7.loss_bbox: 0.6538, d0.loss_traj_cls: 0.0003, d0.loss_traj: 1.4926, d1.loss_traj_cls: 0.0003, d1.loss_traj: 1.3209, d2.loss_traj_cls: 0.0003, d2.loss_traj: 1.2787, d3.loss_traj_cls: 0.0003, d3.loss_traj: 1.2852, d4.loss_traj_cls: 0.0003, d4.loss_traj: 1.2864, d5.loss_traj_cls: 0.0003, d5.loss_traj: 1.2949, d6.loss_traj_cls: 0.0003, d6.loss_traj: 1.2971, d7.loss_traj_cls: 0.0003, d7.loss_traj: 1.3080, d0.loss_map_cls_all: 0.3527, d0.loss_map_pts_all: 2.1608, d0.loss_map_dir_all: 0.0145, d0.loss_map_cls: 0.3527, d0.loss_map_pts: 2.1608, d0.loss_map_dir: 0.0145, d1.loss_map_cls: 0.2798, d1.loss_map_pts: 1.9160, d1.loss_map_dir: 0.0145, d2.loss_map_cls: 0.2529, d2.loss_map_pts: 1.7796, d2.loss_map_dir: 0.0147, d3.loss_map_cls: 0.2502, d3.loss_map_pts: 1.7028, d3.loss_map_dir: 0.0147, d4.loss_map_cls: 0.2551, d4.loss_map_pts: 1.6816, d4.loss_map_dir: 0.0148, d5.loss_map_cls: 0.2585, d5.loss_map_pts: 1.6706, d5.loss_map_dir: 0.0148, d6.loss_map_cls: 0.2608, d6.loss_map_pts: 1.6646, d6.loss_map_dir: 0.0149, d7.loss_map_cls: 0.2615, d7.loss_map_pts: 1.6615, d7.loss_map_dir: 0.0149, loss: 76.7389, grad_norm: 3680.1811
2026-05-25 17:19:16,893 - DriveTransformer - INFO - Iter [10800/12870]	lr: 2.158e-06, eta: 0:36:26, time: 1.115, data_time: 0.065, memory: 21575, loss_cls: 0.6540, loss_bbox: 0.5403, loss_traj: 1.8034, loss_traj_cls: 0.0003, loss_map_cls: 0.1826, loss_map_pts: 1.1099, loss_map_dir: 0.0182, d0.loss_plan_l1_fix_time: 1.7797, d0.loss_plan_l1_fix_dist: 0.2140, d1.loss_plan_l1_fix_time: 1.5382, d1.loss_plan_l1_fix_dist: 0.2122, d2.loss_plan_l1_fix_time: 1.5278, d2.loss_plan_l1_fix_dist: 0.2162, d3.loss_plan_l1_fix_time: 1.5285, d3.loss_plan_l1_fix_dist: 0.2239, d4.loss_plan_l1_fix_time: 1.5307, d4.loss_plan_l1_fix_dist: 0.2338, d5.loss_plan_l1_fix_time: 1.5341, d5.loss_plan_l1_fix_dist: 0.2428, d6.loss_plan_l1_fix_time: 1.5377, d6.loss_plan_l1_fix_dist: 0.2527, d7.loss_plan_l1_fix_time: 1.5413, d7.loss_plan_l1_fix_dist: 0.2631, d8.loss_plan_l1_fix_time: 1.5454, d8.loss_plan_l1_fix_dist: 0.2733, d0.loss_cls_all: 0.6774, d0.loss_bbox_all: 0.6353, d0.loss_cls: 0.6774, d0.loss_bbox: 0.6353, d1.loss_cls: 0.6536, d1.loss_bbox: 0.5847, d2.loss_cls: 0.6497, d2.loss_bbox: 0.5627, d3.loss_cls: 0.6487, d3.loss_bbox: 0.5582, d4.loss_cls: 0.6493, d4.loss_bbox: 0.5499, d5.loss_cls: 0.6511, d5.loss_bbox: 0.5443, d6.loss_cls: 0.6523, d6.loss_bbox: 0.5427, d7.loss_cls: 0.6524, d7.loss_bbox: 0.5418, d0.loss_traj_cls: 0.0003, d0.loss_traj: 1.8316, d1.loss_traj_cls: 0.0003, d1.loss_traj: 1.7581, d2.loss_traj_cls: 0.0003, d2.loss_traj: 1.7826, d3.loss_traj_cls: 0.0003, d3.loss_traj: 1.7955, d4.loss_traj_cls: 0.0003, d4.loss_traj: 1.8064, d5.loss_traj_cls: 0.0003, d5.loss_traj: 1.8039, d6.loss_traj_cls: 0.0003, d6.loss_traj: 1.8075, d7.loss_traj_cls: 0.0003, d7.loss_traj: 1.8083, d0.loss_map_cls_all: 0.2470, d0.loss_map_pts_all: 1.8364, d0.loss_map_dir_all: 0.0176, d0.loss_map_cls: 0.2470, d0.loss_map_pts: 1.8364, d0.loss_map_dir: 0.0176, d1.loss_map_cls: 0.1992, d1.loss_map_pts: 1.2180, d1.loss_map_dir: 0.0178, d2.loss_map_cls: 0.1838, d2.loss_map_pts: 1.1160, d2.loss_map_dir: 0.0180, d3.loss_map_cls: 0.1800, d3.loss_map_pts: 1.0957, d3.loss_map_dir: 0.0181, d4.loss_map_cls: 0.1753, d4.loss_map_pts: 1.0977, d4.loss_map_dir: 0.0182, d5.loss_map_cls: 0.1780, d5.loss_map_pts: 1.1009, d5.loss_map_dir: 0.0182, d6.loss_map_cls: 0.1802, d6.loss_map_pts: 1.1034, d6.loss_map_dir: 0.0182, d7.loss_map_cls: 0.1828, d7.loss_map_pts: 1.1068, d7.loss_map_dir: 0.0182, loss: 59.4131, grad_norm: 4332.7193
2026-05-25 17:20:09,174 - DriveTransformer - INFO - Iter [10850/12870]	lr: 2.071e-06, eta: 0:35:33, time: 1.046, data_time: 0.062, memory: 21575, loss_cls: 0.6100, loss_bbox: 0.5804, loss_traj: 0.9396, loss_traj_cls: 0.0003, loss_map_cls: 0.2905, loss_map_pts: 1.2201, loss_map_dir: 0.0154, d0.loss_plan_l1_fix_time: 3.2699, d0.loss_plan_l1_fix_dist: 0.3299, d1.loss_plan_l1_fix_time: 3.0793, d1.loss_plan_l1_fix_dist: 0.3338, d2.loss_plan_l1_fix_time: 3.0514, d2.loss_plan_l1_fix_dist: 0.3350, d3.loss_plan_l1_fix_time: 3.0451, d3.loss_plan_l1_fix_dist: 0.3387, d4.loss_plan_l1_fix_time: 3.0455, d4.loss_plan_l1_fix_dist: 0.3442, d5.loss_plan_l1_fix_time: 3.0471, d5.loss_plan_l1_fix_dist: 0.3496, d6.loss_plan_l1_fix_time: 3.0497, d6.loss_plan_l1_fix_dist: 0.3569, d7.loss_plan_l1_fix_time: 3.0530, d7.loss_plan_l1_fix_dist: 0.3638, d8.loss_plan_l1_fix_time: 3.0566, d8.loss_plan_l1_fix_dist: 0.3718, d0.loss_cls_all: 0.6331, d0.loss_bbox_all: 0.6516, d0.loss_cls: 0.6331, d0.loss_bbox: 0.6516, d1.loss_cls: 0.6140, d1.loss_bbox: 0.6147, d2.loss_cls: 0.6117, d2.loss_bbox: 0.5932, d3.loss_cls: 0.6102, d3.loss_bbox: 0.5886, d4.loss_cls: 0.6109, d4.loss_bbox: 0.5879, d5.loss_cls: 0.6125, d5.loss_bbox: 0.5836, d6.loss_cls: 0.6113, d6.loss_bbox: 0.5841, d7.loss_cls: 0.6100, d7.loss_bbox: 0.5826, d0.loss_traj_cls: 0.0003, d0.loss_traj: 0.9279, d1.loss_traj_cls: 0.0003, d1.loss_traj: 0.9058, d2.loss_traj_cls: 0.0003, d2.loss_traj: 0.9192, d3.loss_traj_cls: 0.0003, d3.loss_traj: 0.9229, d4.loss_traj_cls: 0.0003, d4.loss_traj: 0.9313, d5.loss_traj_cls: 0.0003, d5.loss_traj: 0.9287, d6.loss_traj_cls: 0.0003, d6.loss_traj: 0.9353, d7.loss_traj_cls: 0.0003, d7.loss_traj: 0.9335, d0.loss_map_cls_all: 0.2752, d0.loss_map_pts_all: 2.0780, d0.loss_map_dir_all: 0.0141, d0.loss_map_cls: 0.2752, d0.loss_map_pts: 2.0780, d0.loss_map_dir: 0.0141, d1.loss_map_cls: 0.2852, d1.loss_map_pts: 1.4717, d1.loss_map_dir: 0.0143, d2.loss_map_cls: 0.2810, d2.loss_map_pts: 1.2620, d2.loss_map_dir: 0.0147, d3.loss_map_cls: 0.2894, d3.loss_map_pts: 1.2268, d3.loss_map_dir: 0.0149, d4.loss_map_cls: 0.2884, d4.loss_map_pts: 1.2210, d4.loss_map_dir: 0.0151, d5.loss_map_cls: 0.2924, d5.loss_map_pts: 1.2195, d5.loss_map_dir: 0.0151, d6.loss_map_cls: 0.2926, d6.loss_map_pts: 1.2189, d6.loss_map_dir: 0.0152, d7.loss_map_cls: 0.2918, d7.loss_map_pts: 1.2202, d7.loss_map_dir: 0.0153, loss: 68.5690, grad_norm: 5160.6521
2026-05-25 17:21:01,942 - DriveTransformer - INFO - Iter [10900/12870]	lr: 1.986e-06, eta: 0:34:40, time: 1.055, data_time: 0.066, memory: 21575, loss_cls: 0.6329, loss_bbox: 0.5960, loss_traj: 1.5451, loss_traj_cls: 0.0003, loss_map_cls: 0.2097, loss_map_pts: 1.2449, loss_map_dir: 0.0166, d0.loss_plan_l1_fix_time: 2.4255, d0.loss_plan_l1_fix_dist: 0.2116, d1.loss_plan_l1_fix_time: 2.3368, d1.loss_plan_l1_fix_dist: 0.2063, d2.loss_plan_l1_fix_time: 2.3267, d2.loss_plan_l1_fix_dist: 0.2102, d3.loss_plan_l1_fix_time: 2.3298, d3.loss_plan_l1_fix_dist: 0.2163, d4.loss_plan_l1_fix_time: 2.3335, d4.loss_plan_l1_fix_dist: 0.2239, d5.loss_plan_l1_fix_time: 2.3380, d5.loss_plan_l1_fix_dist: 0.2322, d6.loss_plan_l1_fix_time: 2.3425, d6.loss_plan_l1_fix_dist: 0.2417, d7.loss_plan_l1_fix_time: 2.3471, d7.loss_plan_l1_fix_dist: 0.2519, d8.loss_plan_l1_fix_time: 2.3522, d8.loss_plan_l1_fix_dist: 0.2625, d0.loss_cls_all: 0.6560, d0.loss_bbox_all: 0.6520, d0.loss_cls: 0.6560, d0.loss_bbox: 0.6520, d1.loss_cls: 0.6375, d1.loss_bbox: 0.6250, d2.loss_cls: 0.6291, d2.loss_bbox: 0.6077, d3.loss_cls: 0.6290, d3.loss_bbox: 0.5984, d4.loss_cls: 0.6303, d4.loss_bbox: 0.5923, d5.loss_cls: 0.6313, d5.loss_bbox: 0.5927, d6.loss_cls: 0.6334, d6.loss_bbox: 0.5926, d7.loss_cls: 0.6323, d7.loss_bbox: 0.5935, d0.loss_traj_cls: 0.0003, d0.loss_traj: 1.4419, d1.loss_traj_cls: 0.0003, d1.loss_traj: 1.4623, d2.loss_traj_cls: 0.0003, d2.loss_traj: 1.4764, d3.loss_traj_cls: 0.0003, d3.loss_traj: 1.4954, d4.loss_traj_cls: 0.0003, d4.loss_traj: 1.5048, d5.loss_traj_cls: 0.0003, d5.loss_traj: 1.5140, d6.loss_traj_cls: 0.0003, d6.loss_traj: 1.5298, d7.loss_traj_cls: 0.0003, d7.loss_traj: 1.5423, d0.loss_map_cls_all: 0.2980, d0.loss_map_pts_all: 2.0458, d0.loss_map_dir_all: 0.0167, d0.loss_map_cls: 0.2980, d0.loss_map_pts: 2.0458, d0.loss_map_dir: 0.0167, d1.loss_map_cls: 0.2309, d1.loss_map_pts: 1.5582, d1.loss_map_dir: 0.0161, d2.loss_map_cls: 0.2110, d2.loss_map_pts: 1.3543, d2.loss_map_dir: 0.0162, d3.loss_map_cls: 0.2088, d3.loss_map_pts: 1.2742, d3.loss_map_dir: 0.0163, d4.loss_map_cls: 0.2061, d4.loss_map_pts: 1.2589, d4.loss_map_dir: 0.0163, d5.loss_map_cls: 0.2091, d5.loss_map_pts: 1.2501, d5.loss_map_dir: 0.0165, d6.loss_map_cls: 0.2103, d6.loss_map_pts: 1.2460, d6.loss_map_dir: 0.0165, d7.loss_map_cls: 0.2099, d7.loss_map_pts: 1.2451, d7.loss_map_dir: 0.0165, loss: 66.1528, grad_norm: 4244.9966
2026-05-25 17:21:56,500 - DriveTransformer - INFO - Iter [10950/12870]	lr: 1.903e-06, eta: 0:33:48, time: 1.091, data_time: 0.065, memory: 21575, loss_cls: 0.7089, loss_bbox: 0.5965, loss_traj: 0.8005, loss_traj_cls: 0.0003, loss_map_cls: 0.2120, loss_map_pts: 1.4395, loss_map_dir: 0.0213, d0.loss_plan_l1_fix_time: 2.2223, d0.loss_plan_l1_fix_dist: 0.2223, d1.loss_plan_l1_fix_time: 1.9802, d1.loss_plan_l1_fix_dist: 0.2277, d2.loss_plan_l1_fix_time: 1.9837, d2.loss_plan_l1_fix_dist: 0.2356, d3.loss_plan_l1_fix_time: 1.9842, d3.loss_plan_l1_fix_dist: 0.2433, d4.loss_plan_l1_fix_time: 1.9868, d4.loss_plan_l1_fix_dist: 0.2512, d5.loss_plan_l1_fix_time: 1.9900, d5.loss_plan_l1_fix_dist: 0.2585, d6.loss_plan_l1_fix_time: 1.9926, d6.loss_plan_l1_fix_dist: 0.2664, d7.loss_plan_l1_fix_time: 1.9955, d7.loss_plan_l1_fix_dist: 0.2752, d8.loss_plan_l1_fix_time: 1.9987, d8.loss_plan_l1_fix_dist: 0.2840, d0.loss_cls_all: 0.7355, d0.loss_bbox_all: 0.6734, d0.loss_cls: 0.7355, d0.loss_bbox: 0.6734, d1.loss_cls: 0.7173, d1.loss_bbox: 0.6381, d2.loss_cls: 0.7156, d2.loss_bbox: 0.6166, d3.loss_cls: 0.7127, d3.loss_bbox: 0.6077, d4.loss_cls: 0.7094, d4.loss_bbox: 0.5985, d5.loss_cls: 0.7090, d5.loss_bbox: 0.5956, d6.loss_cls: 0.7069, d6.loss_bbox: 0.5958, d7.loss_cls: 0.7082, d7.loss_bbox: 0.5966, d0.loss_traj_cls: 0.0003, d0.loss_traj: 0.9413, d1.loss_traj_cls: 0.0003, d1.loss_traj: 0.8152, d2.loss_traj_cls: 0.0003, d2.loss_traj: 0.7793, d3.loss_traj_cls: 0.0003, d3.loss_traj: 0.7772, d4.loss_traj_cls: 0.0003, d4.loss_traj: 0.7750, d5.loss_traj_cls: 0.0003, d5.loss_traj: 0.7824, d6.loss_traj_cls: 0.0003, d6.loss_traj: 0.7899, d7.loss_traj_cls: 0.0003, d7.loss_traj: 0.8002, d0.loss_map_cls_all: 0.2743, d0.loss_map_pts_all: 2.3618, d0.loss_map_dir_all: 0.0204, d0.loss_map_cls: 0.2743, d0.loss_map_pts: 2.3618, d0.loss_map_dir: 0.0204, d1.loss_map_cls: 0.2265, d1.loss_map_pts: 1.6093, d1.loss_map_dir: 0.0203, d2.loss_map_cls: 0.2021, d2.loss_map_pts: 1.4739, d2.loss_map_dir: 0.0207, d3.loss_map_cls: 0.2070, d3.loss_map_pts: 1.4376, d3.loss_map_dir: 0.0210, d4.loss_map_cls: 0.2048, d4.loss_map_pts: 1.4400, d4.loss_map_dir: 0.0211, d5.loss_map_cls: 0.2088, d5.loss_map_pts: 1.4389, d5.loss_map_dir: 0.0212, d6.loss_map_cls: 0.2105, d6.loss_map_pts: 1.4391, d6.loss_map_dir: 0.0212, d7.loss_map_cls: 0.2122, d7.loss_map_pts: 1.4382, d7.loss_map_dir: 0.0212, loss: 59.8943, grad_norm: 3743.4915
2026-05-25 17:22:46,795 - DriveTransformer - INFO - Exp name: drivetransformer_large_single_gpu_24g_30epoch.py
2026-05-25 17:22:46,795 - DriveTransformer - INFO - Iter [11000/12870]	lr: 1.822e-06, eta: 0:32:54, time: 1.006, data_time: 0.066, memory: 21577, loss_cls: 0.6595, loss_bbox: 0.5025, loss_traj: 1.7791, loss_traj_cls: 0.0002, loss_map_cls: 0.1758, loss_map_pts: 0.7561, loss_map_dir: 0.0084, d0.loss_plan_l1_fix_time: 1.7342, d0.loss_plan_l1_fix_dist: 0.1125, d1.loss_plan_l1_fix_time: 1.4713, d1.loss_plan_l1_fix_dist: 0.1109, d2.loss_plan_l1_fix_time: 1.4435, d2.loss_plan_l1_fix_dist: 0.1133, d3.loss_plan_l1_fix_time: 1.4403, d3.loss_plan_l1_fix_dist: 0.1176, d4.loss_plan_l1_fix_time: 1.4414, d4.loss_plan_l1_fix_dist: 0.1245, d5.loss_plan_l1_fix_time: 1.4439, d5.loss_plan_l1_fix_dist: 0.1310, d6.loss_plan_l1_fix_time: 1.4471, d6.loss_plan_l1_fix_dist: 0.1391, d7.loss_plan_l1_fix_time: 1.4504, d7.loss_plan_l1_fix_dist: 0.1472, d8.loss_plan_l1_fix_time: 1.4538, d8.loss_plan_l1_fix_dist: 0.1563, d0.loss_cls_all: 0.6708, d0.loss_bbox_all: 0.6936, d0.loss_cls: 0.6708, d0.loss_bbox: 0.6936, d1.loss_cls: 0.6434, d1.loss_bbox: 0.5998, d2.loss_cls: 0.6458, d2.loss_bbox: 0.5580, d3.loss_cls: 0.6508, d3.loss_bbox: 0.5389, d4.loss_cls: 0.6547, d4.loss_bbox: 0.5265, d5.loss_cls: 0.6584, d5.loss_bbox: 0.5123, d6.loss_cls: 0.6590, d6.loss_bbox: 0.5061, d7.loss_cls: 0.6591, d7.loss_bbox: 0.5022, d0.loss_traj_cls: 0.0002, d0.loss_traj: 2.3162, d1.loss_traj_cls: 0.0002, d1.loss_traj: 1.9125, d2.loss_traj_cls: 0.0002, d2.loss_traj: 1.8133, d3.loss_traj_cls: 0.0002, d3.loss_traj: 1.7919, d4.loss_traj_cls: 0.0002, d4.loss_traj: 1.7813, d5.loss_traj_cls: 0.0002, d5.loss_traj: 1.7696, d6.loss_traj_cls: 0.0002, d6.loss_traj: 1.7721, d7.loss_traj_cls: 0.0002, d7.loss_traj: 1.7707, d0.loss_map_cls_all: 0.2301, d0.loss_map_pts_all: 1.3255, d0.loss_map_dir_all: 0.0076, d0.loss_map_cls: 0.2301, d0.loss_map_pts: 1.3255, d0.loss_map_dir: 0.0076, d1.loss_map_cls: 0.1882, d1.loss_map_pts: 0.9491, d1.loss_map_dir: 0.0074, d2.loss_map_cls: 0.1778, d2.loss_map_pts: 0.8002, d2.loss_map_dir: 0.0079, d3.loss_map_cls: 0.1763, d3.loss_map_pts: 0.7685, d3.loss_map_dir: 0.0081, d4.loss_map_cls: 0.1745, d4.loss_map_pts: 0.7598, d4.loss_map_dir: 0.0082, d5.loss_map_cls: 0.1768, d5.loss_map_pts: 0.7567, d5.loss_map_dir: 0.0083, d6.loss_map_cls: 0.1766, d6.loss_map_pts: 0.7560, d6.loss_map_dir: 0.0083, d7.loss_map_cls: 0.1765, d7.loss_map_pts: 0.7568, d7.loss_map_dir: 0.0084, loss: 54.3100, grad_norm: 6103.6219
2026-05-25 17:23:35,544 - DriveTransformer - INFO - Iter [11050/12870]	lr: 1.743e-06, eta: 0:32:01, time: 0.975, data_time: 0.066, memory: 21577, loss_cls: 0.5744, loss_bbox: 0.5623, loss_traj: 1.5347, loss_traj_cls: 0.0003, loss_map_cls: 0.0750, loss_map_pts: 0.4389, loss_map_dir: 0.0008, d0.loss_plan_l1_fix_time: 3.9827, d0.loss_plan_l1_fix_dist: 0.3035, d1.loss_plan_l1_fix_time: 3.8801, d1.loss_plan_l1_fix_dist: 0.2915, d2.loss_plan_l1_fix_time: 3.8751, d2.loss_plan_l1_fix_dist: 0.2874, d3.loss_plan_l1_fix_time: 3.8780, d3.loss_plan_l1_fix_dist: 0.2865, d4.loss_plan_l1_fix_time: 3.8807, d4.loss_plan_l1_fix_dist: 0.2892, d5.loss_plan_l1_fix_time: 3.8833, d5.loss_plan_l1_fix_dist: 0.2936, d6.loss_plan_l1_fix_time: 3.8869, d6.loss_plan_l1_fix_dist: 0.2988, d7.loss_plan_l1_fix_time: 3.8909, d7.loss_plan_l1_fix_dist: 0.3043, d8.loss_plan_l1_fix_time: 3.8952, d8.loss_plan_l1_fix_dist: 0.3112, d0.loss_cls_all: 0.5751, d0.loss_bbox_all: 0.6942, d0.loss_cls: 0.5751, d0.loss_bbox: 0.6942, d1.loss_cls: 0.5614, d1.loss_bbox: 0.6310, d2.loss_cls: 0.5602, d2.loss_bbox: 0.5975, d3.loss_cls: 0.5655, d3.loss_bbox: 0.5734, d4.loss_cls: 0.5682, d4.loss_bbox: 0.5685, d5.loss_cls: 0.5702, d5.loss_bbox: 0.5671, d6.loss_cls: 0.5709, d6.loss_bbox: 0.5657, d7.loss_cls: 0.5706, d7.loss_bbox: 0.5658, d0.loss_traj_cls: 0.0002, d0.loss_traj: 1.8420, d1.loss_traj_cls: 0.0002, d1.loss_traj: 1.6147, d2.loss_traj_cls: 0.0002, d2.loss_traj: 1.5461, d3.loss_traj_cls: 0.0002, d3.loss_traj: 1.5096, d4.loss_traj_cls: 0.0002, d4.loss_traj: 1.5165, d5.loss_traj_cls: 0.0002, d5.loss_traj: 1.5287, d6.loss_traj_cls: 0.0003, d6.loss_traj: 1.5390, d7.loss_traj_cls: 0.0003, d7.loss_traj: 1.5300, d0.loss_map_cls_all: 0.1645, d0.loss_map_pts_all: 0.7520, d0.loss_map_dir_all: 0.0008, d0.loss_map_cls: 0.1645, d0.loss_map_pts: 0.7520, d0.loss_map_dir: 0.0008, d1.loss_map_cls: 0.1006, d1.loss_map_pts: 0.4926, d1.loss_map_dir: 0.0007, d2.loss_map_cls: 0.0776, d2.loss_map_pts: 0.4365, d2.loss_map_dir: 0.0007, d3.loss_map_cls: 0.0716, d3.loss_map_pts: 0.4275, d3.loss_map_dir: 0.0007, d4.loss_map_cls: 0.0737, d4.loss_map_pts: 0.4262, d4.loss_map_dir: 0.0007, d5.loss_map_cls: 0.0736, d5.loss_map_pts: 0.4292, d5.loss_map_dir: 0.0007, d6.loss_map_cls: 0.0738, d6.loss_map_pts: 0.4317, d6.loss_map_dir: 0.0007, d7.loss_map_cls: 0.0746, d7.loss_map_pts: 0.4357, d7.loss_map_dir: 0.0007, loss: 69.5729, grad_norm: 310.1899
2026-05-25 17:24:25,273 - DriveTransformer - INFO - Iter [11100/12870]	lr: 1.666e-06, eta: 0:31:08, time: 0.995, data_time: 0.070, memory: 21577, loss_cls: 0.6616, loss_bbox: 0.5947, loss_traj: 2.1561, loss_traj_cls: 0.0003, loss_map_cls: 0.1433, loss_map_pts: 1.0891, loss_map_dir: 0.0016, d0.loss_plan_l1_fix_time: 2.1928, d0.loss_plan_l1_fix_dist: 0.2848, d1.loss_plan_l1_fix_time: 1.9898, d1.loss_plan_l1_fix_dist: 0.2779, d2.loss_plan_l1_fix_time: 1.9995, d2.loss_plan_l1_fix_dist: 0.2786, d3.loss_plan_l1_fix_time: 2.0101, d3.loss_plan_l1_fix_dist: 0.2828, d4.loss_plan_l1_fix_time: 2.0165, d4.loss_plan_l1_fix_dist: 0.2871, d5.loss_plan_l1_fix_time: 2.0215, d5.loss_plan_l1_fix_dist: 0.2917, d6.loss_plan_l1_fix_time: 2.0267, d6.loss_plan_l1_fix_dist: 0.2972, d7.loss_plan_l1_fix_time: 2.0316, d7.loss_plan_l1_fix_dist: 0.3031, d8.loss_plan_l1_fix_time: 2.0364, d8.loss_plan_l1_fix_dist: 0.3096, d0.loss_cls_all: 0.6655, d0.loss_bbox_all: 0.6987, d0.loss_cls: 0.6655, d0.loss_bbox: 0.6987, d1.loss_cls: 0.6506, d1.loss_bbox: 0.6480, d2.loss_cls: 0.6546, d2.loss_bbox: 0.6175, d3.loss_cls: 0.6556, d3.loss_bbox: 0.6079, d4.loss_cls: 0.6560, d4.loss_bbox: 0.6016, d5.loss_cls: 0.6562, d5.loss_bbox: 0.5995, d6.loss_cls: 0.6582, d6.loss_bbox: 0.5967, d7.loss_cls: 0.6592, d7.loss_bbox: 0.5972, d0.loss_traj_cls: 0.0003, d0.loss_traj: 2.7933, d1.loss_traj_cls: 0.0003, d1.loss_traj: 2.2691, d2.loss_traj_cls: 0.0003, d2.loss_traj: 2.1819, d3.loss_traj_cls: 0.0003, d3.loss_traj: 2.1806, d4.loss_traj_cls: 0.0003, d4.loss_traj: 2.1786, d5.loss_traj_cls: 0.0003, d5.loss_traj: 2.1646, d6.loss_traj_cls: 0.0003, d6.loss_traj: 2.1769, d7.loss_traj_cls: 0.0003, d7.loss_traj: 2.1610, d0.loss_map_cls_all: 0.2829, d0.loss_map_pts_all: 1.2487, d0.loss_map_dir_all: 0.0017, d0.loss_map_cls: 0.2829, d0.loss_map_pts: 1.2487, d0.loss_map_dir: 0.0017, d1.loss_map_cls: 0.2110, d1.loss_map_pts: 1.1776, d1.loss_map_dir: 0.0016, d2.loss_map_cls: 0.1683, d2.loss_map_pts: 1.1204, d2.loss_map_dir: 0.0016, d3.loss_map_cls: 0.1463, d3.loss_map_pts: 1.1030, d3.loss_map_dir: 0.0016, d4.loss_map_cls: 0.1417, d4.loss_map_pts: 1.0990, d4.loss_map_dir: 0.0016, d5.loss_map_cls: 0.1432, d5.loss_map_pts: 1.0931, d5.loss_map_dir: 0.0016, d6.loss_map_cls: 0.1418, d6.loss_map_pts: 1.0916, d6.loss_map_dir: 0.0016, d7.loss_map_cls: 0.1440, d7.loss_map_pts: 1.0896, d7.loss_map_dir: 0.0016, loss: 67.2284, grad_norm: 1593.9498
2026-05-25 17:25:15,344 - DriveTransformer - INFO - Iter [11150/12870]	lr: 1.591e-06, eta: 0:30:14, time: 1.001, data_time: 0.070, memory: 21577, loss_cls: 0.6357, loss_bbox: 0.5211, loss_traj: 1.4327, loss_traj_cls: 0.0003, loss_map_cls: 0.0573, loss_map_pts: 0.5690, loss_map_dir: 0.0009, d0.loss_plan_l1_fix_time: 2.9995, d0.loss_plan_l1_fix_dist: 0.2317, d1.loss_plan_l1_fix_time: 2.2130, d1.loss_plan_l1_fix_dist: 0.2194, d2.loss_plan_l1_fix_time: 2.1424, d2.loss_plan_l1_fix_dist: 0.2219, d3.loss_plan_l1_fix_time: 2.1267, d3.loss_plan_l1_fix_dist: 0.2230, d4.loss_plan_l1_fix_time: 2.1235, d4.loss_plan_l1_fix_dist: 0.2248, d5.loss_plan_l1_fix_time: 2.1245, d5.loss_plan_l1_fix_dist: 0.2271, d6.loss_plan_l1_fix_time: 2.1265, d6.loss_plan_l1_fix_dist: 0.2297, d7.loss_plan_l1_fix_time: 2.1296, d7.loss_plan_l1_fix_dist: 0.2339, d8.loss_plan_l1_fix_time: 2.1333, d8.loss_plan_l1_fix_dist: 0.2385, d0.loss_cls_all: 0.6348, d0.loss_bbox_all: 0.6148, d0.loss_cls: 0.6348, d0.loss_bbox: 0.6148, d1.loss_cls: 0.6287, d1.loss_bbox: 0.5790, d2.loss_cls: 0.6310, d2.loss_bbox: 0.5431, d3.loss_cls: 0.6288, d3.loss_bbox: 0.5350, d4.loss_cls: 0.6301, d4.loss_bbox: 0.5282, d5.loss_cls: 0.6319, d5.loss_bbox: 0.5262, d6.loss_cls: 0.6315, d6.loss_bbox: 0.5244, d7.loss_cls: 0.6333, d7.loss_bbox: 0.5225, d0.loss_traj_cls: 0.0003, d0.loss_traj: 1.7123, d1.loss_traj_cls: 0.0003, d1.loss_traj: 1.4113, d2.loss_traj_cls: 0.0003, d2.loss_traj: 1.3017, d3.loss_traj_cls: 0.0003, d3.loss_traj: 1.3178, d4.loss_traj_cls: 0.0003, d4.loss_traj: 1.3351, d5.loss_traj_cls: 0.0003, d5.loss_traj: 1.3826, d6.loss_traj_cls: 0.0003, d6.loss_traj: 1.4276, d7.loss_traj_cls: 0.0003, d7.loss_traj: 1.3927, d0.loss_map_cls_all: 0.1816, d0.loss_map_pts_all: 0.7771, d0.loss_map_dir_all: 0.0011, d0.loss_map_cls: 0.1816, d0.loss_map_pts: 0.7771, d0.loss_map_dir: 0.0011, d1.loss_map_cls: 0.0952, d1.loss_map_pts: 0.6468, d1.loss_map_dir: 0.0010, d2.loss_map_cls: 0.0607, d2.loss_map_pts: 0.5939, d2.loss_map_dir: 0.0009, d3.loss_map_cls: 0.0561, d3.loss_map_pts: 0.5734, d3.loss_map_dir: 0.0009, d4.loss_map_cls: 0.0551, d4.loss_map_pts: 0.5692, d4.loss_map_dir: 0.0009, d5.loss_map_cls: 0.0564, d5.loss_map_pts: 0.5668, d5.loss_map_dir: 0.0009, d6.loss_map_cls: 0.0568, d6.loss_map_pts: 0.5668, d6.loss_map_dir: 0.0009, d7.loss_map_cls: 0.0574, d7.loss_map_pts: 0.5676, d7.loss_map_dir: 0.0009, loss: 53.7901, grad_norm: 1672.3794
2026-05-25 17:25:19,314 - DriveTransformer - INFO - Saving checkpoint at 11154 iterations
2026-05-25 17:26:11,496 - DriveTransformer - INFO - Iter [11200/12870]	lr: 1.518e-06, eta: 0:29:22, time: 1.123, data_time: 0.071, memory: 21577, loss_cls: 0.7013, loss_bbox: 0.5343, loss_traj: 1.9727, loss_traj_cls: 0.0002, loss_map_cls: 0.1469, loss_map_pts: 0.9530, loss_map_dir: 0.0040, d0.loss_plan_l1_fix_time: 3.0662, d0.loss_plan_l1_fix_dist: 0.1954, d1.loss_plan_l1_fix_time: 2.5080, d1.loss_plan_l1_fix_dist: 0.1715, d2.loss_plan_l1_fix_time: 2.4889, d2.loss_plan_l1_fix_dist: 0.1747, d3.loss_plan_l1_fix_time: 2.5010, d3.loss_plan_l1_fix_dist: 0.1826, d4.loss_plan_l1_fix_time: 2.5076, d4.loss_plan_l1_fix_dist: 0.1902, d5.loss_plan_l1_fix_time: 2.5128, d5.loss_plan_l1_fix_dist: 0.1974, d6.loss_plan_l1_fix_time: 2.5182, d6.loss_plan_l1_fix_dist: 0.2052, d7.loss_plan_l1_fix_time: 2.5227, d7.loss_plan_l1_fix_dist: 0.2129, d8.loss_plan_l1_fix_time: 2.5286, d8.loss_plan_l1_fix_dist: 0.2209, d0.loss_cls_all: 0.7120, d0.loss_bbox_all: 0.6273, d0.loss_cls: 0.7120, d0.loss_bbox: 0.6273, d1.loss_cls: 0.6889, d1.loss_bbox: 0.5864, d2.loss_cls: 0.6913, d2.loss_bbox: 0.5630, d3.loss_cls: 0.6939, d3.loss_bbox: 0.5543, d4.loss_cls: 0.6948, d4.loss_bbox: 0.5481, d5.loss_cls: 0.6947, d5.loss_bbox: 0.5400, d6.loss_cls: 0.6985, d6.loss_bbox: 0.5348, d7.loss_cls: 0.7001, d7.loss_bbox: 0.5357, d0.loss_traj_cls: 0.0002, d0.loss_traj: 2.4655, d1.loss_traj_cls: 0.0002, d1.loss_traj: 1.9080, d2.loss_traj_cls: 0.0002, d2.loss_traj: 1.8624, d3.loss_traj_cls: 0.0002, d3.loss_traj: 1.8339, d4.loss_traj_cls: 0.0002, d4.loss_traj: 1.8585, d5.loss_traj_cls: 0.0002, d5.loss_traj: 1.9130, d6.loss_traj_cls: 0.0002, d6.loss_traj: 1.9267, d7.loss_traj_cls: 0.0002, d7.loss_traj: 1.9567, d0.loss_map_cls_all: 0.2863, d0.loss_map_pts_all: 1.0744, d0.loss_map_dir_all: 0.0037, d0.loss_map_cls: 0.2863, d0.loss_map_pts: 1.0744, d0.loss_map_dir: 0.0037, d1.loss_map_cls: 0.1975, d1.loss_map_pts: 1.0208, d1.loss_map_dir: 0.0037, d2.loss_map_cls: 0.1648, d2.loss_map_pts: 0.9822, d2.loss_map_dir: 0.0037, d3.loss_map_cls: 0.1530, d3.loss_map_pts: 0.9645, d3.loss_map_dir: 0.0038, d4.loss_map_cls: 0.1456, d4.loss_map_pts: 0.9586, d4.loss_map_dir: 0.0039, d5.loss_map_cls: 0.1468, d5.loss_map_pts: 0.9529, d5.loss_map_dir: 0.0039, d6.loss_map_cls: 0.1455, d6.loss_map_pts: 0.9530, d6.loss_map_dir: 0.0039, d7.loss_map_cls: 0.1465, d7.loss_map_pts: 0.9524, d7.loss_map_dir: 0.0039, loss: 66.9868, grad_norm: 4037.3866
2026-05-25 17:26:58,726 - DriveTransformer - INFO - Iter [11250/12870]	lr: 1.447e-06, eta: 0:28:29, time: 0.945, data_time: 0.068, memory: 21577, loss_cls: 0.6667, loss_bbox: 0.4305, loss_traj: 0.7122, loss_traj_cls: 0.0002, loss_map_cls: 0.1075, loss_map_pts: 0.4701, loss_map_dir: 0.0052, d0.loss_plan_l1_fix_time: 2.2563, d0.loss_plan_l1_fix_dist: 0.1404, d1.loss_plan_l1_fix_time: 1.9947, d1.loss_plan_l1_fix_dist: 0.1279, d2.loss_plan_l1_fix_time: 1.9554, d2.loss_plan_l1_fix_dist: 0.1294, d3.loss_plan_l1_fix_time: 1.9526, d3.loss_plan_l1_fix_dist: 0.1351, d4.loss_plan_l1_fix_time: 1.9547, d4.loss_plan_l1_fix_dist: 0.1424, d5.loss_plan_l1_fix_time: 1.9587, d5.loss_plan_l1_fix_dist: 0.1492, d6.loss_plan_l1_fix_time: 1.9631, d6.loss_plan_l1_fix_dist: 0.1578, d7.loss_plan_l1_fix_time: 1.9677, d7.loss_plan_l1_fix_dist: 0.1665, d8.loss_plan_l1_fix_time: 1.9732, d8.loss_plan_l1_fix_dist: 0.1760, d0.loss_cls_all: 0.6883, d0.loss_bbox_all: 0.5605, d0.loss_cls: 0.6883, d0.loss_bbox: 0.5605, d1.loss_cls: 0.6661, d1.loss_bbox: 0.4961, d2.loss_cls: 0.6684, d2.loss_bbox: 0.4635, d3.loss_cls: 0.6674, d3.loss_bbox: 0.4394, d4.loss_cls: 0.6697, d4.loss_bbox: 0.4352, d5.loss_cls: 0.6698, d5.loss_bbox: 0.4328, d6.loss_cls: 0.6701, d6.loss_bbox: 0.4315, d7.loss_cls: 0.6659, d7.loss_bbox: 0.4323, d0.loss_traj_cls: 0.0002, d0.loss_traj: 1.0460, d1.loss_traj_cls: 0.0002, d1.loss_traj: 0.8516, d2.loss_traj_cls: 0.0002, d2.loss_traj: 0.7740, d3.loss_traj_cls: 0.0002, d3.loss_traj: 0.7416, d4.loss_traj_cls: 0.0002, d4.loss_traj: 0.7108, d5.loss_traj_cls: 0.0002, d5.loss_traj: 0.7022, d6.loss_traj_cls: 0.0002, d6.loss_traj: 0.7110, d7.loss_traj_cls: 0.0002, d7.loss_traj: 0.7074, d0.loss_map_cls_all: 0.1625, d0.loss_map_pts_all: 0.6876, d0.loss_map_dir_all: 0.0046, d0.loss_map_cls: 0.1625, d0.loss_map_pts: 0.6876, d0.loss_map_dir: 0.0046, d1.loss_map_cls: 0.1214, d1.loss_map_pts: 0.5843, d1.loss_map_dir: 0.0046, d2.loss_map_cls: 0.1063, d2.loss_map_pts: 0.5010, d2.loss_map_dir: 0.0048, d3.loss_map_cls: 0.1063, d3.loss_map_pts: 0.4719, d3.loss_map_dir: 0.0050, d4.loss_map_cls: 0.1072, d4.loss_map_pts: 0.4669, d4.loss_map_dir: 0.0051, d5.loss_map_cls: 0.1073, d5.loss_map_pts: 0.4667, d5.loss_map_dir: 0.0052, d6.loss_map_cls: 0.1073, d6.loss_map_pts: 0.4649, d6.loss_map_dir: 0.0052, d7.loss_map_cls: 0.1066, d7.loss_map_pts: 0.4693, d7.loss_map_dir: 0.0051, loss: 44.1778, grad_norm: 3836.1325
2026-05-25 17:27:50,984 - DriveTransformer - INFO - Iter [11300/12870]	lr: 1.379e-06, eta: 0:27:36, time: 1.045, data_time: 0.073, memory: 21577, loss_cls: 0.7056, loss_bbox: 0.5814, loss_traj: 1.8523, loss_traj_cls: 0.0003, loss_map_cls: 0.2380, loss_map_pts: 1.3060, loss_map_dir: 0.0244, d0.loss_plan_l1_fix_time: 3.0207, d0.loss_plan_l1_fix_dist: 0.1428, d1.loss_plan_l1_fix_time: 2.8968, d1.loss_plan_l1_fix_dist: 0.1337, d2.loss_plan_l1_fix_time: 2.8874, d2.loss_plan_l1_fix_dist: 0.1356, d3.loss_plan_l1_fix_time: 2.8895, d3.loss_plan_l1_fix_dist: 0.1391, d4.loss_plan_l1_fix_time: 2.8944, d4.loss_plan_l1_fix_dist: 0.1435, d5.loss_plan_l1_fix_time: 2.8998, d5.loss_plan_l1_fix_dist: 0.1479, d6.loss_plan_l1_fix_time: 2.9047, d6.loss_plan_l1_fix_dist: 0.1521, d7.loss_plan_l1_fix_time: 2.9096, d7.loss_plan_l1_fix_dist: 0.1574, d8.loss_plan_l1_fix_time: 2.9147, d8.loss_plan_l1_fix_dist: 0.1638, d0.loss_cls_all: 0.7523, d0.loss_bbox_all: 0.6704, d0.loss_cls: 0.7523, d0.loss_bbox: 0.6704, d1.loss_cls: 0.6976, d1.loss_bbox: 0.5988, d2.loss_cls: 0.6981, d2.loss_bbox: 0.5705, d3.loss_cls: 0.6964, d3.loss_bbox: 0.5729, d4.loss_cls: 0.6987, d4.loss_bbox: 0.5737, d5.loss_cls: 0.6996, d5.loss_bbox: 0.5759, d6.loss_cls: 0.7027, d6.loss_bbox: 0.5736, d7.loss_cls: 0.7032, d7.loss_bbox: 0.5790, d0.loss_traj_cls: 0.0003, d0.loss_traj: 2.0580, d1.loss_traj_cls: 0.0003, d1.loss_traj: 1.8314, d2.loss_traj_cls: 0.0003, d2.loss_traj: 1.8683, d3.loss_traj_cls: 0.0003, d3.loss_traj: 1.8577, d4.loss_traj_cls: 0.0003, d4.loss_traj: 1.8516, d5.loss_traj_cls: 0.0003, d5.loss_traj: 1.8562, d6.loss_traj_cls: 0.0003, d6.loss_traj: 1.8428, d7.loss_traj_cls: 0.0003, d7.loss_traj: 1.8536, d0.loss_map_cls_all: 0.3130, d0.loss_map_pts_all: 2.3263, d0.loss_map_dir_all: 0.0243, d0.loss_map_cls: 0.3130, d0.loss_map_pts: 2.3263, d0.loss_map_dir: 0.0243, d1.loss_map_cls: 0.2573, d1.loss_map_pts: 1.6726, d1.loss_map_dir: 0.0237, d2.loss_map_cls: 0.2395, d2.loss_map_pts: 1.4258, d2.loss_map_dir: 0.0237, d3.loss_map_cls: 0.2368, d3.loss_map_pts: 1.3267, d3.loss_map_dir: 0.0240, d4.loss_map_cls: 0.2343, d4.loss_map_pts: 1.3111, d4.loss_map_dir: 0.0242, d5.loss_map_cls: 0.2366, d5.loss_map_pts: 1.3051, d5.loss_map_dir: 0.0243, d6.loss_map_cls: 0.2372, d6.loss_map_pts: 1.3044, d6.loss_map_dir: 0.0243, d7.loss_map_cls: 0.2391, d7.loss_map_pts: 1.3032, d7.loss_map_dir: 0.0244, loss: 75.8750, grad_norm: 5644.1501
2026-05-25 17:28:45,182 - DriveTransformer - INFO - Iter [11350/12870]	lr: 1.312e-06, eta: 0:26:43, time: 1.084, data_time: 0.082, memory: 21577, loss_cls: 0.7063, loss_bbox: 0.7241, loss_traj: 0.7979, loss_traj_cls: 0.0004, loss_map_cls: 0.3055, loss_map_pts: 1.3990, loss_map_dir: 0.0249, d0.loss_plan_l1_fix_time: 2.3762, d0.loss_plan_l1_fix_dist: 0.2615, d1.loss_plan_l1_fix_time: 1.9807, d1.loss_plan_l1_fix_dist: 0.2575, d2.loss_plan_l1_fix_time: 1.9593, d2.loss_plan_l1_fix_dist: 0.2572, d3.loss_plan_l1_fix_time: 1.9548, d3.loss_plan_l1_fix_dist: 0.2603, d4.loss_plan_l1_fix_time: 1.9549, d4.loss_plan_l1_fix_dist: 0.2641, d5.loss_plan_l1_fix_time: 1.9564, d5.loss_plan_l1_fix_dist: 0.2676, d6.loss_plan_l1_fix_time: 1.9588, d6.loss_plan_l1_fix_dist: 0.2730, d7.loss_plan_l1_fix_time: 1.9615, d7.loss_plan_l1_fix_dist: 0.2789, d8.loss_plan_l1_fix_time: 1.9647, d8.loss_plan_l1_fix_dist: 0.2858, d0.loss_cls_all: 0.7683, d0.loss_bbox_all: 0.7816, d0.loss_cls: 0.7683, d0.loss_bbox: 0.7816, d1.loss_cls: 0.7256, d1.loss_bbox: 0.7472, d2.loss_cls: 0.7103, d2.loss_bbox: 0.7332, d3.loss_cls: 0.6993, d3.loss_bbox: 0.7239, d4.loss_cls: 0.7056, d4.loss_bbox: 0.7179, d5.loss_cls: 0.7082, d5.loss_bbox: 0.7167, d6.loss_cls: 0.7057, d6.loss_bbox: 0.7156, d7.loss_cls: 0.7005, d7.loss_bbox: 0.7244, d0.loss_traj_cls: 0.0004, d0.loss_traj: 0.9441, d1.loss_traj_cls: 0.0004, d1.loss_traj: 0.8284, d2.loss_traj_cls: 0.0004, d2.loss_traj: 0.7783, d3.loss_traj_cls: 0.0004, d3.loss_traj: 0.7691, d4.loss_traj_cls: 0.0004, d4.loss_traj: 0.7748, d5.loss_traj_cls: 0.0004, d5.loss_traj: 0.7615, d6.loss_traj_cls: 0.0004, d6.loss_traj: 0.7683, d7.loss_traj_cls: 0.0004, d7.loss_traj: 0.7835, d0.loss_map_cls_all: 0.3072, d0.loss_map_pts_all: 2.4865, d0.loss_map_dir_all: 0.0235, d0.loss_map_cls: 0.3072, d0.loss_map_pts: 2.4865, d0.loss_map_dir: 0.0235, d1.loss_map_cls: 0.2983, d1.loss_map_pts: 1.5844, d1.loss_map_dir: 0.0233, d2.loss_map_cls: 0.2833, d2.loss_map_pts: 1.3849, d2.loss_map_dir: 0.0242, d3.loss_map_cls: 0.2977, d3.loss_map_pts: 1.3788, d3.loss_map_dir: 0.0247, d4.loss_map_cls: 0.2985, d4.loss_map_pts: 1.3889, d4.loss_map_dir: 0.0248, d5.loss_map_cls: 0.3033, d5.loss_map_pts: 1.3939, d5.loss_map_dir: 0.0249, d6.loss_map_cls: 0.3065, d6.loss_map_pts: 1.3951, d6.loss_map_dir: 0.0249, d7.loss_map_cls: 0.3087, d7.loss_map_pts: 1.3953, d7.loss_map_dir: 0.0250, loss: 61.8001, grad_norm: 3814.0161
2026-05-25 17:29:38,550 - DriveTransformer - INFO - Iter [11400/12870]	lr: 1.247e-06, eta: 0:25:51, time: 1.067, data_time: 0.076, memory: 21577, loss_cls: 0.6045, loss_bbox: 0.5769, loss_traj: 2.2932, loss_traj_cls: 0.0003, loss_map_cls: 0.2410, loss_map_pts: 0.8239, loss_map_dir: 0.0053, d0.loss_plan_l1_fix_time: 2.5376, d0.loss_plan_l1_fix_dist: 0.1754, d1.loss_plan_l1_fix_time: 2.2034, d1.loss_plan_l1_fix_dist: 0.1678, d2.loss_plan_l1_fix_time: 2.1809, d2.loss_plan_l1_fix_dist: 0.1698, d3.loss_plan_l1_fix_time: 2.1813, d3.loss_plan_l1_fix_dist: 0.1729, d4.loss_plan_l1_fix_time: 2.1840, d4.loss_plan_l1_fix_dist: 0.1785, d5.loss_plan_l1_fix_time: 2.1875, d5.loss_plan_l1_fix_dist: 0.1842, d6.loss_plan_l1_fix_time: 2.1908, d6.loss_plan_l1_fix_dist: 0.1909, d7.loss_plan_l1_fix_time: 2.1941, d7.loss_plan_l1_fix_dist: 0.1980, d8.loss_plan_l1_fix_time: 2.1979, d8.loss_plan_l1_fix_dist: 0.2051, d0.loss_cls_all: 0.6566, d0.loss_bbox_all: 0.6791, d0.loss_cls: 0.6566, d0.loss_bbox: 0.6791, d1.loss_cls: 0.6139, d1.loss_bbox: 0.6287, d2.loss_cls: 0.6054, d2.loss_bbox: 0.6071, d3.loss_cls: 0.5985, d3.loss_bbox: 0.5937, d4.loss_cls: 0.5989, d4.loss_bbox: 0.5837, d5.loss_cls: 0.6015, d5.loss_bbox: 0.5757, d6.loss_cls: 0.6015, d6.loss_bbox: 0.5736, d7.loss_cls: 0.6025, d7.loss_bbox: 0.5732, d0.loss_traj_cls: 0.0003, d0.loss_traj: 2.4765, d1.loss_traj_cls: 0.0003, d1.loss_traj: 2.2516, d2.loss_traj_cls: 0.0003, d2.loss_traj: 2.2368, d3.loss_traj_cls: 0.0003, d3.loss_traj: 2.2381, d4.loss_traj_cls: 0.0003, d4.loss_traj: 2.2446, d5.loss_traj_cls: 0.0003, d5.loss_traj: 2.2541, d6.loss_traj_cls: 0.0003, d6.loss_traj: 2.2679, d7.loss_traj_cls: 0.0003, d7.loss_traj: 2.2852, d0.loss_map_cls_all: 0.3410, d0.loss_map_pts_all: 1.2934, d0.loss_map_dir_all: 0.0041, d0.loss_map_cls: 0.3410, d0.loss_map_pts: 1.2934, d0.loss_map_dir: 0.0041, d1.loss_map_cls: 0.2779, d1.loss_map_pts: 0.9723, d1.loss_map_dir: 0.0043, d2.loss_map_cls: 0.2480, d2.loss_map_pts: 0.8717, d2.loss_map_dir: 0.0047, d3.loss_map_cls: 0.2391, d3.loss_map_pts: 0.8413, d3.loss_map_dir: 0.0051, d4.loss_map_cls: 0.2410, d4.loss_map_pts: 0.8298, d4.loss_map_dir: 0.0052, d5.loss_map_cls: 0.2409, d5.loss_map_pts: 0.8269, d5.loss_map_dir: 0.0052, d6.loss_map_cls: 0.2422, d6.loss_map_pts: 0.8249, d6.loss_map_dir: 0.0052, d7.loss_map_cls: 0.2416, d7.loss_map_pts: 0.8245, d7.loss_map_dir: 0.0052, loss: 66.5653, grad_norm: 4901.1790
2026-05-25 17:30:30,853 - DriveTransformer - INFO - Iter [11450/12870]	lr: 1.184e-06, eta: 0:24:58, time: 1.046, data_time: 0.074, memory: 21577, loss_cls: 0.6433, loss_bbox: 0.6078, loss_traj: 1.1226, loss_traj_cls: 0.0003, loss_map_cls: 0.1706, loss_map_pts: 1.0277, loss_map_dir: 0.0041, d0.loss_plan_l1_fix_time: 2.6535, d0.loss_plan_l1_fix_dist: 0.2957, d1.loss_plan_l1_fix_time: 2.3511, d1.loss_plan_l1_fix_dist: 0.2901, d2.loss_plan_l1_fix_time: 2.3116, d2.loss_plan_l1_fix_dist: 0.2924, d3.loss_plan_l1_fix_time: 2.3061, d3.loss_plan_l1_fix_dist: 0.2978, d4.loss_plan_l1_fix_time: 2.3064, d4.loss_plan_l1_fix_dist: 0.3059, d5.loss_plan_l1_fix_time: 2.3084, d5.loss_plan_l1_fix_dist: 0.3144, d6.loss_plan_l1_fix_time: 2.3112, d6.loss_plan_l1_fix_dist: 0.3227, d7.loss_plan_l1_fix_time: 2.3140, d7.loss_plan_l1_fix_dist: 0.3321, d8.loss_plan_l1_fix_time: 2.3171, d8.loss_plan_l1_fix_dist: 0.3422, d0.loss_cls_all: 0.6750, d0.loss_bbox_all: 0.7126, d0.loss_cls: 0.6750, d0.loss_bbox: 0.7126, d1.loss_cls: 0.6423, d1.loss_bbox: 0.6697, d2.loss_cls: 0.6444, d2.loss_bbox: 0.6397, d3.loss_cls: 0.6424, d3.loss_bbox: 0.6300, d4.loss_cls: 0.6430, d4.loss_bbox: 0.6221, d5.loss_cls: 0.6425, d5.loss_bbox: 0.6178, d6.loss_cls: 0.6422, d6.loss_bbox: 0.6134, d7.loss_cls: 0.6415, d7.loss_bbox: 0.6110, d0.loss_traj_cls: 0.0003, d0.loss_traj: 1.3200, d1.loss_traj_cls: 0.0003, d1.loss_traj: 1.1622, d2.loss_traj_cls: 0.0003, d2.loss_traj: 1.1144, d3.loss_traj_cls: 0.0003, d3.loss_traj: 1.0962, d4.loss_traj_cls: 0.0003, d4.loss_traj: 1.0953, d5.loss_traj_cls: 0.0003, d5.loss_traj: 1.1072, d6.loss_traj_cls: 0.0003, d6.loss_traj: 1.1023, d7.loss_traj_cls: 0.0003, d7.loss_traj: 1.1060, d0.loss_map_cls_all: 0.2537, d0.loss_map_pts_all: 1.2821, d0.loss_map_dir_all: 0.0036, d0.loss_map_cls: 0.2537, d0.loss_map_pts: 1.2821, d0.loss_map_dir: 0.0036, d1.loss_map_cls: 0.1941, d1.loss_map_pts: 1.1202, d1.loss_map_dir: 0.0038, d2.loss_map_cls: 0.1691, d2.loss_map_pts: 1.0640, d2.loss_map_dir: 0.0039, d3.loss_map_cls: 0.1661, d3.loss_map_pts: 1.0383, d3.loss_map_dir: 0.0040, d4.loss_map_cls: 0.1686, d4.loss_map_pts: 1.0302, d4.loss_map_dir: 0.0040, d5.loss_map_cls: 0.1704, d5.loss_map_pts: 1.0274, d5.loss_map_dir: 0.0041, d6.loss_map_cls: 0.1702, d6.loss_map_pts: 1.0269, d6.loss_map_dir: 0.0041, d7.loss_map_cls: 0.1711, d7.loss_map_pts: 1.0270, d7.loss_map_dir: 0.0041, loss: 59.9828, grad_norm: 3923.3284
2026-05-25 17:31:24,208 - DriveTransformer - INFO - Iter [11500/12870]	lr: 1.124e-06, eta: 0:24:05, time: 1.067, data_time: 0.070, memory: 21577, loss_cls: 0.6406, loss_bbox: 0.5968, loss_traj: 1.3562, loss_traj_cls: 0.0003, loss_map_cls: 0.3180, loss_map_pts: 1.4679, loss_map_dir: 0.0141, d0.loss_plan_l1_fix_time: 2.6512, d0.loss_plan_l1_fix_dist: 0.2172, d1.loss_plan_l1_fix_time: 2.6079, d1.loss_plan_l1_fix_dist: 0.2121, d2.loss_plan_l1_fix_time: 2.6053, d2.loss_plan_l1_fix_dist: 0.2107, d3.loss_plan_l1_fix_time: 2.6066, d3.loss_plan_l1_fix_dist: 0.2112, d4.loss_plan_l1_fix_time: 2.6093, d4.loss_plan_l1_fix_dist: 0.2149, d5.loss_plan_l1_fix_time: 2.6116, d5.loss_plan_l1_fix_dist: 0.2205, d6.loss_plan_l1_fix_time: 2.6143, d6.loss_plan_l1_fix_dist: 0.2272, d7.loss_plan_l1_fix_time: 2.6176, d7.loss_plan_l1_fix_dist: 0.2351, d8.loss_plan_l1_fix_time: 2.6213, d8.loss_plan_l1_fix_dist: 0.2437, d0.loss_cls_all: 0.6763, d0.loss_bbox_all: 0.6707, d0.loss_cls: 0.6763, d0.loss_bbox: 0.6707, d1.loss_cls: 0.6542, d1.loss_bbox: 0.6302, d2.loss_cls: 0.6491, d2.loss_bbox: 0.6161, d3.loss_cls: 0.6440, d3.loss_bbox: 0.6089, d4.loss_cls: 0.6446, d4.loss_bbox: 0.6026, d5.loss_cls: 0.6436, d5.loss_bbox: 0.5991, d6.loss_cls: 0.6434, d6.loss_bbox: 0.6003, d7.loss_cls: 0.6401, d7.loss_bbox: 0.5996, d0.loss_traj_cls: 0.0003, d0.loss_traj: 1.7187, d1.loss_traj_cls: 0.0003, d1.loss_traj: 1.4281, d2.loss_traj_cls: 0.0003, d2.loss_traj: 1.3462, d3.loss_traj_cls: 0.0003, d3.loss_traj: 1.3321, d4.loss_traj_cls: 0.0003, d4.loss_traj: 1.3346, d5.loss_traj_cls: 0.0003, d5.loss_traj: 1.3346, d6.loss_traj_cls: 0.0003, d6.loss_traj: 1.3504, d7.loss_traj_cls: 0.0003, d7.loss_traj: 1.3482, d0.loss_map_cls_all: 0.4364, d0.loss_map_pts_all: 2.1043, d0.loss_map_dir_all: 0.0139, d0.loss_map_cls: 0.4364, d0.loss_map_pts: 2.1043, d0.loss_map_dir: 0.0139, d1.loss_map_cls: 0.3643, d1.loss_map_pts: 1.7916, d1.loss_map_dir: 0.0135, d2.loss_map_cls: 0.3117, d2.loss_map_pts: 1.5969, d2.loss_map_dir: 0.0139, d3.loss_map_cls: 0.3007, d3.loss_map_pts: 1.5193, d3.loss_map_dir: 0.0139, d4.loss_map_cls: 0.3067, d4.loss_map_pts: 1.4923, d4.loss_map_dir: 0.0138, d5.loss_map_cls: 0.3104, d5.loss_map_pts: 1.4827, d5.loss_map_dir: 0.0140, d6.loss_map_cls: 0.3154, d6.loss_map_pts: 1.4729, d6.loss_map_dir: 0.0140, d7.loss_map_cls: 0.3173, d7.loss_map_pts: 1.4716, d7.loss_map_dir: 0.0140, loss: 70.8565, grad_norm: 4570.9518
2026-05-25 17:32:18,506 - DriveTransformer - INFO - Iter [11550/12870]	lr: 1.065e-06, eta: 0:23:13, time: 1.086, data_time: 0.072, memory: 21577, loss_cls: 0.7016, loss_bbox: 0.6078, loss_traj: 2.1981, loss_traj_cls: 0.0003, loss_map_cls: 0.2310, loss_map_pts: 1.2629, loss_map_dir: 0.0211, d0.loss_plan_l1_fix_time: 3.1051, d0.loss_plan_l1_fix_dist: 0.2772, d1.loss_plan_l1_fix_time: 2.9518, d1.loss_plan_l1_fix_dist: 0.2682, d2.loss_plan_l1_fix_time: 2.9792, d2.loss_plan_l1_fix_dist: 0.2698, d3.loss_plan_l1_fix_time: 2.9918, d3.loss_plan_l1_fix_dist: 0.2726, d4.loss_plan_l1_fix_time: 2.9984, d4.loss_plan_l1_fix_dist: 0.2760, d5.loss_plan_l1_fix_time: 3.0035, d5.loss_plan_l1_fix_dist: 0.2789, d6.loss_plan_l1_fix_time: 3.0076, d6.loss_plan_l1_fix_dist: 0.2825, d7.loss_plan_l1_fix_time: 3.0106, d7.loss_plan_l1_fix_dist: 0.2869, d8.loss_plan_l1_fix_time: 3.0141, d8.loss_plan_l1_fix_dist: 0.2920, d0.loss_cls_all: 0.7031, d0.loss_bbox_all: 0.6861, d0.loss_cls: 0.7031, d0.loss_bbox: 0.6861, d1.loss_cls: 0.6933, d1.loss_bbox: 0.6467, d2.loss_cls: 0.6947, d2.loss_bbox: 0.6229, d3.loss_cls: 0.6968, d3.loss_bbox: 0.6186, d4.loss_cls: 0.6959, d4.loss_bbox: 0.6122, d5.loss_cls: 0.6983, d5.loss_bbox: 0.6076, d6.loss_cls: 0.6982, d6.loss_bbox: 0.6066, d7.loss_cls: 0.6984, d7.loss_bbox: 0.6082, d0.loss_traj_cls: 0.0003, d0.loss_traj: 2.1917, d1.loss_traj_cls: 0.0003, d1.loss_traj: 2.1009, d2.loss_traj_cls: 0.0003, d2.loss_traj: 2.1255, d3.loss_traj_cls: 0.0003, d3.loss_traj: 2.1456, d4.loss_traj_cls: 0.0003, d4.loss_traj: 2.1561, d5.loss_traj_cls: 0.0003, d5.loss_traj: 2.1618, d6.loss_traj_cls: 0.0003, d6.loss_traj: 2.1846, d7.loss_traj_cls: 0.0003, d7.loss_traj: 2.1869, d0.loss_map_cls_all: 0.3103, d0.loss_map_pts_all: 2.1578, d0.loss_map_dir_all: 0.0206, d0.loss_map_cls: 0.3103, d0.loss_map_pts: 2.1578, d0.loss_map_dir: 0.0206, d1.loss_map_cls: 0.2632, d1.loss_map_pts: 1.5698, d1.loss_map_dir: 0.0206, d2.loss_map_cls: 0.2325, d2.loss_map_pts: 1.3771, d2.loss_map_dir: 0.0207, d3.loss_map_cls: 0.2322, d3.loss_map_pts: 1.2880, d3.loss_map_dir: 0.0209, d4.loss_map_cls: 0.2270, d4.loss_map_pts: 1.2767, d4.loss_map_dir: 0.0210, d5.loss_map_cls: 0.2282, d5.loss_map_pts: 1.2694, d5.loss_map_dir: 0.0210, d6.loss_map_cls: 0.2282, d6.loss_map_pts: 1.2669, d6.loss_map_dir: 0.0210, d7.loss_map_cls: 0.2313, d7.loss_map_pts: 1.2631, d7.loss_map_dir: 0.0211, loss: 79.8985, grad_norm: 5086.4643
2026-05-25 17:32:54,309 - DriveTransformer - INFO - Saving checkpoint at 11583 iterations
2026-05-25 17:33:20,812 - DriveTransformer - INFO - Iter [11600/12870]	lr: 1.009e-06, eta: 0:22:21, time: 1.246, data_time: 0.071, memory: 21577, loss_cls: 0.7396, loss_bbox: 0.5596, loss_traj: 1.2891, loss_traj_cls: 0.0004, loss_map_cls: 0.2437, loss_map_pts: 1.3830, loss_map_dir: 0.0224, d0.loss_plan_l1_fix_time: 2.0169, d0.loss_plan_l1_fix_dist: 0.1415, d1.loss_plan_l1_fix_time: 1.0464, d1.loss_plan_l1_fix_dist: 0.1437, d2.loss_plan_l1_fix_time: 1.0129, d2.loss_plan_l1_fix_dist: 0.1518, d3.loss_plan_l1_fix_time: 1.0194, d3.loss_plan_l1_fix_dist: 0.1580, d4.loss_plan_l1_fix_time: 1.0254, d4.loss_plan_l1_fix_dist: 0.1648, d5.loss_plan_l1_fix_time: 1.0302, d5.loss_plan_l1_fix_dist: 0.1713, d6.loss_plan_l1_fix_time: 1.0329, d6.loss_plan_l1_fix_dist: 0.1791, d7.loss_plan_l1_fix_time: 1.0353, d7.loss_plan_l1_fix_dist: 0.1858, d8.loss_plan_l1_fix_time: 1.0383, d8.loss_plan_l1_fix_dist: 0.1934, d0.loss_cls_all: 0.7668, d0.loss_bbox_all: 0.6395, d0.loss_cls: 0.7668, d0.loss_bbox: 0.6395, d1.loss_cls: 0.7348, d1.loss_bbox: 0.6025, d2.loss_cls: 0.7312, d2.loss_bbox: 0.5802, d3.loss_cls: 0.7335, d3.loss_bbox: 0.5659, d4.loss_cls: 0.7360, d4.loss_bbox: 0.5647, d5.loss_cls: 0.7366, d5.loss_bbox: 0.5623, d6.loss_cls: 0.7368, d6.loss_bbox: 0.5570, d7.loss_cls: 0.7373, d7.loss_bbox: 0.5598, d0.loss_traj_cls: 0.0003, d0.loss_traj: 1.2562, d1.loss_traj_cls: 0.0003, d1.loss_traj: 1.1878, d2.loss_traj_cls: 0.0003, d2.loss_traj: 1.2057, d3.loss_traj_cls: 0.0003, d3.loss_traj: 1.2108, d4.loss_traj_cls: 0.0003, d4.loss_traj: 1.2438, d5.loss_traj_cls: 0.0004, d5.loss_traj: 1.2498, d6.loss_traj_cls: 0.0004, d6.loss_traj: 1.2542, d7.loss_traj_cls: 0.0004, d7.loss_traj: 1.2715, d0.loss_map_cls_all: 0.2908, d0.loss_map_pts_all: 2.3566, d0.loss_map_dir_all: 0.0213, d0.loss_map_cls: 0.2908, d0.loss_map_pts: 2.3566, d0.loss_map_dir: 0.0213, d1.loss_map_cls: 0.2611, d1.loss_map_pts: 1.6719, d1.loss_map_dir: 0.0212, d2.loss_map_cls: 0.2385, d2.loss_map_pts: 1.4431, d2.loss_map_dir: 0.0218, d3.loss_map_cls: 0.2368, d3.loss_map_pts: 1.3980, d3.loss_map_dir: 0.0221, d4.loss_map_cls: 0.2367, d4.loss_map_pts: 1.3855, d4.loss_map_dir: 0.0222, d5.loss_map_cls: 0.2408, d5.loss_map_pts: 1.3835, d5.loss_map_dir: 0.0223, d6.loss_map_cls: 0.2437, d6.loss_map_pts: 1.3833, d6.loss_map_dir: 0.0223, d7.loss_map_cls: 0.2442, d7.loss_map_pts: 1.3826, d7.loss_map_dir: 0.0223, loss: 55.0598, grad_norm: 4626.6489
2026-05-25 17:34:12,917 - DriveTransformer - INFO - Iter [11650/12870]	lr: 9.547e-07, eta: 0:21:28, time: 1.042, data_time: 0.068, memory: 21577, loss_cls: 0.6593, loss_bbox: 0.6662, loss_traj: 1.4179, loss_traj_cls: 0.0003, loss_map_cls: 0.1859, loss_map_pts: 0.8763, loss_map_dir: 0.0116, d0.loss_plan_l1_fix_time: 3.9037, d0.loss_plan_l1_fix_dist: 0.3092, d1.loss_plan_l1_fix_time: 3.6121, d1.loss_plan_l1_fix_dist: 0.2978, d2.loss_plan_l1_fix_time: 3.5581, d2.loss_plan_l1_fix_dist: 0.2952, d3.loss_plan_l1_fix_time: 3.5481, d3.loss_plan_l1_fix_dist: 0.2916, d4.loss_plan_l1_fix_time: 3.5462, d4.loss_plan_l1_fix_dist: 0.2921, d5.loss_plan_l1_fix_time: 3.5470, d5.loss_plan_l1_fix_dist: 0.2932, d6.loss_plan_l1_fix_time: 3.5490, d6.loss_plan_l1_fix_dist: 0.2960, d7.loss_plan_l1_fix_time: 3.5520, d7.loss_plan_l1_fix_dist: 0.2994, d8.loss_plan_l1_fix_time: 3.5549, d8.loss_plan_l1_fix_dist: 0.3037, d0.loss_cls_all: 0.7435, d0.loss_bbox_all: 0.7489, d0.loss_cls: 0.7435, d0.loss_bbox: 0.7489, d1.loss_cls: 0.6704, d1.loss_bbox: 0.6937, d2.loss_cls: 0.6624, d2.loss_bbox: 0.6716, d3.loss_cls: 0.6565, d3.loss_bbox: 0.6691, d4.loss_cls: 0.6564, d4.loss_bbox: 0.6653, d5.loss_cls: 0.6535, d5.loss_bbox: 0.6648, d6.loss_cls: 0.6563, d6.loss_bbox: 0.6605, d7.loss_cls: 0.6577, d7.loss_bbox: 0.6619, d0.loss_traj_cls: 0.0003, d0.loss_traj: 1.7966, d1.loss_traj_cls: 0.0003, d1.loss_traj: 1.4476, d2.loss_traj_cls: 0.0003, d2.loss_traj: 1.4106, d3.loss_traj_cls: 0.0003, d3.loss_traj: 1.3952, d4.loss_traj_cls: 0.0003, d4.loss_traj: 1.3928, d5.loss_traj_cls: 0.0003, d5.loss_traj: 1.4051, d6.loss_traj_cls: 0.0003, d6.loss_traj: 1.3884, d7.loss_traj_cls: 0.0003, d7.loss_traj: 1.4075, d0.loss_map_cls_all: 0.2491, d0.loss_map_pts_all: 1.5666, d0.loss_map_dir_all: 0.0108, d0.loss_map_cls: 0.2491, d0.loss_map_pts: 1.5666, d0.loss_map_dir: 0.0108, d1.loss_map_cls: 0.2056, d1.loss_map_pts: 1.1534, d1.loss_map_dir: 0.0107, d2.loss_map_cls: 0.1976, d2.loss_map_pts: 0.9618, d2.loss_map_dir: 0.0110, d3.loss_map_cls: 0.1898, d3.loss_map_pts: 0.8961, d3.loss_map_dir: 0.0113, d4.loss_map_cls: 0.1872, d4.loss_map_pts: 0.8817, d4.loss_map_dir: 0.0114, d5.loss_map_cls: 0.1875, d5.loss_map_pts: 0.8770, d5.loss_map_dir: 0.0115, d6.loss_map_cls: 0.1862, d6.loss_map_pts: 0.8749, d6.loss_map_dir: 0.0115, d7.loss_map_cls: 0.1864, d7.loss_map_pts: 0.8759, d7.loss_map_dir: 0.0115, loss: 74.3915, grad_norm: 6339.0223
2026-05-25 17:35:12,585 - DriveTransformer - INFO - Iter [11700/12870]	lr: 9.026e-07, eta: 0:20:36, time: 1.194, data_time: 0.074, memory: 21577, loss_cls: 0.6443, loss_bbox: 0.7034, loss_traj: 1.1325, loss_traj_cls: 0.0004, loss_map_cls: 0.2484, loss_map_pts: 1.2570, loss_map_dir: 0.0223, d0.loss_plan_l1_fix_time: 2.6863, d0.loss_plan_l1_fix_dist: 0.2769, d1.loss_plan_l1_fix_time: 2.4723, d1.loss_plan_l1_fix_dist: 0.2632, d2.loss_plan_l1_fix_time: 2.4543, d2.loss_plan_l1_fix_dist: 0.2586, d3.loss_plan_l1_fix_time: 2.4552, d3.loss_plan_l1_fix_dist: 0.2547, d4.loss_plan_l1_fix_time: 2.4585, d4.loss_plan_l1_fix_dist: 0.2560, d5.loss_plan_l1_fix_time: 2.4630, d5.loss_plan_l1_fix_dist: 0.2592, d6.loss_plan_l1_fix_time: 2.4670, d6.loss_plan_l1_fix_dist: 0.2646, d7.loss_plan_l1_fix_time: 2.4712, d7.loss_plan_l1_fix_dist: 0.2712, d8.loss_plan_l1_fix_time: 2.4759, d8.loss_plan_l1_fix_dist: 0.2777, d0.loss_cls_all: 0.7034, d0.loss_bbox_all: 0.7254, d0.loss_cls: 0.7034, d0.loss_bbox: 0.7254, d1.loss_cls: 0.6735, d1.loss_bbox: 0.7158, d2.loss_cls: 0.6493, d2.loss_bbox: 0.7196, d3.loss_cls: 0.6387, d3.loss_bbox: 0.7107, d4.loss_cls: 0.6359, d4.loss_bbox: 0.7035, d5.loss_cls: 0.6368, d5.loss_bbox: 0.6976, d6.loss_cls: 0.6390, d6.loss_bbox: 0.6960, d7.loss_cls: 0.6421, d7.loss_bbox: 0.6983, d0.loss_traj_cls: 0.0004, d0.loss_traj: 1.1228, d1.loss_traj_cls: 0.0004, d1.loss_traj: 1.0689, d2.loss_traj_cls: 0.0004, d2.loss_traj: 1.1069, d3.loss_traj_cls: 0.0004, d3.loss_traj: 1.1070, d4.loss_traj_cls: 0.0004, d4.loss_traj: 1.1148, d5.loss_traj_cls: 0.0004, d5.loss_traj: 1.1239, d6.loss_traj_cls: 0.0004, d6.loss_traj: 1.1258, d7.loss_traj_cls: 0.0004, d7.loss_traj: 1.1294, d0.loss_map_cls_all: 0.2962, d0.loss_map_pts_all: 2.1349, d0.loss_map_dir_all: 0.0215, d0.loss_map_cls: 0.2962, d0.loss_map_pts: 2.1349, d0.loss_map_dir: 0.0215, d1.loss_map_cls: 0.2565, d1.loss_map_pts: 1.4824, d1.loss_map_dir: 0.0214, d2.loss_map_cls: 0.2426, d2.loss_map_pts: 1.3203, d2.loss_map_dir: 0.0216, d3.loss_map_cls: 0.2447, d3.loss_map_pts: 1.2618, d3.loss_map_dir: 0.0220, d4.loss_map_cls: 0.2445, d4.loss_map_pts: 1.2579, d4.loss_map_dir: 0.0221, d5.loss_map_cls: 0.2455, d5.loss_map_pts: 1.2569, d5.loss_map_dir: 0.0222, d6.loss_map_cls: 0.2462, d6.loss_map_pts: 1.2559, d6.loss_map_dir: 0.0222, d7.loss_map_cls: 0.2484, d7.loss_map_pts: 1.2555, d7.loss_map_dir: 0.0222, loss: 65.8888, grad_norm: 3829.1421
2026-05-25 17:36:12,521 - DriveTransformer - INFO - Iter [11750/12870]	lr: 8.525e-07, eta: 0:19:44, time: 1.199, data_time: 0.073, memory: 21577, loss_cls: 0.6944, loss_bbox: 0.6440, loss_traj: 1.2906, loss_traj_cls: 0.0005, loss_map_cls: 0.2903, loss_map_pts: 1.4541, loss_map_dir: 0.0243, d0.loss_plan_l1_fix_time: 1.8910, d0.loss_plan_l1_fix_dist: 0.2876, d1.loss_plan_l1_fix_time: 1.5448, d1.loss_plan_l1_fix_dist: 0.2922, d2.loss_plan_l1_fix_time: 1.5272, d2.loss_plan_l1_fix_dist: 0.2947, d3.loss_plan_l1_fix_time: 1.5260, d3.loss_plan_l1_fix_dist: 0.2998, d4.loss_plan_l1_fix_time: 1.5266, d4.loss_plan_l1_fix_dist: 0.3034, d5.loss_plan_l1_fix_time: 1.5287, d5.loss_plan_l1_fix_dist: 0.3057, d6.loss_plan_l1_fix_time: 1.5307, d6.loss_plan_l1_fix_dist: 0.3072, d7.loss_plan_l1_fix_time: 1.5327, d7.loss_plan_l1_fix_dist: 0.3102, d8.loss_plan_l1_fix_time: 1.5353, d8.loss_plan_l1_fix_dist: 0.3138, d0.loss_cls_all: 0.7426, d0.loss_bbox_all: 0.6914, d0.loss_cls: 0.7426, d0.loss_bbox: 0.6914, d1.loss_cls: 0.7120, d1.loss_bbox: 0.6692, d2.loss_cls: 0.6984, d2.loss_bbox: 0.6557, d3.loss_cls: 0.6921, d3.loss_bbox: 0.6490, d4.loss_cls: 0.6928, d4.loss_bbox: 0.6437, d5.loss_cls: 0.6919, d5.loss_bbox: 0.6408, d6.loss_cls: 0.6937, d6.loss_bbox: 0.6381, d7.loss_cls: 0.6932, d7.loss_bbox: 0.6402, d0.loss_traj_cls: 0.0004, d0.loss_traj: 1.3034, d1.loss_traj_cls: 0.0004, d1.loss_traj: 1.2506, d2.loss_traj_cls: 0.0004, d2.loss_traj: 1.2443, d3.loss_traj_cls: 0.0004, d3.loss_traj: 1.2537, d4.loss_traj_cls: 0.0004, d4.loss_traj: 1.2680, d5.loss_traj_cls: 0.0005, d5.loss_traj: 1.2741, d6.loss_traj_cls: 0.0005, d6.loss_traj: 1.2810, d7.loss_traj_cls: 0.0005, d7.loss_traj: 1.2995, d0.loss_map_cls_all: 0.3277, d0.loss_map_pts_all: 2.4564, d0.loss_map_dir_all: 0.0234, d0.loss_map_cls: 0.3277, d0.loss_map_pts: 2.4564, d0.loss_map_dir: 0.0234, d1.loss_map_cls: 0.3049, d1.loss_map_pts: 1.6693, d1.loss_map_dir: 0.0231, d2.loss_map_cls: 0.2847, d2.loss_map_pts: 1.4827, d2.loss_map_dir: 0.0235, d3.loss_map_cls: 0.2878, d3.loss_map_pts: 1.4538, d3.loss_map_dir: 0.0240, d4.loss_map_cls: 0.2870, d4.loss_map_pts: 1.4526, d4.loss_map_dir: 0.0242, d5.loss_map_cls: 0.2884, d5.loss_map_pts: 1.4522, d5.loss_map_dir: 0.0243, d6.loss_map_cls: 0.2896, d6.loss_map_pts: 1.4530, d6.loss_map_dir: 0.0243, d7.loss_map_cls: 0.2913, d7.loss_map_pts: 1.4526, d7.loss_map_dir: 0.0243, loss: 61.9459, grad_norm: 4764.7835
2026-05-25 17:37:09,025 - DriveTransformer - INFO - Iter [11800/12870]	lr: 8.046e-07, eta: 0:18:51, time: 1.130, data_time: 0.073, memory: 21577, loss_cls: 0.6408, loss_bbox: 0.5894, loss_traj: 1.3862, loss_traj_cls: 0.0004, loss_map_cls: 0.3496, loss_map_pts: 1.5007, loss_map_dir: 0.0201, d0.loss_plan_l1_fix_time: 2.3173, d0.loss_plan_l1_fix_dist: 0.2820, d1.loss_plan_l1_fix_time: 1.9076, d1.loss_plan_l1_fix_dist: 0.2747, d2.loss_plan_l1_fix_time: 1.8709, d2.loss_plan_l1_fix_dist: 0.2724, d3.loss_plan_l1_fix_time: 1.8657, d3.loss_plan_l1_fix_dist: 0.2739, d4.loss_plan_l1_fix_time: 1.8646, d4.loss_plan_l1_fix_dist: 0.2760, d5.loss_plan_l1_fix_time: 1.8649, d5.loss_plan_l1_fix_dist: 0.2794, d6.loss_plan_l1_fix_time: 1.8654, d6.loss_plan_l1_fix_dist: 0.2831, d7.loss_plan_l1_fix_time: 1.8661, d7.loss_plan_l1_fix_dist: 0.2874, d8.loss_plan_l1_fix_time: 1.8669, d8.loss_plan_l1_fix_dist: 0.2917, d0.loss_cls_all: 0.6815, d0.loss_bbox_all: 0.6514, d0.loss_cls: 0.6815, d0.loss_bbox: 0.6514, d1.loss_cls: 0.6442, d1.loss_bbox: 0.6183, d2.loss_cls: 0.6396, d2.loss_bbox: 0.5982, d3.loss_cls: 0.6353, d3.loss_bbox: 0.5890, d4.loss_cls: 0.6347, d4.loss_bbox: 0.5871, d5.loss_cls: 0.6380, d5.loss_bbox: 0.5840, d6.loss_cls: 0.6356, d6.loss_bbox: 0.5821, d7.loss_cls: 0.6370, d7.loss_bbox: 0.5863, d0.loss_traj_cls: 0.0003, d0.loss_traj: 1.5415, d1.loss_traj_cls: 0.0003, d1.loss_traj: 1.3896, d2.loss_traj_cls: 0.0003, d2.loss_traj: 1.3680, d3.loss_traj_cls: 0.0003, d3.loss_traj: 1.3460, d4.loss_traj_cls: 0.0003, d4.loss_traj: 1.3537, d5.loss_traj_cls: 0.0003, d5.loss_traj: 1.3579, d6.loss_traj_cls: 0.0003, d6.loss_traj: 1.3639, d7.loss_traj_cls: 0.0003, d7.loss_traj: 1.3710, d0.loss_map_cls_all: 0.3934, d0.loss_map_pts_all: 2.3997, d0.loss_map_dir_all: 0.0189, d0.loss_map_cls: 0.3934, d0.loss_map_pts: 2.3997, d0.loss_map_dir: 0.0189, d1.loss_map_cls: 0.3539, d1.loss_map_pts: 1.8260, d1.loss_map_dir: 0.0186, d2.loss_map_cls: 0.3369, d2.loss_map_pts: 1.5930, d2.loss_map_dir: 0.0192, d3.loss_map_cls: 0.3372, d3.loss_map_pts: 1.5340, d3.loss_map_dir: 0.0196, d4.loss_map_cls: 0.3456, d4.loss_map_pts: 1.5135, d4.loss_map_dir: 0.0198, d5.loss_map_cls: 0.3473, d5.loss_map_pts: 1.5087, d5.loss_map_dir: 0.0198, d6.loss_map_cls: 0.3479, d6.loss_map_pts: 1.5068, d6.loss_map_dir: 0.0199, d7.loss_map_cls: 0.3498, d7.loss_map_pts: 1.5033, d7.loss_map_dir: 0.0200, loss: 65.8312, grad_norm: 6386.7207
2026-05-25 17:38:02,120 - DriveTransformer - INFO - Iter [11850/12870]	lr: 7.588e-07, eta: 0:17:58, time: 1.062, data_time: 0.072, memory: 21577, loss_cls: 0.6723, loss_bbox: 0.7627, loss_traj: 1.4072, loss_traj_cls: 0.0003, loss_map_cls: 0.2055, loss_map_pts: 1.1412, loss_map_dir: 0.0046, d0.loss_plan_l1_fix_time: 2.5366, d0.loss_plan_l1_fix_dist: 0.4054, d1.loss_plan_l1_fix_time: 2.3781, d1.loss_plan_l1_fix_dist: 0.3908, d2.loss_plan_l1_fix_time: 2.3676, d2.loss_plan_l1_fix_dist: 0.3855, d3.loss_plan_l1_fix_time: 2.3645, d3.loss_plan_l1_fix_dist: 0.3830, d4.loss_plan_l1_fix_time: 2.3626, d4.loss_plan_l1_fix_dist: 0.3840, d5.loss_plan_l1_fix_time: 2.3623, d5.loss_plan_l1_fix_dist: 0.3869, d6.loss_plan_l1_fix_time: 2.3625, d6.loss_plan_l1_fix_dist: 0.3905, d7.loss_plan_l1_fix_time: 2.3636, d7.loss_plan_l1_fix_dist: 0.3949, d8.loss_plan_l1_fix_time: 2.3650, d8.loss_plan_l1_fix_dist: 0.4001, d0.loss_cls_all: 0.7806, d0.loss_bbox_all: 0.8520, d0.loss_cls: 0.7806, d0.loss_bbox: 0.8520, d1.loss_cls: 0.6963, d1.loss_bbox: 0.8045, d2.loss_cls: 0.6879, d2.loss_bbox: 0.7866, d3.loss_cls: 0.6798, d3.loss_bbox: 0.7777, d4.loss_cls: 0.6776, d4.loss_bbox: 0.7710, d5.loss_cls: 0.6750, d5.loss_bbox: 0.7667, d6.loss_cls: 0.6740, d6.loss_bbox: 0.7616, d7.loss_cls: 0.6731, d7.loss_bbox: 0.7631, d0.loss_traj_cls: 0.0003, d0.loss_traj: 1.8623, d1.loss_traj_cls: 0.0003, d1.loss_traj: 1.4681, d2.loss_traj_cls: 0.0003, d2.loss_traj: 1.4043, d3.loss_traj_cls: 0.0003, d3.loss_traj: 1.3769, d4.loss_traj_cls: 0.0003, d4.loss_traj: 1.3808, d5.loss_traj_cls: 0.0003, d5.loss_traj: 1.3964, d6.loss_traj_cls: 0.0003, d6.loss_traj: 1.4165, d7.loss_traj_cls: 0.0003, d7.loss_traj: 1.4066, d0.loss_map_cls_all: 0.2715, d0.loss_map_pts_all: 1.7791, d0.loss_map_dir_all: 0.0050, d0.loss_map_cls: 0.2715, d0.loss_map_pts: 1.7791, d0.loss_map_dir: 0.0050, d1.loss_map_cls: 0.2204, d1.loss_map_pts: 1.3800, d1.loss_map_dir: 0.0048, d2.loss_map_cls: 0.2007, d2.loss_map_pts: 1.2148, d2.loss_map_dir: 0.0046, d3.loss_map_cls: 0.1978, d3.loss_map_pts: 1.1669, d3.loss_map_dir: 0.0044, d4.loss_map_cls: 0.1974, d4.loss_map_pts: 1.1536, d4.loss_map_dir: 0.0044, d5.loss_map_cls: 0.2019, d5.loss_map_pts: 1.1464, d5.loss_map_dir: 0.0045, d6.loss_map_cls: 0.2033, d6.loss_map_pts: 1.1446, d6.loss_map_dir: 0.0045, d7.loss_map_cls: 0.2051, d7.loss_map_pts: 1.1432, d7.loss_map_dir: 0.0045, loss: 68.2709, grad_norm: 3016.9477
2026-05-25 17:38:54,208 - DriveTransformer - INFO - Iter [11900/12870]	lr: 7.152e-07, eta: 0:17:05, time: 1.042, data_time: 0.072, memory: 21577, loss_cls: 0.6351, loss_bbox: 0.8101, loss_traj: 0.9446, loss_traj_cls: 0.0003, loss_map_cls: 0.2269, loss_map_pts: 0.8217, loss_map_dir: 0.0047, d0.loss_plan_l1_fix_time: 2.6372, d0.loss_plan_l1_fix_dist: 0.2988, d1.loss_plan_l1_fix_time: 2.7588, d1.loss_plan_l1_fix_dist: 0.2807, d2.loss_plan_l1_fix_time: 2.7695, d2.loss_plan_l1_fix_dist: 0.2771, d3.loss_plan_l1_fix_time: 2.7729, d3.loss_plan_l1_fix_dist: 0.2785, d4.loss_plan_l1_fix_time: 2.7743, d4.loss_plan_l1_fix_dist: 0.2826, d5.loss_plan_l1_fix_time: 2.7761, d5.loss_plan_l1_fix_dist: 0.2851, d6.loss_plan_l1_fix_time: 2.7782, d6.loss_plan_l1_fix_dist: 0.2886, d7.loss_plan_l1_fix_time: 2.7806, d7.loss_plan_l1_fix_dist: 0.2924, d8.loss_plan_l1_fix_time: 2.7832, d8.loss_plan_l1_fix_dist: 0.2974, d0.loss_cls_all: 0.7161, d0.loss_bbox_all: 0.8648, d0.loss_cls: 0.7161, d0.loss_bbox: 0.8648, d1.loss_cls: 0.6660, d1.loss_bbox: 0.8507, d2.loss_cls: 0.6413, d2.loss_bbox: 0.8481, d3.loss_cls: 0.6262, d3.loss_bbox: 0.8319, d4.loss_cls: 0.6228, d4.loss_bbox: 0.8191, d5.loss_cls: 0.6235, d5.loss_bbox: 0.8105, d6.loss_cls: 0.6264, d6.loss_bbox: 0.8069, d7.loss_cls: 0.6274, d7.loss_bbox: 0.8091, d0.loss_traj_cls: 0.0003, d0.loss_traj: 1.2586, d1.loss_traj_cls: 0.0003, d1.loss_traj: 1.0062, d2.loss_traj_cls: 0.0003, d2.loss_traj: 0.9702, d3.loss_traj_cls: 0.0003, d3.loss_traj: 0.9367, d4.loss_traj_cls: 0.0003, d4.loss_traj: 0.9330, d5.loss_traj_cls: 0.0003, d5.loss_traj: 0.9246, d6.loss_traj_cls: 0.0003, d6.loss_traj: 0.9337, d7.loss_traj_cls: 0.0003, d7.loss_traj: 0.9316, d0.loss_map_cls_all: 0.2962, d0.loss_map_pts_all: 1.2320, d0.loss_map_dir_all: 0.0031, d0.loss_map_cls: 0.2962, d0.loss_map_pts: 1.2320, d0.loss_map_dir: 0.0031, d1.loss_map_cls: 0.2351, d1.loss_map_pts: 0.9389, d1.loss_map_dir: 0.0037, d2.loss_map_cls: 0.2236, d2.loss_map_pts: 0.8456, d2.loss_map_dir: 0.0041, d3.loss_map_cls: 0.2201, d3.loss_map_pts: 0.8259, d3.loss_map_dir: 0.0044, d4.loss_map_cls: 0.2230, d4.loss_map_pts: 0.8198, d4.loss_map_dir: 0.0044, d5.loss_map_cls: 0.2246, d5.loss_map_pts: 0.8201, d5.loss_map_dir: 0.0046, d6.loss_map_cls: 0.2262, d6.loss_map_pts: 0.8198, d6.loss_map_dir: 0.0046, d7.loss_map_cls: 0.2277, d7.loss_map_pts: 0.8197, d7.loss_map_dir: 0.0046, loss: 62.6873, grad_norm: 6691.1872
2026-05-25 17:39:45,925 - DriveTransformer - INFO - Iter [11950/12870]	lr: 6.737e-07, eta: 0:16:12, time: 1.034, data_time: 0.069, memory: 21577, loss_cls: 0.6507, loss_bbox: 0.6887, loss_traj: 3.4696, loss_traj_cls: 0.0003, loss_map_cls: 0.2678, loss_map_pts: 1.0640, loss_map_dir: 0.0060, d0.loss_plan_l1_fix_time: 2.0926, d0.loss_plan_l1_fix_dist: 0.2325, d1.loss_plan_l1_fix_time: 1.7093, d1.loss_plan_l1_fix_dist: 0.2213, d2.loss_plan_l1_fix_time: 1.6871, d2.loss_plan_l1_fix_dist: 0.2224, d3.loss_plan_l1_fix_time: 1.6851, d3.loss_plan_l1_fix_dist: 0.2259, d4.loss_plan_l1_fix_time: 1.6857, d4.loss_plan_l1_fix_dist: 0.2303, d5.loss_plan_l1_fix_time: 1.6874, d5.loss_plan_l1_fix_dist: 0.2346, d6.loss_plan_l1_fix_time: 1.6891, d6.loss_plan_l1_fix_dist: 0.2393, d7.loss_plan_l1_fix_time: 1.6910, d7.loss_plan_l1_fix_dist: 0.2446, d8.loss_plan_l1_fix_time: 1.6933, d8.loss_plan_l1_fix_dist: 0.2499, d0.loss_cls_all: 0.7306, d0.loss_bbox_all: 0.8123, d0.loss_cls: 0.7306, d0.loss_bbox: 0.8123, d1.loss_cls: 0.6747, d1.loss_bbox: 0.7553, d2.loss_cls: 0.6650, d2.loss_bbox: 0.7254, d3.loss_cls: 0.6536, d3.loss_bbox: 0.7134, d4.loss_cls: 0.6522, d4.loss_bbox: 0.6996, d5.loss_cls: 0.6519, d5.loss_bbox: 0.6878, d6.loss_cls: 0.6506, d6.loss_bbox: 0.6857, d7.loss_cls: 0.6494, d7.loss_bbox: 0.6886, d0.loss_traj_cls: 0.0003, d0.loss_traj: 3.8807, d1.loss_traj_cls: 0.0003, d1.loss_traj: 3.5062, d2.loss_traj_cls: 0.0003, d2.loss_traj: 3.4360, d3.loss_traj_cls: 0.0003, d3.loss_traj: 3.4257, d4.loss_traj_cls: 0.0003, d4.loss_traj: 3.4275, d5.loss_traj_cls: 0.0003, d5.loss_traj: 3.4307, d6.loss_traj_cls: 0.0003, d6.loss_traj: 3.4449, d7.loss_traj_cls: 0.0003, d7.loss_traj: 3.4504, d0.loss_map_cls_all: 0.3674, d0.loss_map_pts_all: 1.4552, d0.loss_map_dir_all: 0.0058, d0.loss_map_cls: 0.3674, d0.loss_map_pts: 1.4552, d0.loss_map_dir: 0.0058, d1.loss_map_cls: 0.3024, d1.loss_map_pts: 1.1811, d1.loss_map_dir: 0.0059, d2.loss_map_cls: 0.2690, d2.loss_map_pts: 1.1132, d2.loss_map_dir: 0.0058, d3.loss_map_cls: 0.2609, d3.loss_map_pts: 1.0890, d3.loss_map_dir: 0.0058, d4.loss_map_cls: 0.2604, d4.loss_map_pts: 1.0791, d4.loss_map_dir: 0.0058, d5.loss_map_cls: 0.2622, d5.loss_map_pts: 1.0743, d5.loss_map_dir: 0.0059, d6.loss_map_cls: 0.2642, d6.loss_map_pts: 1.0702, d6.loss_map_dir: 0.0059, d7.loss_map_cls: 0.2672, d7.loss_map_pts: 1.0664, d7.loss_map_dir: 0.0059, loss: 77.7695, grad_norm: 6139.2938
2026-05-25 17:40:36,525 - DriveTransformer - INFO - Exp name: drivetransformer_large_single_gpu_24g_30epoch.py
2026-05-25 17:40:36,525 - DriveTransformer - INFO - Iter [12000/12870]	lr: 6.344e-07, eta: 0:15:19, time: 1.012, data_time: 0.065, memory: 21577, loss_cls: 0.6742, loss_bbox: 0.6962, loss_traj: 1.1675, loss_traj_cls: 0.0003, loss_map_cls: 0.2774, loss_map_pts: 1.1454, loss_map_dir: 0.0064, d0.loss_plan_l1_fix_time: 3.8925, d0.loss_plan_l1_fix_dist: 0.5214, d1.loss_plan_l1_fix_time: 3.6138, d1.loss_plan_l1_fix_dist: 0.5042, d2.loss_plan_l1_fix_time: 3.5798, d2.loss_plan_l1_fix_dist: 0.4951, d3.loss_plan_l1_fix_time: 3.5700, d3.loss_plan_l1_fix_dist: 0.4917, d4.loss_plan_l1_fix_time: 3.5658, d4.loss_plan_l1_fix_dist: 0.4925, d5.loss_plan_l1_fix_time: 3.5641, d5.loss_plan_l1_fix_dist: 0.4962, d6.loss_plan_l1_fix_time: 3.5631, d6.loss_plan_l1_fix_dist: 0.5002, d7.loss_plan_l1_fix_time: 3.5626, d7.loss_plan_l1_fix_dist: 0.5056, d8.loss_plan_l1_fix_time: 3.5625, d8.loss_plan_l1_fix_dist: 0.5115, d0.loss_cls_all: 0.7008, d0.loss_bbox_all: 0.7729, d0.loss_cls: 0.7008, d0.loss_bbox: 0.7729, d1.loss_cls: 0.6677, d1.loss_bbox: 0.7494, d2.loss_cls: 0.6699, d2.loss_bbox: 0.7271, d3.loss_cls: 0.6715, d3.loss_bbox: 0.7132, d4.loss_cls: 0.6753, d4.loss_bbox: 0.7058, d5.loss_cls: 0.6745, d5.loss_bbox: 0.7016, d6.loss_cls: 0.6749, d6.loss_bbox: 0.6978, d7.loss_cls: 0.6744, d7.loss_bbox: 0.6965, d0.loss_traj_cls: 0.0003, d0.loss_traj: 1.2657, d1.loss_traj_cls: 0.0003, d1.loss_traj: 1.1476, d2.loss_traj_cls: 0.0003, d2.loss_traj: 1.1356, d3.loss_traj_cls: 0.0003, d3.loss_traj: 1.1154, d4.loss_traj_cls: 0.0003, d4.loss_traj: 1.1236, d5.loss_traj_cls: 0.0003, d5.loss_traj: 1.1400, d6.loss_traj_cls: 0.0003, d6.loss_traj: 1.1462, d7.loss_traj_cls: 0.0003, d7.loss_traj: 1.1607, d0.loss_map_cls_all: 0.3515, d0.loss_map_pts_all: 1.4906, d0.loss_map_dir_all: 0.0058, d0.loss_map_cls: 0.3515, d0.loss_map_pts: 1.4906, d0.loss_map_dir: 0.0058, d1.loss_map_cls: 0.2838, d1.loss_map_pts: 1.2877, d1.loss_map_dir: 0.0060, d2.loss_map_cls: 0.2658, d2.loss_map_pts: 1.2054, d2.loss_map_dir: 0.0061, d3.loss_map_cls: 0.2607, d3.loss_map_pts: 1.1740, d3.loss_map_dir: 0.0062, d4.loss_map_cls: 0.2703, d4.loss_map_pts: 1.1574, d4.loss_map_dir: 0.0063, d5.loss_map_cls: 0.2733, d5.loss_map_pts: 1.1531, d5.loss_map_dir: 0.0063, d6.loss_map_cls: 0.2761, d6.loss_map_pts: 1.1492, d6.loss_map_dir: 0.0064, d7.loss_map_cls: 0.2774, d7.loss_map_pts: 1.1470, d7.loss_map_dir: 0.0064, loss: 76.7651, grad_norm: 2550.4999
2026-05-25 17:40:49,552 - DriveTransformer - INFO - Saving checkpoint at 12012 iterations
2026-05-25 17:41:35,943 - DriveTransformer - INFO - Iter [12050/12870]	lr: 5.972e-07, eta: 0:14:27, time: 1.188, data_time: 0.064, memory: 21577, loss_cls: 0.6780, loss_bbox: 0.7570, loss_traj: 1.4508, loss_traj_cls: 0.0004, loss_map_cls: 0.2929, loss_map_pts: 1.2752, loss_map_dir: 0.0075, d0.loss_plan_l1_fix_time: 2.1663, d0.loss_plan_l1_fix_dist: 0.3108, d1.loss_plan_l1_fix_time: 1.9567, d1.loss_plan_l1_fix_dist: 0.2928, d2.loss_plan_l1_fix_time: 1.9391, d2.loss_plan_l1_fix_dist: 0.2905, d3.loss_plan_l1_fix_time: 1.9363, d3.loss_plan_l1_fix_dist: 0.2915, d4.loss_plan_l1_fix_time: 1.9364, d4.loss_plan_l1_fix_dist: 0.2962, d5.loss_plan_l1_fix_time: 1.9371, d5.loss_plan_l1_fix_dist: 0.3000, d6.loss_plan_l1_fix_time: 1.9382, d6.loss_plan_l1_fix_dist: 0.3047, d7.loss_plan_l1_fix_time: 1.9401, d7.loss_plan_l1_fix_dist: 0.3089, d8.loss_plan_l1_fix_time: 1.9424, d8.loss_plan_l1_fix_dist: 0.3140, d0.loss_cls_all: 0.7655, d0.loss_bbox_all: 0.8388, d0.loss_cls: 0.7655, d0.loss_bbox: 0.8388, d1.loss_cls: 0.6901, d1.loss_bbox: 0.7860, d2.loss_cls: 0.6811, d2.loss_bbox: 0.7681, d3.loss_cls: 0.6765, d3.loss_bbox: 0.7636, d4.loss_cls: 0.6759, d4.loss_bbox: 0.7594, d5.loss_cls: 0.6760, d5.loss_bbox: 0.7556, d6.loss_cls: 0.6758, d6.loss_bbox: 0.7554, d7.loss_cls: 0.6763, d7.loss_bbox: 0.7568, d0.loss_traj_cls: 0.0004, d0.loss_traj: 1.8959, d1.loss_traj_cls: 0.0003, d1.loss_traj: 1.4849, d2.loss_traj_cls: 0.0003, d2.loss_traj: 1.4269, d3.loss_traj_cls: 0.0003, d3.loss_traj: 1.3944, d4.loss_traj_cls: 0.0003, d4.loss_traj: 1.4001, d5.loss_traj_cls: 0.0003, d5.loss_traj: 1.4182, d6.loss_traj_cls: 0.0004, d6.loss_traj: 1.4243, d7.loss_traj_cls: 0.0004, d7.loss_traj: 1.4348, d0.loss_map_cls_all: 0.4169, d0.loss_map_pts_all: 1.7945, d0.loss_map_dir_all: 0.0075, d0.loss_map_cls: 0.4169, d0.loss_map_pts: 1.7945, d0.loss_map_dir: 0.0075, d1.loss_map_cls: 0.3442, d1.loss_map_pts: 1.5210, d1.loss_map_dir: 0.0073, d2.loss_map_cls: 0.2975, d2.loss_map_pts: 1.3555, d2.loss_map_dir: 0.0073, d3.loss_map_cls: 0.2871, d3.loss_map_pts: 1.3014, d3.loss_map_dir: 0.0072, d4.loss_map_cls: 0.2902, d4.loss_map_pts: 1.2841, d4.loss_map_dir: 0.0073, d5.loss_map_cls: 0.2917, d5.loss_map_pts: 1.2787, d5.loss_map_dir: 0.0074, d6.loss_map_cls: 0.2942, d6.loss_map_pts: 1.2751, d6.loss_map_dir: 0.0074, d7.loss_map_cls: 0.2953, d7.loss_map_pts: 1.2736, d7.loss_map_dir: 0.0075, loss: 65.9306, grad_norm: 7385.7860
2026-05-25 17:42:28,147 - DriveTransformer - INFO - Iter [12100/12870]	lr: 5.622e-07, eta: 0:13:34, time: 1.044, data_time: 0.068, memory: 21577, loss_cls: 0.6174, loss_bbox: 0.7035, loss_traj: 0.9264, loss_traj_cls: 0.0004, loss_map_cls: 0.2555, loss_map_pts: 0.9236, loss_map_dir: 0.0050, d0.loss_plan_l1_fix_time: 2.0328, d0.loss_plan_l1_fix_dist: 0.2404, d1.loss_plan_l1_fix_time: 1.9365, d1.loss_plan_l1_fix_dist: 0.2291, d2.loss_plan_l1_fix_time: 1.9242, d2.loss_plan_l1_fix_dist: 0.2294, d3.loss_plan_l1_fix_time: 1.9231, d3.loss_plan_l1_fix_dist: 0.2319, d4.loss_plan_l1_fix_time: 1.9237, d4.loss_plan_l1_fix_dist: 0.2356, d5.loss_plan_l1_fix_time: 1.9249, d5.loss_plan_l1_fix_dist: 0.2390, d6.loss_plan_l1_fix_time: 1.9268, d6.loss_plan_l1_fix_dist: 0.2432, d7.loss_plan_l1_fix_time: 1.9289, d7.loss_plan_l1_fix_dist: 0.2475, d8.loss_plan_l1_fix_time: 1.9314, d8.loss_plan_l1_fix_dist: 0.2518, d0.loss_cls_all: 0.6989, d0.loss_bbox_all: 0.7862, d0.loss_cls: 0.6989, d0.loss_bbox: 0.7862, d1.loss_cls: 0.6411, d1.loss_bbox: 0.7411, d2.loss_cls: 0.6200, d2.loss_bbox: 0.7309, d3.loss_cls: 0.6087, d3.loss_bbox: 0.7188, d4.loss_cls: 0.6085, d4.loss_bbox: 0.7052, d5.loss_cls: 0.6091, d5.loss_bbox: 0.6984, d6.loss_cls: 0.6127, d6.loss_bbox: 0.6952, d7.loss_cls: 0.6144, d7.loss_bbox: 0.7011, d0.loss_traj_cls: 0.0003, d0.loss_traj: 1.3612, d1.loss_traj_cls: 0.0003, d1.loss_traj: 1.0454, d2.loss_traj_cls: 0.0003, d2.loss_traj: 0.9812, d3.loss_traj_cls: 0.0003, d3.loss_traj: 0.9398, d4.loss_traj_cls: 0.0003, d4.loss_traj: 0.9311, d5.loss_traj_cls: 0.0003, d5.loss_traj: 0.9221, d6.loss_traj_cls: 0.0003, d6.loss_traj: 0.9264, d7.loss_traj_cls: 0.0003, d7.loss_traj: 0.9254, d0.loss_map_cls_all: 0.3650, d0.loss_map_pts_all: 1.3745, d0.loss_map_dir_all: 0.0034, d0.loss_map_cls: 0.3650, d0.loss_map_pts: 1.3745, d0.loss_map_dir: 0.0034, d1.loss_map_cls: 0.2802, d1.loss_map_pts: 1.0640, d1.loss_map_dir: 0.0041, d2.loss_map_cls: 0.2509, d2.loss_map_pts: 0.9655, d2.loss_map_dir: 0.0044, d3.loss_map_cls: 0.2477, d3.loss_map_pts: 0.9388, d3.loss_map_dir: 0.0047, d4.loss_map_cls: 0.2480, d4.loss_map_pts: 0.9309, d4.loss_map_dir: 0.0048, d5.loss_map_cls: 0.2505, d5.loss_map_pts: 0.9286, d5.loss_map_dir: 0.0049, d6.loss_map_cls: 0.2531, d6.loss_map_pts: 0.9261, d6.loss_map_dir: 0.0049, d7.loss_map_cls: 0.2548, d7.loss_map_pts: 0.9250, d7.loss_map_dir: 0.0050, loss: 55.3253, grad_norm: 3663.4723
2026-05-25 17:43:19,033 - DriveTransformer - INFO - Iter [12150/12870]	lr: 5.294e-07, eta: 0:12:41, time: 1.018, data_time: 0.072, memory: 21577, loss_cls: 0.6311, loss_bbox: 0.7686, loss_traj: 1.3781, loss_traj_cls: 0.0004, loss_map_cls: 0.2056, loss_map_pts: 1.0537, loss_map_dir: 0.0038, d0.loss_plan_l1_fix_time: 4.1253, d0.loss_plan_l1_fix_dist: 0.3075, d1.loss_plan_l1_fix_time: 3.9211, d1.loss_plan_l1_fix_dist: 0.2812, d2.loss_plan_l1_fix_time: 3.8842, d2.loss_plan_l1_fix_dist: 0.2774, d3.loss_plan_l1_fix_time: 3.8778, d3.loss_plan_l1_fix_dist: 0.2799, d4.loss_plan_l1_fix_time: 3.8771, d4.loss_plan_l1_fix_dist: 0.2835, d5.loss_plan_l1_fix_time: 3.8779, d5.loss_plan_l1_fix_dist: 0.2866, d6.loss_plan_l1_fix_time: 3.8795, d6.loss_plan_l1_fix_dist: 0.2905, d7.loss_plan_l1_fix_time: 3.8817, d7.loss_plan_l1_fix_dist: 0.2950, d8.loss_plan_l1_fix_time: 3.8840, d8.loss_plan_l1_fix_dist: 0.3001, d0.loss_cls_all: 0.7467, d0.loss_bbox_all: 0.8409, d0.loss_cls: 0.7467, d0.loss_bbox: 0.8409, d1.loss_cls: 0.6794, d1.loss_bbox: 0.8070, d2.loss_cls: 0.6554, d2.loss_bbox: 0.7889, d3.loss_cls: 0.6391, d3.loss_bbox: 0.7802, d4.loss_cls: 0.6343, d4.loss_bbox: 0.7674, d5.loss_cls: 0.6319, d5.loss_bbox: 0.7602, d6.loss_cls: 0.6306, d6.loss_bbox: 0.7609, d7.loss_cls: 0.6302, d7.loss_bbox: 0.7639, d0.loss_traj_cls: 0.0004, d0.loss_traj: 1.8344, d1.loss_traj_cls: 0.0003, d1.loss_traj: 1.4287, d2.loss_traj_cls: 0.0003, d2.loss_traj: 1.3764, d3.loss_traj_cls: 0.0003, d3.loss_traj: 1.3523, d4.loss_traj_cls: 0.0003, d4.loss_traj: 1.3557, d5.loss_traj_cls: 0.0004, d5.loss_traj: 1.3617, d6.loss_traj_cls: 0.0004, d6.loss_traj: 1.3695, d7.loss_traj_cls: 0.0004, d7.loss_traj: 1.3775, d0.loss_map_cls_all: 0.3196, d0.loss_map_pts_all: 1.4512, d0.loss_map_dir_all: 0.0034, d0.loss_map_cls: 0.3196, d0.loss_map_pts: 1.4512, d0.loss_map_dir: 0.0034, d1.loss_map_cls: 0.2528, d1.loss_map_pts: 1.1949, d1.loss_map_dir: 0.0035, d2.loss_map_cls: 0.2197, d2.loss_map_pts: 1.0956, d2.loss_map_dir: 0.0036, d3.loss_map_cls: 0.2071, d3.loss_map_pts: 1.0690, d3.loss_map_dir: 0.0037, d4.loss_map_cls: 0.2062, d4.loss_map_pts: 1.0596, d4.loss_map_dir: 0.0038, d5.loss_map_cls: 0.2057, d5.loss_map_pts: 1.0564, d5.loss_map_dir: 0.0038, d6.loss_map_cls: 0.2059, d6.loss_map_pts: 1.0554, d6.loss_map_dir: 0.0038, d7.loss_map_cls: 0.2069, d7.loss_map_pts: 1.0537, d7.loss_map_dir: 0.0038, loss: 79.0788, grad_norm: 3513.0911
2026-05-25 17:44:10,293 - DriveTransformer - INFO - Iter [12200/12870]	lr: 4.988e-07, eta: 0:11:48, time: 1.025, data_time: 0.074, memory: 21577, loss_cls: 0.6136, loss_bbox: 0.6541, loss_traj: 1.0815, loss_traj_cls: 0.0003, loss_map_cls: 0.2929, loss_map_pts: 1.1160, loss_map_dir: 0.0081, d0.loss_plan_l1_fix_time: 1.2831, d0.loss_plan_l1_fix_dist: 0.1935, d1.loss_plan_l1_fix_time: 1.0561, d1.loss_plan_l1_fix_dist: 0.1894, d2.loss_plan_l1_fix_time: 1.0547, d2.loss_plan_l1_fix_dist: 0.1919, d3.loss_plan_l1_fix_time: 1.0607, d3.loss_plan_l1_fix_dist: 0.1958, d4.loss_plan_l1_fix_time: 1.0657, d4.loss_plan_l1_fix_dist: 0.2011, d5.loss_plan_l1_fix_time: 1.0699, d5.loss_plan_l1_fix_dist: 0.2066, d6.loss_plan_l1_fix_time: 1.0743, d6.loss_plan_l1_fix_dist: 0.2124, d7.loss_plan_l1_fix_time: 1.0785, d7.loss_plan_l1_fix_dist: 0.2190, d8.loss_plan_l1_fix_time: 1.0826, d8.loss_plan_l1_fix_dist: 0.2257, d0.loss_cls_all: 0.6971, d0.loss_bbox_all: 0.7231, d0.loss_cls: 0.6971, d0.loss_bbox: 0.7231, d1.loss_cls: 0.6379, d1.loss_bbox: 0.6815, d2.loss_cls: 0.6260, d2.loss_bbox: 0.6774, d3.loss_cls: 0.6143, d3.loss_bbox: 0.6623, d4.loss_cls: 0.6150, d4.loss_bbox: 0.6487, d5.loss_cls: 0.6164, d5.loss_bbox: 0.6423, d6.loss_cls: 0.6144, d6.loss_bbox: 0.6447, d7.loss_cls: 0.6118, d7.loss_bbox: 0.6511, d0.loss_traj_cls: 0.0003, d0.loss_traj: 1.2072, d1.loss_traj_cls: 0.0003, d1.loss_traj: 1.0863, d2.loss_traj_cls: 0.0003, d2.loss_traj: 1.0557, d3.loss_traj_cls: 0.0003, d3.loss_traj: 1.0398, d4.loss_traj_cls: 0.0003, d4.loss_traj: 1.0343, d5.loss_traj_cls: 0.0003, d5.loss_traj: 1.0390, d6.loss_traj_cls: 0.0003, d6.loss_traj: 1.0504, d7.loss_traj_cls: 0.0003, d7.loss_traj: 1.0681, d0.loss_map_cls_all: 0.3617, d0.loss_map_pts_all: 1.6050, d0.loss_map_dir_all: 0.0074, d0.loss_map_cls: 0.3617, d0.loss_map_pts: 1.6050, d0.loss_map_dir: 0.0074, d1.loss_map_cls: 0.3071, d1.loss_map_pts: 1.3083, d1.loss_map_dir: 0.0075, d2.loss_map_cls: 0.2800, d2.loss_map_pts: 1.1968, d2.loss_map_dir: 0.0076, d3.loss_map_cls: 0.2776, d3.loss_map_pts: 1.1511, d3.loss_map_dir: 0.0078, d4.loss_map_cls: 0.2871, d4.loss_map_pts: 1.1308, d4.loss_map_dir: 0.0081, d5.loss_map_cls: 0.2887, d5.loss_map_pts: 1.1251, d5.loss_map_dir: 0.0080, d6.loss_map_cls: 0.2903, d6.loss_map_pts: 1.1211, d6.loss_map_dir: 0.0081, d7.loss_map_cls: 0.2943, d7.loss_map_pts: 1.1160, d7.loss_map_dir: 0.0081, loss: 49.9724, grad_norm: 3646.1458
2026-05-25 17:45:03,064 - DriveTransformer - INFO - Iter [12250/12870]	lr: 4.703e-07, eta: 0:10:55, time: 1.055, data_time: 0.071, memory: 21577, loss_cls: 0.7024, loss_bbox: 0.6054, loss_traj: 1.9808, loss_traj_cls: 0.0003, loss_map_cls: 0.3339, loss_map_pts: 1.4532, loss_map_dir: 0.0120, d0.loss_plan_l1_fix_time: 2.7845, d0.loss_plan_l1_fix_dist: 0.1886, d1.loss_plan_l1_fix_time: 2.5357, d1.loss_plan_l1_fix_dist: 0.1814, d2.loss_plan_l1_fix_time: 2.5194, d2.loss_plan_l1_fix_dist: 0.1825, d3.loss_plan_l1_fix_time: 2.5223, d3.loss_plan_l1_fix_dist: 0.1856, d4.loss_plan_l1_fix_time: 2.5252, d4.loss_plan_l1_fix_dist: 0.1893, d5.loss_plan_l1_fix_time: 2.5285, d5.loss_plan_l1_fix_dist: 0.1933, d6.loss_plan_l1_fix_time: 2.5318, d6.loss_plan_l1_fix_dist: 0.1974, d7.loss_plan_l1_fix_time: 2.5346, d7.loss_plan_l1_fix_dist: 0.2017, d8.loss_plan_l1_fix_time: 2.5378, d8.loss_plan_l1_fix_dist: 0.2061, d0.loss_cls_all: 0.7299, d0.loss_bbox_all: 0.7035, d0.loss_cls: 0.7299, d0.loss_bbox: 0.7035, d1.loss_cls: 0.7065, d1.loss_bbox: 0.6503, d2.loss_cls: 0.7064, d2.loss_bbox: 0.6286, d3.loss_cls: 0.7018, d3.loss_bbox: 0.6219, d4.loss_cls: 0.7032, d4.loss_bbox: 0.6166, d5.loss_cls: 0.7030, d5.loss_bbox: 0.6111, d6.loss_cls: 0.7036, d6.loss_bbox: 0.6075, d7.loss_cls: 0.7018, d7.loss_bbox: 0.6055, d0.loss_traj_cls: 0.0003, d0.loss_traj: 2.5036, d1.loss_traj_cls: 0.0003, d1.loss_traj: 2.0167, d2.loss_traj_cls: 0.0003, d2.loss_traj: 1.9579, d3.loss_traj_cls: 0.0003, d3.loss_traj: 1.9318, d4.loss_traj_cls: 0.0003, d4.loss_traj: 1.9456, d5.loss_traj_cls: 0.0003, d5.loss_traj: 1.9406, d6.loss_traj_cls: 0.0003, d6.loss_traj: 1.9508, d7.loss_traj_cls: 0.0003, d7.loss_traj: 1.9681, d0.loss_map_cls_all: 0.4363, d0.loss_map_pts_all: 1.8017, d0.loss_map_dir_all: 0.0124, d0.loss_map_cls: 0.4363, d0.loss_map_pts: 1.8017, d0.loss_map_dir: 0.0124, d1.loss_map_cls: 0.3801, d1.loss_map_pts: 1.6242, d1.loss_map_dir: 0.0117, d2.loss_map_cls: 0.3351, d2.loss_map_pts: 1.5316, d2.loss_map_dir: 0.0117, d3.loss_map_cls: 0.3226, d3.loss_map_pts: 1.4927, d3.loss_map_dir: 0.0117, d4.loss_map_cls: 0.3279, d4.loss_map_pts: 1.4720, d4.loss_map_dir: 0.0119, d5.loss_map_cls: 0.3313, d5.loss_map_pts: 1.4644, d5.loss_map_dir: 0.0120, d6.loss_map_cls: 0.3333, d6.loss_map_pts: 1.4592, d6.loss_map_dir: 0.0119, d7.loss_map_cls: 0.3349, d7.loss_map_pts: 1.4557, d7.loss_map_dir: 0.0120, loss: 75.6342, grad_norm: 7142.2480
2026-05-25 17:45:56,614 - DriveTransformer - INFO - Iter [12300/12870]	lr: 4.440e-07, eta: 0:10:02, time: 1.071, data_time: 0.082, memory: 21577, loss_cls: 0.6235, loss_bbox: 0.5664, loss_traj: 1.8414, loss_traj_cls: 0.0002, loss_map_cls: 0.3358, loss_map_pts: 1.5551, loss_map_dir: 0.0150, d0.loss_plan_l1_fix_time: 2.5109, d0.loss_plan_l1_fix_dist: 0.3409, d1.loss_plan_l1_fix_time: 2.2641, d1.loss_plan_l1_fix_dist: 0.3260, d2.loss_plan_l1_fix_time: 2.2284, d2.loss_plan_l1_fix_dist: 0.3182, d3.loss_plan_l1_fix_time: 2.2209, d3.loss_plan_l1_fix_dist: 0.3148, d4.loss_plan_l1_fix_time: 2.2198, d4.loss_plan_l1_fix_dist: 0.3143, d5.loss_plan_l1_fix_time: 2.2210, d5.loss_plan_l1_fix_dist: 0.3159, d6.loss_plan_l1_fix_time: 2.2224, d6.loss_plan_l1_fix_dist: 0.3175, d7.loss_plan_l1_fix_time: 2.2240, d7.loss_plan_l1_fix_dist: 0.3198, d8.loss_plan_l1_fix_time: 2.2263, d8.loss_plan_l1_fix_dist: 0.3231, d0.loss_cls_all: 0.6811, d0.loss_bbox_all: 0.6530, d0.loss_cls: 0.6811, d0.loss_bbox: 0.6530, d1.loss_cls: 0.6214, d1.loss_bbox: 0.6095, d2.loss_cls: 0.6208, d2.loss_bbox: 0.5909, d3.loss_cls: 0.6156, d3.loss_bbox: 0.5822, d4.loss_cls: 0.6174, d4.loss_bbox: 0.5803, d5.loss_cls: 0.6191, d5.loss_bbox: 0.5762, d6.loss_cls: 0.6194, d6.loss_bbox: 0.5721, d7.loss_cls: 0.6203, d7.loss_bbox: 0.5688, d0.loss_traj_cls: 0.0002, d0.loss_traj: 1.9883, d1.loss_traj_cls: 0.0002, d1.loss_traj: 1.8794, d2.loss_traj_cls: 0.0002, d2.loss_traj: 1.8480, d3.loss_traj_cls: 0.0002, d3.loss_traj: 1.8256, d4.loss_traj_cls: 0.0002, d4.loss_traj: 1.8180, d5.loss_traj_cls: 0.0002, d5.loss_traj: 1.8212, d6.loss_traj_cls: 0.0002, d6.loss_traj: 1.8229, d7.loss_traj_cls: 0.0002, d7.loss_traj: 1.8268, d0.loss_map_cls_all: 0.4239, d0.loss_map_pts_all: 2.1602, d0.loss_map_dir_all: 0.0147, d0.loss_map_cls: 0.4239, d0.loss_map_pts: 2.1602, d0.loss_map_dir: 0.0147, d1.loss_map_cls: 0.3552, d1.loss_map_pts: 1.8721, d1.loss_map_dir: 0.0146, d2.loss_map_cls: 0.3238, d2.loss_map_pts: 1.7012, d2.loss_map_dir: 0.0143, d3.loss_map_cls: 0.3242, d3.loss_map_pts: 1.6137, d3.loss_map_dir: 0.0143, d4.loss_map_cls: 0.3303, d4.loss_map_pts: 1.5833, d4.loss_map_dir: 0.0146, d5.loss_map_cls: 0.3336, d5.loss_map_pts: 1.5720, d5.loss_map_dir: 0.0148, d6.loss_map_cls: 0.3343, d6.loss_map_pts: 1.5656, d6.loss_map_dir: 0.0148, d7.loss_map_cls: 0.3376, d7.loss_map_pts: 1.5580, d7.loss_map_dir: 0.0149, loss: 73.1846, grad_norm: 6031.4233
2026-05-25 17:46:48,643 - DriveTransformer - INFO - Iter [12350/12870]	lr: 4.199e-07, eta: 0:09:09, time: 1.041, data_time: 0.080, memory: 21577, loss_cls: 0.6167, loss_bbox: 0.6229, loss_traj: 1.8596, loss_traj_cls: 0.0002, loss_map_cls: 0.1427, loss_map_pts: 0.5126, loss_map_dir: 0.0016, d0.loss_plan_l1_fix_time: 2.3009, d0.loss_plan_l1_fix_dist: 0.2185, d1.loss_plan_l1_fix_time: 2.0401, d1.loss_plan_l1_fix_dist: 0.2094, d2.loss_plan_l1_fix_time: 2.0270, d2.loss_plan_l1_fix_dist: 0.2112, d3.loss_plan_l1_fix_time: 2.0277, d3.loss_plan_l1_fix_dist: 0.2134, d4.loss_plan_l1_fix_time: 2.0298, d4.loss_plan_l1_fix_dist: 0.2164, d5.loss_plan_l1_fix_time: 2.0327, d5.loss_plan_l1_fix_dist: 0.2213, d6.loss_plan_l1_fix_time: 2.0355, d6.loss_plan_l1_fix_dist: 0.2267, d7.loss_plan_l1_fix_time: 2.0383, d7.loss_plan_l1_fix_dist: 0.2321, d8.loss_plan_l1_fix_time: 2.0415, d8.loss_plan_l1_fix_dist: 0.2379, d0.loss_cls_all: 0.6869, d0.loss_bbox_all: 0.7214, d0.loss_cls: 0.6869, d0.loss_bbox: 0.7214, d1.loss_cls: 0.6382, d1.loss_bbox: 0.6739, d2.loss_cls: 0.6275, d2.loss_bbox: 0.6485, d3.loss_cls: 0.6215, d3.loss_bbox: 0.6382, d4.loss_cls: 0.6220, d4.loss_bbox: 0.6324, d5.loss_cls: 0.6199, d5.loss_bbox: 0.6260, d6.loss_cls: 0.6195, d6.loss_bbox: 0.6227, d7.loss_cls: 0.6163, d7.loss_bbox: 0.6228, d0.loss_traj_cls: 0.0002, d0.loss_traj: 1.9676, d1.loss_traj_cls: 0.0002, d1.loss_traj: 1.8631, d2.loss_traj_cls: 0.0002, d2.loss_traj: 1.8300, d3.loss_traj_cls: 0.0002, d3.loss_traj: 1.8198, d4.loss_traj_cls: 0.0002, d4.loss_traj: 1.8096, d5.loss_traj_cls: 0.0002, d5.loss_traj: 1.8092, d6.loss_traj_cls: 0.0002, d6.loss_traj: 1.8468, d7.loss_traj_cls: 0.0002, d7.loss_traj: 1.8562, d0.loss_map_cls_all: 0.1880, d0.loss_map_pts_all: 0.9666, d0.loss_map_dir_all: 0.0016, d0.loss_map_cls: 0.1880, d0.loss_map_pts: 0.9666, d0.loss_map_dir: 0.0016, d1.loss_map_cls: 0.1603, d1.loss_map_pts: 0.6435, d1.loss_map_dir: 0.0016, d2.loss_map_cls: 0.1438, d2.loss_map_pts: 0.5463, d2.loss_map_dir: 0.0016, d3.loss_map_cls: 0.1389, d3.loss_map_pts: 0.5255, d3.loss_map_dir: 0.0016, d4.loss_map_cls: 0.1401, d4.loss_map_pts: 0.5182, d4.loss_map_dir: 0.0016, d5.loss_map_cls: 0.1418, d5.loss_map_pts: 0.5155, d5.loss_map_dir: 0.0016, d6.loss_map_cls: 0.1425, d6.loss_map_pts: 0.5142, d6.loss_map_dir: 0.0016, d7.loss_map_cls: 0.1432, d7.loss_map_pts: 0.5132, d7.loss_map_dir: 0.0016, loss: 57.8768, grad_norm: 438.1705
2026-05-25 17:47:40,521 - DriveTransformer - INFO - Iter [12400/12870]	lr: 3.980e-07, eta: 0:08:16, time: 1.038, data_time: 0.068, memory: 21577, loss_cls: 0.5245, loss_bbox: 0.5037, loss_traj: 0.9671, loss_traj_cls: 0.0002, loss_map_cls: 0.2460, loss_map_pts: 0.8091, loss_map_dir: 0.0062, d0.loss_plan_l1_fix_time: 1.4343, d0.loss_plan_l1_fix_dist: 0.2190, d1.loss_plan_l1_fix_time: 1.2442, d1.loss_plan_l1_fix_dist: 0.2005, d2.loss_plan_l1_fix_time: 1.2377, d2.loss_plan_l1_fix_dist: 0.2010, d3.loss_plan_l1_fix_time: 1.2395, d3.loss_plan_l1_fix_dist: 0.2027, d4.loss_plan_l1_fix_time: 1.2425, d4.loss_plan_l1_fix_dist: 0.2065, d5.loss_plan_l1_fix_time: 1.2465, d5.loss_plan_l1_fix_dist: 0.2118, d6.loss_plan_l1_fix_time: 1.2501, d6.loss_plan_l1_fix_dist: 0.2172, d7.loss_plan_l1_fix_time: 1.2544, d7.loss_plan_l1_fix_dist: 0.2240, d8.loss_plan_l1_fix_time: 1.2583, d8.loss_plan_l1_fix_dist: 0.2316, d0.loss_cls_all: 0.5381, d0.loss_bbox_all: 0.6102, d0.loss_cls: 0.5381, d0.loss_bbox: 0.6102, d1.loss_cls: 0.5213, d1.loss_bbox: 0.5699, d2.loss_cls: 0.5210, d2.loss_bbox: 0.5386, d3.loss_cls: 0.5196, d3.loss_bbox: 0.5289, d4.loss_cls: 0.5208, d4.loss_bbox: 0.5192, d5.loss_cls: 0.5208, d5.loss_bbox: 0.5133, d6.loss_cls: 0.5216, d6.loss_bbox: 0.5096, d7.loss_cls: 0.5243, d7.loss_bbox: 0.5058, d0.loss_traj_cls: 0.0002, d0.loss_traj: 1.2061, d1.loss_traj_cls: 0.0002, d1.loss_traj: 1.0149, d2.loss_traj_cls: 0.0002, d2.loss_traj: 0.9773, d3.loss_traj_cls: 0.0002, d3.loss_traj: 0.9715, d4.loss_traj_cls: 0.0002, d4.loss_traj: 0.9616, d5.loss_traj_cls: 0.0002, d5.loss_traj: 0.9578, d6.loss_traj_cls: 0.0002, d6.loss_traj: 0.9521, d7.loss_traj_cls: 0.0002, d7.loss_traj: 0.9547, d0.loss_map_cls_all: 0.3271, d0.loss_map_pts_all: 1.2232, d0.loss_map_dir_all: 0.0036, d0.loss_map_cls: 0.3271, d0.loss_map_pts: 1.2232, d0.loss_map_dir: 0.0036, d1.loss_map_cls: 0.2617, d1.loss_map_pts: 0.9506, d1.loss_map_dir: 0.0046, d2.loss_map_cls: 0.2410, d2.loss_map_pts: 0.8669, d2.loss_map_dir: 0.0053, d3.loss_map_cls: 0.2380, d3.loss_map_pts: 0.8363, d3.loss_map_dir: 0.0056, d4.loss_map_cls: 0.2372, d4.loss_map_pts: 0.8243, d4.loss_map_dir: 0.0058, d5.loss_map_cls: 0.2403, d5.loss_map_pts: 0.8174, d5.loss_map_dir: 0.0060, d6.loss_map_cls: 0.2437, d6.loss_map_pts: 0.8130, d6.loss_map_dir: 0.0060, d7.loss_map_cls: 0.2451, d7.loss_map_pts: 0.8106, d7.loss_map_dir: 0.0061, loss: 44.7807, grad_norm: 6756.3886
2026-05-25 17:48:22,563 - DriveTransformer - INFO - Saving checkpoint at 12441 iterations
2026-05-25 17:48:41,044 - DriveTransformer - INFO - Iter [12450/12870]	lr: 3.783e-07, eta: 0:07:24, time: 1.210, data_time: 0.069, memory: 21577, loss_cls: 0.4759, loss_bbox: 0.3962, loss_traj: 1.7487, loss_traj_cls: 0.0002, loss_map_cls: 0.0139, loss_map_pts: 0.2292, loss_map_dir: 0.0003, d0.loss_plan_l1_fix_time: 2.2156, d0.loss_plan_l1_fix_dist: 0.1959, d1.loss_plan_l1_fix_time: 2.0848, d1.loss_plan_l1_fix_dist: 0.1912, d2.loss_plan_l1_fix_time: 2.0983, d2.loss_plan_l1_fix_dist: 0.1921, d3.loss_plan_l1_fix_time: 2.1061, d3.loss_plan_l1_fix_dist: 0.1924, d4.loss_plan_l1_fix_time: 2.1108, d4.loss_plan_l1_fix_dist: 0.1953, d5.loss_plan_l1_fix_time: 2.1138, d5.loss_plan_l1_fix_dist: 0.1986, d6.loss_plan_l1_fix_time: 2.1173, d6.loss_plan_l1_fix_dist: 0.2024, d7.loss_plan_l1_fix_time: 2.1211, d7.loss_plan_l1_fix_dist: 0.2075, d8.loss_plan_l1_fix_time: 2.1248, d8.loss_plan_l1_fix_dist: 0.2125, d0.loss_cls_all: 0.5105, d0.loss_bbox_all: 0.5415, d0.loss_cls: 0.5105, d0.loss_bbox: 0.5415, d1.loss_cls: 0.4827, d1.loss_bbox: 0.4663, d2.loss_cls: 0.4730, d2.loss_bbox: 0.4276, d3.loss_cls: 0.4704, d3.loss_bbox: 0.4135, d4.loss_cls: 0.4719, d4.loss_bbox: 0.4046, d5.loss_cls: 0.4727, d5.loss_bbox: 0.4024, d6.loss_cls: 0.4743, d6.loss_bbox: 0.3999, d7.loss_cls: 0.4747, d7.loss_bbox: 0.3971, d0.loss_traj_cls: 0.0002, d0.loss_traj: 2.1802, d1.loss_traj_cls: 0.0002, d1.loss_traj: 1.8158, d2.loss_traj_cls: 0.0002, d2.loss_traj: 1.7455, d3.loss_traj_cls: 0.0002, d3.loss_traj: 1.7378, d4.loss_traj_cls: 0.0002, d4.loss_traj: 1.7531, d5.loss_traj_cls: 0.0002, d5.loss_traj: 1.7443, d6.loss_traj_cls: 0.0002, d6.loss_traj: 1.7581, d7.loss_traj_cls: 0.0002, d7.loss_traj: 1.7522, d0.loss_map_cls_all: 0.0878, d0.loss_map_pts_all: 0.5557, d0.loss_map_dir_all: 0.0004, d0.loss_map_cls: 0.0878, d0.loss_map_pts: 0.5557, d0.loss_map_dir: 0.0004, d1.loss_map_cls: 0.0372, d1.loss_map_pts: 0.2921, d1.loss_map_dir: 0.0003, d2.loss_map_cls: 0.0171, d2.loss_map_pts: 0.2447, d2.loss_map_dir: 0.0003, d3.loss_map_cls: 0.0131, d3.loss_map_pts: 0.2301, d3.loss_map_dir: 0.0003, d4.loss_map_cls: 0.0140, d4.loss_map_pts: 0.2255, d4.loss_map_dir: 0.0003, d5.loss_map_cls: 0.0145, d5.loss_map_pts: 0.2255, d5.loss_map_dir: 0.0003, d6.loss_map_cls: 0.0141, d6.loss_map_pts: 0.2260, d6.loss_map_dir: 0.0003, d7.loss_map_cls: 0.0142, d7.loss_map_pts: 0.2278, d7.loss_map_dir: 0.0003, loss: 49.6546, grad_norm: 277.9900
2026-05-25 17:49:30,550 - DriveTransformer - INFO - Iter [12500/12870]	lr: 3.609e-07, eta: 0:06:31, time: 0.990, data_time: 0.067, memory: 21577, loss_cls: 0.5330, loss_bbox: 0.5514, loss_traj: 1.6195, loss_traj_cls: 0.0003, loss_map_cls: 0.0937, loss_map_pts: 0.6295, loss_map_dir: 0.0011, d0.loss_plan_l1_fix_time: 2.5400, d0.loss_plan_l1_fix_dist: 0.4049, d1.loss_plan_l1_fix_time: 2.2455, d1.loss_plan_l1_fix_dist: 0.3904, d2.loss_plan_l1_fix_time: 2.2242, d2.loss_plan_l1_fix_dist: 0.3852, d3.loss_plan_l1_fix_time: 2.2199, d3.loss_plan_l1_fix_dist: 0.3837, d4.loss_plan_l1_fix_time: 2.2196, d4.loss_plan_l1_fix_dist: 0.3849, d5.loss_plan_l1_fix_time: 2.2212, d5.loss_plan_l1_fix_dist: 0.3861, d6.loss_plan_l1_fix_time: 2.2228, d6.loss_plan_l1_fix_dist: 0.3879, d7.loss_plan_l1_fix_time: 2.2245, d7.loss_plan_l1_fix_dist: 0.3897, d8.loss_plan_l1_fix_time: 2.2264, d8.loss_plan_l1_fix_dist: 0.3920, d0.loss_cls_all: 0.5522, d0.loss_bbox_all: 0.6321, d0.loss_cls: 0.5522, d0.loss_bbox: 0.6321, d1.loss_cls: 0.5380, d1.loss_bbox: 0.6004, d2.loss_cls: 0.5320, d2.loss_bbox: 0.5747, d3.loss_cls: 0.5306, d3.loss_bbox: 0.5658, d4.loss_cls: 0.5320, d4.loss_bbox: 0.5579, d5.loss_cls: 0.5329, d5.loss_bbox: 0.5535, d6.loss_cls: 0.5324, d6.loss_bbox: 0.5508, d7.loss_cls: 0.5330, d7.loss_bbox: 0.5507, d0.loss_traj_cls: 0.0003, d0.loss_traj: 1.6644, d1.loss_traj_cls: 0.0003, d1.loss_traj: 1.6019, d2.loss_traj_cls: 0.0003, d2.loss_traj: 1.6243, d3.loss_traj_cls: 0.0003, d3.loss_traj: 1.6054, d4.loss_traj_cls: 0.0003, d4.loss_traj: 1.6061, d5.loss_traj_cls: 0.0003, d5.loss_traj: 1.6069, d6.loss_traj_cls: 0.0003, d6.loss_traj: 1.6041, d7.loss_traj_cls: 0.0003, d7.loss_traj: 1.6118, d0.loss_map_cls_all: 0.1731, d0.loss_map_pts_all: 0.9690, d0.loss_map_dir_all: 0.0010, d0.loss_map_cls: 0.1731, d0.loss_map_pts: 0.9690, d0.loss_map_dir: 0.0010, d1.loss_map_cls: 0.1253, d1.loss_map_pts: 0.6937, d1.loss_map_dir: 0.0010, d2.loss_map_cls: 0.1018, d2.loss_map_pts: 0.6469, d2.loss_map_dir: 0.0010, d3.loss_map_cls: 0.0932, d3.loss_map_pts: 0.6345, d3.loss_map_dir: 0.0010, d4.loss_map_cls: 0.0923, d4.loss_map_pts: 0.6310, d4.loss_map_dir: 0.0010, d5.loss_map_cls: 0.0931, d5.loss_map_pts: 0.6289, d5.loss_map_dir: 0.0011, d6.loss_map_cls: 0.0922, d6.loss_map_pts: 0.6296, d6.loss_map_dir: 0.0011, d7.loss_map_cls: 0.0930, d7.loss_map_pts: 0.6295, d7.loss_map_dir: 0.0011, loss: 57.7364, grad_norm: 607.0740
2026-05-25 17:50:23,350 - DriveTransformer - INFO - Iter [12550/12870]	lr: 3.456e-07, eta: 0:05:38, time: 1.056, data_time: 0.074, memory: 21577, loss_cls: 0.6636, loss_bbox: 0.5550, loss_traj: 0.9980, loss_traj_cls: 0.0003, loss_map_cls: 0.0899, loss_map_pts: 0.8211, loss_map_dir: 0.0018, d0.loss_plan_l1_fix_time: 2.3586, d0.loss_plan_l1_fix_dist: 0.2139, d1.loss_plan_l1_fix_time: 1.6059, d1.loss_plan_l1_fix_dist: 0.2069, d2.loss_plan_l1_fix_time: 1.5708, d2.loss_plan_l1_fix_dist: 0.2112, d3.loss_plan_l1_fix_time: 1.5753, d3.loss_plan_l1_fix_dist: 0.2171, d4.loss_plan_l1_fix_time: 1.5805, d4.loss_plan_l1_fix_dist: 0.2226, d5.loss_plan_l1_fix_time: 1.5850, d5.loss_plan_l1_fix_dist: 0.2263, d6.loss_plan_l1_fix_time: 1.5884, d6.loss_plan_l1_fix_dist: 0.2305, d7.loss_plan_l1_fix_time: 1.5910, d7.loss_plan_l1_fix_dist: 0.2349, d8.loss_plan_l1_fix_time: 1.5940, d8.loss_plan_l1_fix_dist: 0.2392, d0.loss_cls_all: 0.6979, d0.loss_bbox_all: 0.6358, d0.loss_cls: 0.6979, d0.loss_bbox: 0.6358, d1.loss_cls: 0.6651, d1.loss_bbox: 0.6057, d2.loss_cls: 0.6609, d2.loss_bbox: 0.5799, d3.loss_cls: 0.6587, d3.loss_bbox: 0.5649, d4.loss_cls: 0.6596, d4.loss_bbox: 0.5569, d5.loss_cls: 0.6606, d5.loss_bbox: 0.5524, d6.loss_cls: 0.6640, d6.loss_bbox: 0.5496, d7.loss_cls: 0.6628, d7.loss_bbox: 0.5528, d0.loss_traj_cls: 0.0003, d0.loss_traj: 1.1037, d1.loss_traj_cls: 0.0003, d1.loss_traj: 0.9805, d2.loss_traj_cls: 0.0003, d2.loss_traj: 0.9431, d3.loss_traj_cls: 0.0003, d3.loss_traj: 0.9426, d4.loss_traj_cls: 0.0003, d4.loss_traj: 0.9461, d5.loss_traj_cls: 0.0003, d5.loss_traj: 0.9701, d6.loss_traj_cls: 0.0003, d6.loss_traj: 0.9692, d7.loss_traj_cls: 0.0003, d7.loss_traj: 0.9808, d0.loss_map_cls_all: 0.2056, d0.loss_map_pts_all: 1.2158, d0.loss_map_dir_all: 0.0018, d0.loss_map_cls: 0.2056, d0.loss_map_pts: 1.2158, d0.loss_map_dir: 0.0018, d1.loss_map_cls: 0.1285, d1.loss_map_pts: 0.9605, d1.loss_map_dir: 0.0017, d2.loss_map_cls: 0.1025, d2.loss_map_pts: 0.8448, d2.loss_map_dir: 0.0017, d3.loss_map_cls: 0.0906, d3.loss_map_pts: 0.8260, d3.loss_map_dir: 0.0018, d4.loss_map_cls: 0.0887, d4.loss_map_pts: 0.8208, d4.loss_map_dir: 0.0018, d5.loss_map_cls: 0.0885, d5.loss_map_pts: 0.8200, d5.loss_map_dir: 0.0018, d6.loss_map_cls: 0.0887, d6.loss_map_pts: 0.8201, d6.loss_map_dir: 0.0018, d7.loss_map_cls: 0.0893, d7.loss_map_pts: 0.8202, d7.loss_map_dir: 0.0018, loss: 48.7295, grad_norm: 2683.1199
2026-05-25 17:51:16,395 - DriveTransformer - INFO - Iter [12600/12870]	lr: 3.325e-07, eta: 0:04:45, time: 1.061, data_time: 0.081, memory: 21577, loss_cls: 0.6971, loss_bbox: 0.5597, loss_traj: 0.8776, loss_traj_cls: 0.0002, loss_map_cls: 0.0536, loss_map_pts: 0.8569, loss_map_dir: 0.0019, d0.loss_plan_l1_fix_time: 2.1859, d0.loss_plan_l1_fix_dist: 0.1952, d1.loss_plan_l1_fix_time: 2.1438, d1.loss_plan_l1_fix_dist: 0.1820, d2.loss_plan_l1_fix_time: 2.1463, d2.loss_plan_l1_fix_dist: 0.1837, d3.loss_plan_l1_fix_time: 2.1481, d3.loss_plan_l1_fix_dist: 0.1914, d4.loss_plan_l1_fix_time: 2.1495, d4.loss_plan_l1_fix_dist: 0.1981, d5.loss_plan_l1_fix_time: 2.1513, d5.loss_plan_l1_fix_dist: 0.2021, d6.loss_plan_l1_fix_time: 2.1533, d6.loss_plan_l1_fix_dist: 0.2070, d7.loss_plan_l1_fix_time: 2.1554, d7.loss_plan_l1_fix_dist: 0.2116, d8.loss_plan_l1_fix_time: 2.1576, d8.loss_plan_l1_fix_dist: 0.2153, d0.loss_cls_all: 0.7462, d0.loss_bbox_all: 0.6443, d0.loss_cls: 0.7462, d0.loss_bbox: 0.6443, d1.loss_cls: 0.6974, d1.loss_bbox: 0.6035, d2.loss_cls: 0.6959, d2.loss_bbox: 0.5831, d3.loss_cls: 0.6910, d3.loss_bbox: 0.5732, d4.loss_cls: 0.6916, d4.loss_bbox: 0.5648, d5.loss_cls: 0.6900, d5.loss_bbox: 0.5633, d6.loss_cls: 0.6943, d6.loss_bbox: 0.5600, d7.loss_cls: 0.6960, d7.loss_bbox: 0.5592, d0.loss_traj_cls: 0.0002, d0.loss_traj: 1.2578, d1.loss_traj_cls: 0.0002, d1.loss_traj: 1.0301, d2.loss_traj_cls: 0.0002, d2.loss_traj: 0.9139, d3.loss_traj_cls: 0.0002, d3.loss_traj: 0.8944, d4.loss_traj_cls: 0.0002, d4.loss_traj: 0.8753, d5.loss_traj_cls: 0.0002, d5.loss_traj: 0.8865, d6.loss_traj_cls: 0.0002, d6.loss_traj: 0.8937, d7.loss_traj_cls: 0.0002, d7.loss_traj: 0.8843, d0.loss_map_cls_all: 0.1571, d0.loss_map_pts_all: 1.1860, d0.loss_map_dir_all: 0.0018, d0.loss_map_cls: 0.1571, d0.loss_map_pts: 1.1860, d0.loss_map_dir: 0.0018, d1.loss_map_cls: 0.0726, d1.loss_map_pts: 0.9653, d1.loss_map_dir: 0.0018, d2.loss_map_cls: 0.0553, d2.loss_map_pts: 0.8943, d2.loss_map_dir: 0.0018, d3.loss_map_cls: 0.0535, d3.loss_map_pts: 0.8699, d3.loss_map_dir: 0.0018, d4.loss_map_cls: 0.0522, d4.loss_map_pts: 0.8648, d4.loss_map_dir: 0.0018, d5.loss_map_cls: 0.0531, d5.loss_map_pts: 0.8603, d5.loss_map_dir: 0.0018, d6.loss_map_cls: 0.0532, d6.loss_map_pts: 0.8590, d6.loss_map_dir: 0.0018, d7.loss_map_cls: 0.0533, d7.loss_map_pts: 0.8577, d7.loss_map_dir: 0.0019, loss: 52.7734, grad_norm: 2012.1454
2026-05-25 17:52:08,071 - DriveTransformer - INFO - Iter [12650/12870]	lr: 3.216e-07, eta: 0:03:52, time: 1.033, data_time: 0.074, memory: 21577, loss_cls: 0.6466, loss_bbox: 0.5329, loss_traj: 1.3093, loss_traj_cls: 0.0002, loss_map_cls: 0.0315, loss_map_pts: 0.3071, loss_map_dir: 0.0019, d0.loss_plan_l1_fix_time: 3.3897, d0.loss_plan_l1_fix_dist: 0.1387, d1.loss_plan_l1_fix_time: 3.4260, d1.loss_plan_l1_fix_dist: 0.1212, d2.loss_plan_l1_fix_time: 3.4289, d2.loss_plan_l1_fix_dist: 0.1208, d3.loss_plan_l1_fix_time: 3.4348, d3.loss_plan_l1_fix_dist: 0.1236, d4.loss_plan_l1_fix_time: 3.4388, d4.loss_plan_l1_fix_dist: 0.1277, d5.loss_plan_l1_fix_time: 3.4413, d5.loss_plan_l1_fix_dist: 0.1310, d6.loss_plan_l1_fix_time: 3.4442, d6.loss_plan_l1_fix_dist: 0.1350, d7.loss_plan_l1_fix_time: 3.4468, d7.loss_plan_l1_fix_dist: 0.1392, d8.loss_plan_l1_fix_time: 3.4495, d8.loss_plan_l1_fix_dist: 0.1437, d0.loss_cls_all: 0.6569, d0.loss_bbox_all: 0.6751, d0.loss_cls: 0.6569, d0.loss_bbox: 0.6751, d1.loss_cls: 0.6336, d1.loss_bbox: 0.6065, d2.loss_cls: 0.6341, d2.loss_bbox: 0.5688, d3.loss_cls: 0.6372, d3.loss_bbox: 0.5550, d4.loss_cls: 0.6398, d4.loss_bbox: 0.5437, d5.loss_cls: 0.6441, d5.loss_bbox: 0.5359, d6.loss_cls: 0.6448, d6.loss_bbox: 0.5352, d7.loss_cls: 0.6455, d7.loss_bbox: 0.5347, d0.loss_traj_cls: 0.0002, d0.loss_traj: 2.1267, d1.loss_traj_cls: 0.0002, d1.loss_traj: 1.5795, d2.loss_traj_cls: 0.0002, d2.loss_traj: 1.4045, d3.loss_traj_cls: 0.0002, d3.loss_traj: 1.3663, d4.loss_traj_cls: 0.0002, d4.loss_traj: 1.3285, d5.loss_traj_cls: 0.0002, d5.loss_traj: 1.3137, d6.loss_traj_cls: 0.0002, d6.loss_traj: 1.3247, d7.loss_traj_cls: 0.0002, d7.loss_traj: 1.3087, d0.loss_map_cls_all: 0.1323, d0.loss_map_pts_all: 0.5757, d0.loss_map_dir_all: 0.0020, d0.loss_map_cls: 0.1323, d0.loss_map_pts: 0.5757, d0.loss_map_dir: 0.0020, d1.loss_map_cls: 0.0641, d1.loss_map_pts: 0.3792, d1.loss_map_dir: 0.0019, d2.loss_map_cls: 0.0390, d2.loss_map_pts: 0.3234, d2.loss_map_dir: 0.0019, d3.loss_map_cls: 0.0339, d3.loss_map_pts: 0.3115, d3.loss_map_dir: 0.0019, d4.loss_map_cls: 0.0329, d4.loss_map_pts: 0.3088, d4.loss_map_dir: 0.0019, d5.loss_map_cls: 0.0327, d5.loss_map_pts: 0.3084, d5.loss_map_dir: 0.0019, d6.loss_map_cls: 0.0321, d6.loss_map_pts: 0.3081, d6.loss_map_dir: 0.0019, d7.loss_map_cls: 0.0321, d7.loss_map_pts: 0.3073, d7.loss_map_dir: 0.0019, loss: 61.6340, grad_norm: 3957.8881
2026-05-25 17:52:55,775 - DriveTransformer - INFO - Iter [12700/12870]	lr: 3.129e-07, eta: 0:02:59, time: 0.954, data_time: 0.069, memory: 21577, loss_cls: 0.6791, loss_bbox: 0.5733, loss_traj: 1.9717, loss_traj_cls: 0.0002, loss_map_cls: 0.1139, loss_map_pts: 0.8416, loss_map_dir: 0.0017, d0.loss_plan_l1_fix_time: 2.8533, d0.loss_plan_l1_fix_dist: 0.2660, d1.loss_plan_l1_fix_time: 2.6146, d1.loss_plan_l1_fix_dist: 0.2395, d2.loss_plan_l1_fix_time: 2.6138, d2.loss_plan_l1_fix_dist: 0.2335, d3.loss_plan_l1_fix_time: 2.6216, d3.loss_plan_l1_fix_dist: 0.2321, d4.loss_plan_l1_fix_time: 2.6277, d4.loss_plan_l1_fix_dist: 0.2333, d5.loss_plan_l1_fix_time: 2.6324, d5.loss_plan_l1_fix_dist: 0.2352, d6.loss_plan_l1_fix_time: 2.6368, d6.loss_plan_l1_fix_dist: 0.2381, d7.loss_plan_l1_fix_time: 2.6405, d7.loss_plan_l1_fix_dist: 0.2414, d8.loss_plan_l1_fix_time: 2.6444, d8.loss_plan_l1_fix_dist: 0.2450, d0.loss_cls_all: 0.6789, d0.loss_bbox_all: 0.6623, d0.loss_cls: 0.6789, d0.loss_bbox: 0.6623, d1.loss_cls: 0.6581, d1.loss_bbox: 0.6303, d2.loss_cls: 0.6656, d2.loss_bbox: 0.6038, d3.loss_cls: 0.6709, d3.loss_bbox: 0.5912, d4.loss_cls: 0.6742, d4.loss_bbox: 0.5851, d5.loss_cls: 0.6762, d5.loss_bbox: 0.5759, d6.loss_cls: 0.6780, d6.loss_bbox: 0.5731, d7.loss_cls: 0.6776, d7.loss_bbox: 0.5741, d0.loss_traj_cls: 0.0002, d0.loss_traj: 2.2046, d1.loss_traj_cls: 0.0002, d1.loss_traj: 1.9403, d2.loss_traj_cls: 0.0002, d2.loss_traj: 1.9075, d3.loss_traj_cls: 0.0002, d3.loss_traj: 1.9092, d4.loss_traj_cls: 0.0002, d4.loss_traj: 1.8920, d5.loss_traj_cls: 0.0002, d5.loss_traj: 1.9010, d6.loss_traj_cls: 0.0002, d6.loss_traj: 1.9270, d7.loss_traj_cls: 0.0002, d7.loss_traj: 1.9427, d0.loss_map_cls_all: 0.2126, d0.loss_map_pts_all: 0.9112, d0.loss_map_dir_all: 0.0017, d0.loss_map_cls: 0.2126, d0.loss_map_pts: 0.9112, d0.loss_map_dir: 0.0017, d1.loss_map_cls: 0.1703, d1.loss_map_pts: 0.8703, d1.loss_map_dir: 0.0017, d2.loss_map_cls: 0.1426, d2.loss_map_pts: 0.8675, d2.loss_map_dir: 0.0017, d3.loss_map_cls: 0.1298, d3.loss_map_pts: 0.8552, d3.loss_map_dir: 0.0017, d4.loss_map_cls: 0.1168, d4.loss_map_pts: 0.8543, d4.loss_map_dir: 0.0017, d5.loss_map_cls: 0.1130, d5.loss_map_pts: 0.8504, d5.loss_map_dir: 0.0017, d6.loss_map_cls: 0.1135, d6.loss_map_pts: 0.8457, d6.loss_map_dir: 0.0017, d7.loss_map_cls: 0.1140, d7.loss_map_pts: 0.8427, d7.loss_map_dir: 0.0017, loss: 66.5222, grad_norm: 3434.6583
2026-05-25 17:53:45,520 - DriveTransformer - INFO - Iter [12750/12870]	lr: 3.065e-07, eta: 0:02:06, time: 0.995, data_time: 0.068, memory: 21577, loss_cls: 0.6980, loss_bbox: 0.4423, loss_traj: 1.5016, loss_traj_cls: 0.0003, loss_map_cls: 0.0678, loss_map_pts: 0.5514, loss_map_dir: 0.0041, d0.loss_plan_l1_fix_time: 1.6186, d0.loss_plan_l1_fix_dist: 0.1148, d1.loss_plan_l1_fix_time: 0.7710, d1.loss_plan_l1_fix_dist: 0.1062, d2.loss_plan_l1_fix_time: 0.7204, d2.loss_plan_l1_fix_dist: 0.1103, d3.loss_plan_l1_fix_time: 0.7172, d3.loss_plan_l1_fix_dist: 0.1139, d4.loss_plan_l1_fix_time: 0.7196, d4.loss_plan_l1_fix_dist: 0.1166, d5.loss_plan_l1_fix_time: 0.7220, d5.loss_plan_l1_fix_dist: 0.1194, d6.loss_plan_l1_fix_time: 0.7252, d6.loss_plan_l1_fix_dist: 0.1235, d7.loss_plan_l1_fix_time: 0.7287, d7.loss_plan_l1_fix_dist: 0.1277, d8.loss_plan_l1_fix_time: 0.7326, d8.loss_plan_l1_fix_dist: 0.1327, d0.loss_cls_all: 0.7394, d0.loss_bbox_all: 0.5478, d0.loss_cls: 0.7394, d0.loss_bbox: 0.5478, d1.loss_cls: 0.6881, d1.loss_bbox: 0.4995, d2.loss_cls: 0.6897, d2.loss_bbox: 0.4701, d3.loss_cls: 0.6905, d3.loss_bbox: 0.4519, d4.loss_cls: 0.6937, d4.loss_bbox: 0.4486, d5.loss_cls: 0.6932, d5.loss_bbox: 0.4478, d6.loss_cls: 0.6961, d6.loss_bbox: 0.4435, d7.loss_cls: 0.6966, d7.loss_bbox: 0.4447, d0.loss_traj_cls: 0.0002, d0.loss_traj: 1.5431, d1.loss_traj_cls: 0.0002, d1.loss_traj: 1.4224, d2.loss_traj_cls: 0.0002, d2.loss_traj: 1.4108, d3.loss_traj_cls: 0.0002, d3.loss_traj: 1.4175, d4.loss_traj_cls: 0.0002, d4.loss_traj: 1.4142, d5.loss_traj_cls: 0.0002, d5.loss_traj: 1.4341, d6.loss_traj_cls: 0.0002, d6.loss_traj: 1.4494, d7.loss_traj_cls: 0.0002, d7.loss_traj: 1.4815, d0.loss_map_cls_all: 0.1631, d0.loss_map_pts_all: 0.8302, d0.loss_map_dir_all: 0.0036, d0.loss_map_cls: 0.1631, d0.loss_map_pts: 0.8302, d0.loss_map_dir: 0.0036, d1.loss_map_cls: 0.0970, d1.loss_map_pts: 0.6558, d1.loss_map_dir: 0.0040, d2.loss_map_cls: 0.0710, d2.loss_map_pts: 0.5831, d2.loss_map_dir: 0.0040, d3.loss_map_cls: 0.0655, d3.loss_map_pts: 0.5637, d3.loss_map_dir: 0.0041, d4.loss_map_cls: 0.0656, d4.loss_map_pts: 0.5576, d4.loss_map_dir: 0.0040, d5.loss_map_cls: 0.0666, d5.loss_map_pts: 0.5551, d5.loss_map_dir: 0.0040, d6.loss_map_cls: 0.0669, d6.loss_map_pts: 0.5542, d6.loss_map_dir: 0.0040, d7.loss_map_cls: 0.0681, d7.loss_map_pts: 0.5518, d7.loss_map_dir: 0.0041, loss: 40.5332, grad_norm: 5099.1038
2026-05-25 17:54:39,337 - DriveTransformer - INFO - Iter [12800/12870]	lr: 3.022e-07, eta: 0:01:13, time: 1.076, data_time: 0.074, memory: 21577, loss_cls: 0.5946, loss_bbox: 0.5539, loss_traj: 3.4476, loss_traj_cls: 0.0002, loss_map_cls: 0.1613, loss_map_pts: 0.6363, loss_map_dir: 0.0049, d0.loss_plan_l1_fix_time: 3.1642, d0.loss_plan_l1_fix_dist: 0.2823, d1.loss_plan_l1_fix_time: 2.7732, d1.loss_plan_l1_fix_dist: 0.2717, d2.loss_plan_l1_fix_time: 2.7323, d2.loss_plan_l1_fix_dist: 0.2673, d3.loss_plan_l1_fix_time: 2.7254, d3.loss_plan_l1_fix_dist: 0.2645, d4.loss_plan_l1_fix_time: 2.7248, d4.loss_plan_l1_fix_dist: 0.2651, d5.loss_plan_l1_fix_time: 2.7262, d5.loss_plan_l1_fix_dist: 0.2677, d6.loss_plan_l1_fix_time: 2.7278, d6.loss_plan_l1_fix_dist: 0.2699, d7.loss_plan_l1_fix_time: 2.7298, d7.loss_plan_l1_fix_dist: 0.2730, d8.loss_plan_l1_fix_time: 2.7320, d8.loss_plan_l1_fix_dist: 0.2771, d0.loss_cls_all: 0.6237, d0.loss_bbox_all: 0.6976, d0.loss_cls: 0.6237, d0.loss_bbox: 0.6976, d1.loss_cls: 0.5921, d1.loss_bbox: 0.6166, d2.loss_cls: 0.5938, d2.loss_bbox: 0.5844, d3.loss_cls: 0.5878, d3.loss_bbox: 0.5748, d4.loss_cls: 0.5910, d4.loss_bbox: 0.5653, d5.loss_cls: 0.5921, d5.loss_bbox: 0.5581, d6.loss_cls: 0.5907, d6.loss_bbox: 0.5558, d7.loss_cls: 0.5931, d7.loss_bbox: 0.5524, d0.loss_traj_cls: 0.0002, d0.loss_traj: 4.0235, d1.loss_traj_cls: 0.0002, d1.loss_traj: 3.5826, d2.loss_traj_cls: 0.0002, d2.loss_traj: 3.5162, d3.loss_traj_cls: 0.0002, d3.loss_traj: 3.4796, d4.loss_traj_cls: 0.0002, d4.loss_traj: 3.4793, d5.loss_traj_cls: 0.0002, d5.loss_traj: 3.4600, d6.loss_traj_cls: 0.0002, d6.loss_traj: 3.4491, d7.loss_traj_cls: 0.0002, d7.loss_traj: 3.4384, d0.loss_map_cls_all: 0.2366, d0.loss_map_pts_all: 1.0092, d0.loss_map_dir_all: 0.0050, d0.loss_map_cls: 0.2366, d0.loss_map_pts: 1.0092, d0.loss_map_dir: 0.0050, d1.loss_map_cls: 0.1798, d1.loss_map_pts: 0.7419, d1.loss_map_dir: 0.0049, d2.loss_map_cls: 0.1618, d2.loss_map_pts: 0.6769, d2.loss_map_dir: 0.0049, d3.loss_map_cls: 0.1572, d3.loss_map_pts: 0.6528, d3.loss_map_dir: 0.0049, d4.loss_map_cls: 0.1559, d4.loss_map_pts: 0.6461, d4.loss_map_dir: 0.0049, d5.loss_map_cls: 0.1582, d5.loss_map_pts: 0.6429, d5.loss_map_dir: 0.0049, d6.loss_map_cls: 0.1586, d6.loss_map_pts: 0.6403, d6.loss_map_dir: 0.0049, d7.loss_map_cls: 0.1606, d7.loss_map_pts: 0.6380, d7.loss_map_dir: 0.0049, loss: 80.4010, grad_norm: 2553.7298
2026-05-25 17:55:33,186 - DriveTransformer - INFO - Iter [12850/12870]	lr: 3.002e-07, eta: 0:00:21, time: 1.077, data_time: 0.072, memory: 21577, loss_cls: 0.4991, loss_bbox: 0.5963, loss_traj: 1.1862, loss_traj_cls: 0.0002, loss_map_cls: 0.1216, loss_map_pts: 0.4388, loss_map_dir: 0.0008, d0.loss_plan_l1_fix_time: 3.2598, d0.loss_plan_l1_fix_dist: 0.4963, d1.loss_plan_l1_fix_time: 3.0633, d1.loss_plan_l1_fix_dist: 0.4667, d2.loss_plan_l1_fix_time: 3.0478, d2.loss_plan_l1_fix_dist: 0.4556, d3.loss_plan_l1_fix_time: 3.0459, d3.loss_plan_l1_fix_dist: 0.4501, d4.loss_plan_l1_fix_time: 3.0464, d4.loss_plan_l1_fix_dist: 0.4477, d5.loss_plan_l1_fix_time: 3.0481, d5.loss_plan_l1_fix_dist: 0.4496, d6.loss_plan_l1_fix_time: 3.0499, d6.loss_plan_l1_fix_dist: 0.4506, d7.loss_plan_l1_fix_time: 3.0526, d7.loss_plan_l1_fix_dist: 0.4535, d8.loss_plan_l1_fix_time: 3.0555, d8.loss_plan_l1_fix_dist: 0.4578, d0.loss_cls_all: 0.5473, d0.loss_bbox_all: 0.6955, d0.loss_cls: 0.5473, d0.loss_bbox: 0.6955, d1.loss_cls: 0.5143, d1.loss_bbox: 0.6606, d2.loss_cls: 0.5043, d2.loss_bbox: 0.6331, d3.loss_cls: 0.5013, d3.loss_bbox: 0.6217, d4.loss_cls: 0.5014, d4.loss_bbox: 0.6125, d5.loss_cls: 0.5009, d5.loss_bbox: 0.6035, d6.loss_cls: 0.5002, d6.loss_bbox: 0.5986, d7.loss_cls: 0.4988, d7.loss_bbox: 0.5978, d0.loss_traj_cls: 0.0002, d0.loss_traj: 1.1681, d1.loss_traj_cls: 0.0002, d1.loss_traj: 1.1616, d2.loss_traj_cls: 0.0002, d2.loss_traj: 1.1578, d3.loss_traj_cls: 0.0002, d3.loss_traj: 1.1337, d4.loss_traj_cls: 0.0002, d4.loss_traj: 1.1482, d5.loss_traj_cls: 0.0002, d5.loss_traj: 1.1639, d6.loss_traj_cls: 0.0002, d6.loss_traj: 1.1740, d7.loss_traj_cls: 0.0002, d7.loss_traj: 1.1807, d0.loss_map_cls_all: 0.1666, d0.loss_map_pts_all: 0.9170, d0.loss_map_dir_all: 0.0009, d0.loss_map_cls: 0.1666, d0.loss_map_pts: 0.9170, d0.loss_map_dir: 0.0009, d1.loss_map_cls: 0.1296, d1.loss_map_pts: 0.5638, d1.loss_map_dir: 0.0008, d2.loss_map_cls: 0.1194, d2.loss_map_pts: 0.4778, d2.loss_map_dir: 0.0008, d3.loss_map_cls: 0.1172, d3.loss_map_pts: 0.4515, d3.loss_map_dir: 0.0008, d4.loss_map_cls: 0.1161, d4.loss_map_pts: 0.4443, d4.loss_map_dir: 0.0008, d5.loss_map_cls: 0.1177, d5.loss_map_pts: 0.4417, d5.loss_map_dir: 0.0007, d6.loss_map_cls: 0.1191, d6.loss_map_pts: 0.4401, d6.loss_map_dir: 0.0008, d7.loss_map_cls: 0.1209, d7.loss_map_pts: 0.4393, d7.loss_map_dir: 0.0008, loss: 60.5369, grad_norm: 266.3597
2026-05-25 17:55:54,761 - DriveTransformer - INFO - Saving checkpoint at 12870 iterations
